time,pm2_5,pm10
2026-07-18T00:00,94.5,167.2
2026-07-18T01:00,97.3,184.4
2026-07-18T02:00,103.6,201.2
2026-07-18T03:00,110.6,210.0
2026-07-18T04:00,118.0,211.4
2026-07-18T05:00,109.0,241.2
2026-07-18T06:00,109.4,218.4
2026-07-18T07:00,100.4,190.9
2026-07-18T08:00,89.4,207.7
2026-07-18T09:00,86.8,230.0
2026-07-18T10:00,84.3,247.7
2026-07-18T11:00,76.6,226.8
2026-07-18T12:00,69.2,192.8
2026-07-18T13:00,64.7,170.0
2026-07-18T14:00,61.5,150.4
2026-07-18T15:00,56.5,127.6
2026-07-18T16:00,52.4,109.7
2026-07-18T17:00,53.1,109.2
2026-07-18T18:00,61.9,109.4
2026-07-18T19:00,75.7,124.3
2026-07-18T20:00,80.8,129.0
2026-07-18T21:00,86.6,138.8
2026-07-18T22:00,95.2,149.0
2026-07-18T23:00,100.8,153.2
2026-07-19T00:00,98.7,139.7
2026-07-19T01:00,89.6,123.4
2026-07-19T02:00,83.6,114.3
2026-07-19T03:00,80.3,109.7
2026-07-19T04:00,78.7,110.1
2026-07-19T05:00,79.9,135.5
2026-07-19T06:00,76.8,126.7
2026-07-19T07:00,75.9,137.8
2026-07-19T08:00,82.2,179.3
2026-07-19T09:00,86.8,203.5
2026-07-19T10:00,89.4,212.3
2026-07-19T11:00,91.5,228.2
2026-07-19T12:00,91.3,228.6
2026-07-19T13:00,91.3,233.8
2026-07-19T14:00,92.0,236.6
2026-07-19T15:00,91.3,233.8
2026-07-19T16:00,91.3,229.6
2026-07-19T17:00,92.7,219.8
2026-07-19T18:00,96.2,190.9
2026-07-19T19:00,98.5,183.9
2026-07-19T20:00,98.0,174.6
2026-07-19T21:00,97.8,168.6
2026-07-19T22:00,96.9,163.9
2026-07-19T23:00,95.0,159.3
2026-07-20T00:00,92.0,154.6
2026-07-20T01:00,89.9,154.1
2026-07-20T02:00,83.4,144.8
2026-07-20T03:00,82.2,145.3
2026-07-20T04:00,83.4,161.1
2026-07-20T05:00,67.8,129.0
2026-07-20T06:00,69.8,126.2
2026-07-20T07:00,79.2,165.3
2026-07-20T08:00,86.8,195.1
2026-07-20T09:00,91.3,232.8
2026-07-20T10:00,92.0,243.1
2026-07-20T11:00,92.0,248.7
2026-07-20T12:00,90.3,239.3
2026-07-20T13:00,79.9,204.0
2026-07-20T14:00,68.9,169.0
2026-07-20T15:00,60.5,140.2
2026-07-20T16:00,59.3,133.2
2026-07-20T17:00,70.3,168.6
2026-07-20T18:00,67.3,136.9
2026-07-20T19:00,67.3,129.0
2026-07-20T20:00,60.8,107.3
2026-07-20T21:00,52.2,82.9
2026-07-20T22:00,50.4,69.8
2026-07-20T23:00,45.5,61.7
2026-07-21T00:00,40.7,53.4
2026-07-21T01:00,39.3,54.0
2026-07-21T02:00,39.0,58.6
2026-07-21T03:00,37.3,63.6
2026-07-21T04:00,34.2,60.3
2026-07-21T05:00,39.8,97.1
2026-07-21T06:00,37.3,75.4
2026-07-21T07:00,35.0,66.1
2026-07-21T08:00,31.3,54.5
2026-07-21T09:00,27.0,44.9
2026-07-21T10:00,24.4,41.8
2026-07-21T11:00,23.5,43.2
2026-07-21T12:00,21.6,37.7
2026-07-21T13:00,18.9,29.7
2026-07-21T14:00,16.7,23.2
2026-07-21T15:00,14.9,18.1
2026-07-21T16:00,14.3,17.1
2026-07-21T17:00,23.6,23.8
2026-07-21T18:00,22.9,22.9
2026-07-21T19:00,25.4,25.4
2026-07-21T20:00,26.8,26.9
2026-07-21T21:00,30.3,31.8
2026-07-21T22:00,32.7,33.5
2026-07-21T23:00,32.0,32.7
2026-07-22T00:00,29.0,29.6
2026-07-22T01:00,27.6,28.2
2026-07-22T02:00,27.1,27.5
2026-07-22T03:00,27.0,27.3
2026-07-22T04:00,27.0,27.2
2026-07-22T05:00,17.1,17.2
2026-07-22T06:00,16.8,16.9
2026-07-22T07:00,20.3,20.3
2026-07-22T08:00,21.2,21.3
2026-07-22T09:00,23.6,23.7
2026-07-22T10:00,21.7,21.8
2026-07-22T11:00,22.8,23.1
2026-07-22T12:00,24.8,25.0
2026-07-22T13:00,24.5,24.8
2026-07-22T14:00,24.3,24.7
2026-07-22T15:00,24.3,24.7
2026-07-22T16:00,25.3,25.8
2026-07-22T17:00,40.5,40.7
2026-07-22T18:00,41.6,41.7
2026-07-22T19:00,40.7,40.9
2026-07-22T20:00,41.7,41.8
2026-07-22T21:00,43.4,43.5
2026-07-22T22:00,46.7,46.7
2026-07-22T23:00,45.9,46.0
2026-07-23T00:00,41.3,41.4
2026-07-23T01:00,34.3,34.5
2026-07-23T02:00,29.4,29.5
2026-07-23T03:00,25.9,26.0
2026-07-23T04:00,23.7,23.9
2026-07-23T05:00,15.5,16.9
2026-07-23T06:00,14.6,15.1
2026-07-23T07:00,15.1,15.3
2026-07-23T08:00,15.0,15.1
2026-07-23T09:00,16.5,16.8
2026-07-23T10:00,18.0,18.5
2026-07-23T11:00,22.2,22.7
2026-07-23T12:00,25.6,26.1
2026-07-23T13:00,27.4,27.9
2026-07-23T14:00,26.8,27.2
2026-07-23T15:00,24.7,25.1
2026-07-23T16:00,22.4,22.7
2026-07-23T17:00,44.0,44.6
2026-07-23T18:00,42.3,42.7
2026-07-23T19:00,39.7,40.0
2026-07-23T20:00,39.0,39.2
2026-07-23T21:00,40.9,41.1
2026-07-23T22:00,44.8,45.2
2026-07-23T23:00,47.6,48.0
2026-07-24T00:00,45.3,45.6
2026-07-24T01:00,41.7,42.1
2026-07-24T02:00,37.7,38.3
2026-07-24T03:00,34.5,35.0
2026-07-24T04:00,34.1,34.6
2026-07-24T05:00,25.2,25.4
2026-07-24T06:00,26.4,26.6
2026-07-24T07:00,29.4,29.6
2026-07-24T08:00,28.8,29.0
2026-07-24T09:00,26.4,26.8
2026-07-24T10:00,24.9,25.3
2026-07-24T11:00,24.9,25.2
2026-07-24T12:00,25.9,26.2
2026-07-24T13:00,25.7,26.0
2026-07-24T14:00,25.3,25.5
2026-07-24T15:00,24.6,24.9
2026-07-24T16:00,24.4,24.6
2026-07-24T17:00,36.1,36.4
2026-07-24T18:00,40.3,40.5
2026-07-24T19:00,54.2,54.5
2026-07-24T20:00,62.4,62.6
2026-07-24T21:00,72.2,72.4
2026-07-24T22:00,83.4,83.6
2026-07-24T23:00,92.0,92.2
2026-07-25T00:00,83.4,83.6
2026-07-25T01:00,63.6,63.6
2026-07-25T02:00,46.3,46.4
2026-07-25T03:00,35.2,35.2
2026-07-25T04:00,31.0,31.0
2026-07-25T05:00,24.4,24.4
2026-07-25T06:00,23.2,23.3
2026-07-25T07:00,20.1,20.4
2026-07-25T08:00,18.5,18.9
2026-07-25T09:00,18.3,19.2
2026-07-25T10:00,17.6,19.3
2026-07-25T11:00,17.9,20.4
2026-07-25T12:00,19.3,22.4
2026-07-25T13:00,20.7,23.9
2026-07-25T14:00,21.2,24.4
2026-07-25T15:00,20.6,23.6
2026-07-25T16:00,20.3,23.3
2026-07-25T17:00,33.9,42.8
2026-07-25T18:00,37.0,42.6
2026-07-25T19:00,39.5,44.1
2026-07-25T20:00,42.6,46.8
2026-07-25T21:00,44.4,48.2
2026-07-25T22:00,44.5,47.7
2026-07-25T23:00,43.3,45.5
2026-07-26T00:00,43.8,45.3
2026-07-26T01:00,46.4,47.3
2026-07-26T02:00,47.5,48.0
2026-07-26T03:00,50.1,50.2
2026-07-26T04:00,53.6,53.7
2026-07-26T05:00,63.1,63.6
2026-07-26T06:00,65.7,66.1
2026-07-26T07:00,62.2,62.9
2026-07-26T08:00,56.0,56.3
2026-07-26T09:00,47.8,48.1
2026-07-26T10:00,43.7,43.8
2026-07-26T11:00,42.7,42.8
2026-07-26T12:00,41.8,41.9
2026-07-26T13:00,41.0,41.1
2026-07-26T14:00,40.0,40.3
2026-07-26T15:00,37.6,37.8
2026-07-26T16:00,36.1,36.2
2026-07-26T17:00,29.2,29.3
2026-07-26T18:00,32.4,32.5
2026-07-26T19:00,47.8,48.1
2026-07-26T20:00,63.6,63.8
2026-07-26T21:00,85.0,85.0
2026-07-26T22:00,105.0,105.2
2026-07-26T23:00,118.3,118.5
2026-07-27T00:00,122.0,122.5
2026-07-27T01:00,129.0,129.9
2026-07-27T02:00,138.3,140.2
2026-07-27T03:00,148.1,150.4
2026-07-27T04:00,156.0,158.3
2026-07-27T05:00,124.3,124.8
2026-07-27T06:00,116.4,116.9
2026-07-27T07:00,91.7,92.2
2026-07-27T08:00,61.2,61.9
2026-07-27T09:00,49.0,49.7
2026-07-27T10:00,43.9,44.5
2026-07-27T11:00,43.1,43.5
2026-07-27T12:00,43.8,44.4
2026-07-27T13:00,43.5,44.2
2026-07-27T14:00,44.0,44.9
2026-07-27T15:00,45.5,46.8
2026-07-27T16:00,47.4,49.0
2026-07-27T17:00,53.1,56.7
2026-07-27T18:00,61.7,64.7
2026-07-27T19:00,75.4,78.9
2026-07-27T20:00,96.6,100.4
2026-07-27T21:00,117.3,120.6
2026-07-27T22:00,120.1,122.9
2026-07-27T23:00,111.3,113.6
2026-07-28T00:00,96.2,98.3
2026-07-28T01:00,86.1,87.8
2026-07-28T02:00,71.0,72.4
2026-07-28T03:00,54.9,56.0
2026-07-28T04:00,47.6,48.8
2026-07-28T05:00,65.4,67.3
2026-07-28T06:00,59.8,60.8
2026-07-28T07:00,53.1,54.1
2026-07-28T08:00,50.5,51.7
2026-07-28T09:00,43.3,45.5
2026-07-28T10:00,44.4,49.2
2026-07-28T11:00,47.7,55.1
2026-07-28T12:00,46.8,54.4
2026-07-28T13:00,44.4,51.9
2026-07-28T14:00,43.5,51.1
2026-07-28T15:00,45.8,55.5
2026-07-28T16:00,46.1,57.3
2026-07-28T17:00,65.0,75.9
2026-07-28T18:00,64.5,72.9
2026-07-28T19:00,59.3,64.5
2026-07-28T20:00,53.8,58.6
2026-07-28T21:00,45.4,48.8
2026-07-28T22:00,55.6,60.1
2026-07-28T23:00,57.5,61.2
2026-07-29T00:00,54.4,62.6
2026-07-29T01:00,53.6,65.7
2026-07-29T02:00,51.1,65.4
2026-07-29T03:00,47.6,61.0
2026-07-29T04:00,45.6,56.8
2026-07-29T05:00,35.9,53.3
2026-07-29T06:00,34.3,44.7
2026-07-29T07:00,26.4,39.0
2026-07-29T08:00,24.6,36.1
2026-07-29T09:00,22.3,32.8
2026-07-29T10:00,21.0,29.9
2026-07-29T11:00,19.0,28.1
2026-07-29T12:00,21.0,31.8
2026-07-29T13:00,22.6,35.3
2026-07-29T14:00,23.0,37.1
2026-07-29T15:00,24.2,39.8
2026-07-29T16:00,25.7,42.0
2026-07-29T17:00,36.1,56.3
2026-07-29T18:00,39.3,57.9
2026-07-29T19:00,51.9,65.7
2026-07-29T20:00,57.6,68.7
2026-07-29T21:00,62.4,71.9
2026-07-29T22:00,69.8,78.2
2026-07-29T23:00,73.3,81.0
2026-07-30T00:00,70.1,77.1
2026-07-30T01:00,68.5,74.7
2026-07-30T02:00,71.0,76.8
2026-07-30T03:00,75.0,80.1
2026-07-30T04:00,77.3,82.2
2026-07-30T05:00,77.8,80.3
2026-07-30T06:00,79.9,82.7
2026-07-30T07:00,74.7,79.2
2026-07-30T08:00,62.4,69.2
2026-07-30T09:00,51.5,60.3
2026-07-30T10:00,46.0,56.2
2026-07-30T11:00,44.9,55.9
2026-07-30T12:00,45.1,56.5
2026-07-30T13:00,44.5,56.6
2026-07-30T14:00,42.3,54.2
2026-07-30T15:00,39.9,51.1
2026-07-30T16:00,37.4,47.6
2026-07-30T17:00,47.3,56.3
2026-07-30T18:00,48.7,56.0
2026-07-30T19:00,54.7,59.8
2026-07-30T20:00,57.2,61.2
2026-07-30T21:00,53.6,56.1
2026-07-30T22:00,48.9,50.1
2026-07-30T23:00,47.6,48.1
2026-07-31T00:00,48.3,48.5
2026-07-31T01:00,50.1,50.4
2026-07-31T02:00,52.4,52.6
2026-07-31T03:00,54.1,54.4
2026-07-31T04:00,55.8,55.9
2026-07-31T05:00,39.2,40.2
2026-07-31T06:00,34.8,35.6
2026-07-31T07:00,33.2,33.9
2026-07-31T08:00,33.8,34.5
2026-07-31T09:00,30.9,31.4
2026-07-31T10:00,31.1,31.5
2026-07-31T11:00,31.7,32.1
2026-07-31T12:00,31.8,32.2
2026-07-31T13:00,31.4,31.8
2026-07-31T14:00,30.4,30.7
2026-07-31T15:00,28.7,29.0
2026-07-31T16:00,27.6,28.0
2026-07-31T17:00,28.1,28.5
2026-07-31T18:00,31.2,31.5
2026-07-31T19:00,35.4,35.6
2026-07-31T20:00,38.3,38.6
2026-07-31T21:00,40.9,41.3
2026-07-31T22:00,44.1,44.6
2026-07-31T23:00,47.1,47.6
2026-08-01T00:00,50.4,51.0
2026-08-01T01:00,56.3,57.0
2026-08-01T02:00,60.3,61.0
2026-08-01T03:00,58.8,59.4
2026-08-01T04:00,57.9,58.4
2026-08-01T05:00,56.0,56.3
2026-08-01T06:00,53.4,53.8
2026-08-01T07:00,47.4,47.7
2026-08-01T08:00,35.6,36.1
2026-08-01T09:00,26.1,27.1
2026-08-01T10:00,22.3,23.6
2026-08-01T11:00,20.8,22.3
2026-08-01T12:00,19.7,21.3
2026-08-01T13:00,19.9,21.6
2026-08-01T14:00,20.1,21.9
2026-08-01T15:00,20.0,21.8
2026-08-01T16:00,20.1,22.1
2026-08-01T17:00,28.8,31.8
2026-08-01T18:00,36.2,38.6
2026-08-01T19:00,46.9,49.1
2026-08-01T20:00,57.0,59.4
2026-08-01T21:00,63.3,65.4
2026-08-01T22:00,68.2,70.3
2026-08-01T23:00,70.8,72.6
2026-08-02T00:00,68.9,70.8
2026-08-02T01:00,69.2,71.0
2026-08-02T02:00,70.8,72.6
2026-08-02T03:00,71.9,73.6
2026-08-02T04:00,69.8,71.5
2026-08-02T05:00,61.0,62.2
2026-08-02T06:00,56.9,58.0
2026-08-02T07:00,53.2,53.9
2026-08-02T08:00,44.6,45.4
2026-08-02T09:00,40.6,42.3
2026-08-02T10:00,37.5,40.0
2026-08-02T11:00,36.6,39.3
2026-08-02T12:00,35.7,38.6
2026-08-02T13:00,34.7,37.6
2026-08-02T14:00,33.3,36.3
2026-08-02T15:00,32.9,36.2
2026-08-02T16:00,32.8,36.2
2026-08-02T17:00,24.2,28.8
2026-08-02T18:00,30.0,33.8
2026-08-02T19:00,40.5,43.5
2026-08-02T20:00,46.4,48.8
2026-08-02T21:00,46.9,48.4
2026-08-02T22:00,47.4,48.7
2026-08-02T23:00,43.9,44.9
2026-08-03T00:00,40.7,41.7
2026-08-03T01:00,39.2,40.0
2026-08-03T02:00,38.9,39.7
2026-08-03T03:00,40.9,41.6
2026-08-03T04:00,44.5,45.2
2026-08-03T05:00,26.4,26.8
2026-08-03T06:00,26.3,26.7
2026-08-03T07:00,25.5,26.1
2026-08-03T08:00,22.9,23.5
2026-08-03T09:00,23.6,24.2
2026-08-03T10:00,23.1,23.7
2026-08-03T11:00,24.3,25.0
2026-08-03T12:00,23.7,24.4
2026-08-03T13:00,23.6,24.3
2026-08-03T14:00,23.5,24.2
2026-08-03T15:00,22.2,22.9
2026-08-03T16:00,22.3,22.9
2026-08-03T17:00,35.3,36.0
2026-08-03T18:00,35.9,36.6
2026-08-03T19:00,36.6,37.1
2026-08-03T20:00,38.4,38.9
2026-08-03T21:00,41.0,41.3
2026-08-03T22:00,41.4,41.7
2026-08-03T23:00,45.1,45.2
2026-08-04T00:00,45.5,45.6
2026-08-04T01:00,44.9,45.2
2026-08-04T02:00,46.1,46.3
2026-08-04T03:00,47.0,47.3
2026-08-04T04:00,47.1,47.5
2026-08-04T05:00,41.6,41.9
2026-08-04T06:00,46.8,47.1
2026-08-04T07:00,40.3,40.6
2026-08-04T08:00,31.2,31.5
2026-08-04T09:00,29.2,29.5
2026-08-04T10:00,27.6,27.8
2026-08-04T11:00,27.1,27.4
2026-08-04T12:00,26.1,26.4
2026-08-04T13:00,24.8,25.1
2026-08-04T14:00,24.6,24.9
2026-08-04T15:00,24.9,25.4
2026-08-04T16:00,25.7,26.5
2026-08-04T17:00,40.4,42.0
2026-08-04T18:00,42.1,44.8
2026-08-04T19:00,52.5,54.6
2026-08-04T20:00,62.2,64.0
2026-08-04T21:00,69.4,71.0
2026-08-04T22:00,77.5,79.4
2026-08-04T23:00,84.8,86.8
2026-08-05T00:00,87.1,89.6
2026-08-05T01:00,88.7,91.3
2026-08-05T02:00,84.3,86.8
2026-08-05T03:00,67.5,70.3
2026-08-05T04:00,61.0,62.9
2026-08-05T05:00,49.0,50.3
2026-08-05T06:00,52.9,54.1
2026-08-05T07:00,37.5,38.9
2026-08-05T08:00,31.9,34.0
2026-08-05T09:00,29.6,31.9
2026-08-05T10:00,32.8,36.7
2026-08-05T11:00,34.3,39.1
2026-08-05T12:00,34.8,39.3
2026-08-05T13:00,33.3,37.6
2026-08-05T14:00,32.2,36.3
2026-08-05T15:00,30.4,34.0
2026-08-05T16:00,29.6,33.3
2026-08-05T17:00,55.2,63.6
2026-08-05T18:00,56.5,61.9
2026-08-05T19:00,68.2,74.3
2026-08-05T20:00,91.3,97.3
2026-08-05T21:00,93.8,98.7
2026-08-05T22:00,66.1,69.8
2026-08-05T23:00,59.1,61.9
2026-08-06T00:00,60.8,63.6
2026-08-06T01:00,64.0,66.8
2026-08-06T02:00,65.9,69.2
2026-08-06T03:00,67.8,71.5
2026-08-06T04:00,63.1,68.7
2026-08-06T05:00,60.5,64.5
2026-08-06T06:00,61.7,65.9
2026-08-06T07:00,62.6,68.0
2026-08-06T08:00,60.3,69.2
2026-08-06T09:00,53.3,68.5
2026-08-06T10:00,50.2,75.0
2026-08-06T11:00,49.0,85.9
2026-08-06T12:00,50.2,99.4
2026-08-06T13:00,51.3,108.0
2026-08-06T14:00,52.6,114.1
2026-08-06T15:00,50.9,107.1
2026-08-06T16:00,47.8,93.4
2026-08-06T17:00,48.8,114.8
2026-08-06T18:00,49.2,86.8
2026-08-06T19:00,43.3,65.0
2026-08-06T20:00,42.5,52.7
2026-08-06T21:00,45.2,50.8
2026-08-06T22:00,45.8,48.5
2026-08-06T23:00,46.9,48.3
2026-08-07T00:00,48.9,50.1
2026-08-07T01:00,50.9,51.8
2026-08-07T02:00,51.9,52.7
2026-08-07T03:00,53.2,53.9
2026-08-07T04:00,53.4,53.9
2026-08-07T05:00,42.6,48.8
2026-08-07T06:00,32.2,37.6
2026-08-07T07:00,23.1,26.0
2026-08-07T08:00,19.4,22.3
2026-08-07T09:00,18.6,21.5
2026-08-07T10:00,18.9,21.9
2026-08-07T11:00,19.2,22.4
2026-08-07T12:00,19.0,22.4
2026-08-07T13:00,18.7,22.8
2026-08-07T14:00,19.3,23.8
2026-08-07T15:00,20.0,24.6
2026-08-07T16:00,20.4,24.6
2026-08-07T17:00,25.6,27.5
2026-08-07T18:00,33.9,35.0
2026-08-07T19:00,47.1,48.0
2026-08-07T20:00,63.8,64.5
2026-08-07T21:00,76.6,77.1
2026-08-07T22:00,82.4,82.9
2026-08-07T23:00,86.6,86.8
2026-08-08T00:00,86.6,86.8
2026-08-08T01:00,87.1,87.3
2026-08-08T02:00,84.3,84.8
2026-08-08T03:00,82.7,83.6
2026-08-08T04:00,83.8,85.2
2026-08-08T05:00,58.7,59.8
2026-08-08T06:00,51.9,53.0
2026-08-08T07:00,35.6,36.7
2026-08-08T08:00,26.4,27.0
2026-08-08T09:00,22.4,22.9
2026-08-08T10:00,20.5,20.9
2026-08-08T11:00,19.8,20.2
2026-08-08T12:00,18.9,19.2
2026-08-08T13:00,18.9,19.2
2026-08-08T14:00,18.2,18.5
2026-08-08T15:00,17.8,18.0
2026-08-08T16:00,17.8,18.0
2026-08-08T17:00,36.6,36.6
2026-08-08T18:00,37.4,37.5
2026-08-08T19:00,40.7,40.9
2026-08-08T20:00,43.3,43.4
2026-08-08T21:00,48.0,48.1
2026-08-08T22:00,54.6,54.7
2026-08-08T23:00,61.5,61.7
2026-08-09T00:00,65.9,66.1
2026-08-09T01:00,69.8,70.1
2026-08-09T02:00,74.3,74.5
2026-08-09T03:00,80.6,80.6
2026-08-09T04:00,84.8,84.8
2026-08-09T05:00,62.9,63.1
2026-08-09T06:00,70.8,71.0
2026-08-09T07:00,55.6,55.9
2026-08-09T08:00,42.0,42.3
2026-08-09T09:00,36.2,36.7
2026-08-09T10:00,36.2,36.8
2026-08-09T11:00,35.5,36.2
2026-08-09T12:00,33.9,34.7
2026-08-09T13:00,33.5,34.5
2026-08-09T14:00,33.2,34.3
2026-08-09T15:00,32.4,33.5
2026-08-09T16:00,31.9,33.1
2026-08-09T17:00,33.1,33.9
2026-08-09T18:00,38.4,39.1
2026-08-09T19:00,54.5,55.1
2026-08-09T20:00,74.5,75.2
2026-08-09T21:00,99.9,100.6
2026-08-09T22:00,123.9,124.3
2026-08-09T23:00,144.8,145.8
2026-08-10T00:00,160.2,162.5
2026-08-10T01:00,163.0,166.7
2026-08-10T02:00,143.9,145.8
2026-08-10T03:00,131.3,131.3
2026-08-10T04:00,126.2,126.7
2026-08-10T05:00,170.4,175.6
2026-08-10T06:00,170.9,174.6
2026-08-10T07:00,127.6,128.1
2026-08-10T08:00,64.3,65.0
2026-08-10T09:00,49.0,49.6
2026-08-10T10:00,45.4,46.0
2026-08-10T11:00,45.5,46.1
2026-08-10T12:00,43.5,44.1
2026-08-10T13:00,39.9,40.9
2026-08-10T14:00,38.8,39.9
2026-08-10T15:00,38.9,40.0
2026-08-10T16:00,40.0,41.2
2026-08-10T17:00,52.2,53.6
2026-08-10T18:00,58.9,59.8
2026-08-10T19:00,65.2,65.9
2026-08-10T20:00,64.0,64.5
2026-08-10T21:00,62.9,63.1
2026-08-10T22:00,62.4,62.6
2026-08-10T23:00,62.4,62.6
2026-08-11T00:00,60.5,60.8
2026-08-11T01:00,59.8,60.1
2026-08-11T02:00,60.1,60.5
2026-08-11T03:00,60.8,61.7
2026-08-11T04:00,57.9,59.1
2026-08-11T05:00,61.0,62.9
2026-08-11T06:00,61.7,63.3
2026-08-11T07:00,56.1,58.4
2026-08-11T08:00,54.1,56.7
2026-08-11T09:00,46.4,49.6
2026-08-11T10:00,43.0,46.0
2026-08-11T11:00,44.1,47.3
2026-08-11T12:00,43.8,46.8
2026-08-11T13:00,42.1,44.8
2026-08-11T14:00,40.3,42.5
2026-08-11T15:00,37.7,39.5
2026-08-11T16:00,36.2,37.7
2026-08-11T17:00,52.7,55.4
2026-08-11T18:00,56.2,57.7
2026-08-11T19:00,58.4,59.5
2026-08-11T20:00,59.4,60.1
2026-08-11T21:00,59.6,60.3
2026-08-11T22:00,60.5,60.8
2026-08-11T23:00,62.6,62.9
2026-08-12T00:00,64.7,65.0
2026-08-12T01:00,65.7,66.1
2026-08-12T02:00,66.8,67.1
2026-08-12T03:00,68.7,68.9
2026-08-12T04:00,72.2,72.4
2026-08-12T05:00,69.4,69.6
2026-08-12T06:00,73.6,73.8
2026-08-12T07:00,71.7,71.9
2026-08-12T08:00,57.7,58.2
2026-08-12T09:00,48.3,48.9
2026-08-12T10:00,46.0,46.6
2026-08-12T11:00,46.8,47.6
2026-08-12T12:00,48.2,49.5
2026-08-12T13:00,49.8,51.5
2026-08-12T14:00,51.2,53.3
2026-08-12T15:00,52.0,54.6
2026-08-12T16:00,52.2,55.2
2026-08-12T17:00,45.9,48.9
2026-08-12T18:00,55.9,58.6
2026-08-12T19:00,75.7,78.2
2026-08-12T20:00,100.1,103.1
2026-08-12T21:00,125.7,129.0
2026-08-12T22:00,144.4,147.1
2026-08-12T23:00,151.8,154.6
2026-08-13T00:00,156.5,159.3
2026-08-13T01:00,157.4,160.2
2026-08-13T02:00,161.6,163.9
2026-08-13T03:00,166.7,169.5
2026-08-13T04:00,172.3,174.6
2026-08-13T05:00,148.5,149.9
2026-08-13T06:00,155.1,156.5
2026-08-13T07:00,141.6,143.0
2026-08-13T08:00,72.9,75.0
2026-08-13T09:00,57.5,60.1
2026-08-13T10:00,49.8,52.3
2026-08-13T11:00,45.4,47.8
2026-08-13T12:00,43.9,46.3
2026-08-13T13:00,43.2,45.6
2026-08-13T14:00,43.8,46.1
2026-08-13T15:00,44.9,47.4
2026-08-13T16:00,47.1,49.5
2026-08-13T17:00,45.2,46.8
2026-08-13T18:00,56.9,58.0
2026-08-13T19:00,74.3,75.4
2026-08-13T20:00,92.7,93.6
2026-08-13T21:00,92.7,93.4
2026-08-13T22:00,84.8,85.4
2026-08-13T23:00,81.0,81.5
2026-08-14T00:00,85.0,85.4
2026-08-14T01:00,98.5,99.0
2026-08-14T02:00,108.5,109.0
2026-08-14T03:00,99.7,100.6
2026-08-14T04:00,87.8,89.4
2026-08-14T05:00,61.9,65.4
2026-08-14T06:00,63.3,65.0
2026-08-14T07:00,65.4,67.3
2026-08-14T08:00,52.7,58.9
2026-08-14T09:00,48.4,58.6
2026-08-14T10:00,49.2,60.5
2026-08-14T11:00,50.6,61.9
2026-08-14T12:00,51.9,63.6
2026-08-14T13:00,53.6,68.0
2026-08-14T14:00,53.8,69.6
2026-08-14T15:00,51.2,66.8
2026-08-14T16:00,47.8,63.1
2026-08-14T17:00,52.9,73.8
2026-08-14T18:00,51.6,66.4
2026-08-14T19:00,53.9,65.4
2026-08-14T20:00,51.3,58.4
2026-08-14T21:00,54.9,61.2
2026-08-14T22:00,58.9,65.0
2026-08-14T23:00,58.3,65.2
2026-08-15T00:00,58.4,64.5
2026-08-15T01:00,57.3,63.3
2026-08-15T02:00,56.1,62.6
2026-08-15T03:00,56.3,62.6
2026-08-15T04:00,51.7,61.7
2026-08-15T05:00,38.3,45.9
2026-08-15T06:00,38.2,43.9
2026-08-15T07:00,33.8,40.5
2026-08-15T08:00,28.6,37.4
2026-08-15T09:00,29.2,45.3
2026-08-15T10:00,29.6,49.0
2026-08-15T11:00,35.4,65.0
2026-08-15T12:00,33.9,68.9
2026-08-15T13:00,37.3,78.5
2026-08-15T14:00,38.5,80.1
2026-08-15T15:00,39.8,78.7
2026-08-15T16:00,40.7,75.7
2026-08-15T17:00,49.5,86.4
2026-08-15T18:00,54.4,88.5
2026-08-15T19:00,77.3,109.4
2026-08-15T20:00,106.2,138.8
2026-08-15T21:00,116.9,143.4
2026-08-15T22:00,93.4,114.6
2026-08-15T23:00,78.2,96.9
2026-08-16T00:00,74.7,91.7
2026-08-16T01:00,75.2,91.3
2026-08-16T02:00,68.5,81.7
2026-08-16T03:00,62.4,71.5
2026-08-16T04:00,57.3,66.8
2026-08-16T05:00,53.1,63.8
2026-08-16T06:00,41.3,47.7
2026-08-16T07:00,50.5,60.5
2026-08-16T08:00,47.5,61.7
2026-08-16T09:00,43.3,62.6
2026-08-16T10:00,42.4,65.9
2026-08-16T11:00,42.8,68.9
2026-08-16T12:00,41.9,67.3
2026-08-16T13:00,39.9,64.0
2026-08-16T14:00,37.7,60.3
2026-08-16T15:00,36.8,59.0
2026-08-16T16:00,37.6,61.5
2026-08-16T17:00,37.0,61.9
2026-08-16T18:00,44.2,65.0
2026-08-16T19:00,57.7,81.3
2026-08-16T20:00,78.5,102.2
2026-08-16T21:00,84.3,104.8
2026-08-16T22:00,82.7,99.2
2026-08-16T23:00,72.4,86.1
2026-08-17T00:00,65.7,77.3
2026-08-17T01:00,62.2,71.7
2026-08-17T02:00,57.0,65.2
2026-08-17T03:00,49.8,57.0
2026-08-17T04:00,41.6,47.1
2026-08-17T05:00,36.8,46.6
2026-08-17T06:00,38.4,46.9
2026-08-17T07:00,38.0,49.0
2026-08-17T08:00,39.3,59.8
2026-08-17T09:00,40.5,75.2
2026-08-17T10:00,41.1,88.5
2026-08-17T11:00,40.6,93.4
2026-08-17T12:00,41.4,97.3
2026-08-17T13:00,44.0,107.8
2026-08-17T14:00,49.0,122.0
2026-08-17T15:00,52.5,131.3
2026-08-17T16:00,54.2,134.6
2026-08-17T17:00,53.7,118.7
2026-08-17T18:00,49.5,90.1
2026-08-17T19:00,60.8,95.0
2026-08-17T20:00,51.2,75.4
2026-08-17T21:00,44.7,65.0
2026-08-17T22:00,45.5,63.6
2026-08-17T23:00,48.3,64.5
2026-08-18T00:00,50.1,65.7
2026-08-18T01:00,50.8,66.1
2026-08-18T02:00,49.7,64.3
2026-08-18T03:00,50.9,66.1
2026-08-18T04:00,51.6,66.1
2026-08-18T05:00,34.8,44.7
2026-08-18T06:00,37.3,45.1
2026-08-18T07:00,35.4,45.5
2026-08-18T08:00,33.4,53.4
2026-08-18T09:00,34.7,63.6
2026-08-18T10:00,36.4,74.5
2026-08-18T11:00,38.5,85.9
2026-08-18T12:00,41.6,96.6
2026-08-18T13:00,45.6,106.4
2026-08-18T14:00,47.0,109.0
2026-08-18T15:00,49.4,112.7
2026-08-18T16:00,50.9,115.7
2026-08-18T17:00,56.7,121.5
2026-08-18T18:00,55.6,97.8
2026-08-18T19:00,58.8,88.9
2026-08-18T20:00,61.7,85.2
2026-08-18T21:00,60.1,79.9
2026-08-18T22:00,59.8,77.8
2026-08-18T23:00,59.8,77.1
2026-08-19T00:00,57.6,75.4
2026-08-19T01:00,55.3,74.0
2026-08-19T02:00,53.1,71.9
2026-08-19T03:00,51.9,69.8
2026-08-19T04:00,48.0,66.1
2026-08-19T05:00,39.3,55.3
2026-08-19T06:00,42.1,55.9
2026-08-19T07:00,39.9,59.6
2026-08-19T08:00,37.4,61.0
2026-08-19T09:00,37.1,60.1
2026-08-19T10:00,39.5,67.5
2026-08-19T11:00,42.1,84.3
2026-08-19T12:00,43.7,88.7
2026-08-19T13:00,44.9,91.0
2026-08-19T14:00,46.2,95.0
2026-08-19T15:00,48.1,99.9
2026-08-19T16:00,49.6,100.8
2026-08-19T17:00,54.7,116.2
2026-08-19T18:00,59.4,105.5
2026-08-19T19:00,64.3,104.8
2026-08-19T20:00,65.9,101.0
2026-08-19T21:00,67.5,99.9
2026-08-19T22:00,69.8,99.9
2026-08-19T23:00,70.8,99.4
2026-08-20T00:00,71.2,99.0
2026-08-20T01:00,71.7,99.7
2026-08-20T02:00,73.1,100.4
2026-08-20T03:00,70.3,96.9
2026-08-20T04:00,62.4,90.8
2026-08-20T05:00,57.9,79.4
2026-08-20T06:00,56.7,75.4
2026-08-20T07:00,49.9,72.6
2026-08-20T08:00,45.3,73.1
2026-08-20T09:00,42.1,74.5
2026-08-20T10:00,41.4,75.2
2026-08-20T11:00,41.9,80.3
2026-08-20T12:00,41.7,80.8
2026-08-20T13:00,43.1,85.4
2026-08-20T14:00,44.4,90.6
2026-08-20T15:00,42.8,86.4
2026-08-20T16:00,40.0,76.1
2026-08-20T17:00,51.5,109.4
2026-08-20T18:00,54.8,91.7
2026-08-20T19:00,62.4,98.5
2026-08-20T20:00,71.5,109.7
2026-08-20T21:00,82.7,122.5
2026-08-20T22:00,94.3,134.1
2026-08-20T23:00,102.0,143.0
2026-08-21T00:00,108.3,149.9
2026-08-21T01:00,113.9,155.1
2026-08-21T02:00,117.3,156.0
2026-08-21T03:00,105.5,138.8
2026-08-21T04:00,83.4,113.2
2026-08-21T05:00,116.9,170.9
2026-08-21T06:00,119.7,168.1
2026-08-21T07:00,94.1,138.3
2026-08-21T08:00,75.0,125.3
2026-08-21T09:00,73.3,130.4
2026-08-21T10:00,70.5,132.2
2026-08-21T11:00,71.2,137.8
2026-08-21T12:00,72.2,141.1
2026-08-21T13:00,72.9,144.8
2026-08-21T14:00,72.4,141.6
2026-08-21T15:00,69.8,134.1
2026-08-21T16:00,65.9,122.0
2026-08-21T17:00,57.5,109.0
2026-08-21T18:00,61.2,97.1
2026-08-21T19:00,73.6,106.9
2026-08-21T20:00,82.7,112.2
2026-08-21T21:00,76.8,99.4
2026-08-21T22:00,75.7,95.9
2026-08-21T23:00,73.8,92.9
2026-08-22T00:00,72.2,90.1
2026-08-22T01:00,66.1,84.5
2026-08-22T02:00,61.0,79.2
2026-08-22T03:00,53.6,67.3
2026-08-22T04:00,47.3,62.2
2026-08-22T05:00,57.9,77.5
2026-08-22T06:00,56.2,73.1
2026-08-22T07:00,57.6,75.4
2026-08-22T08:00,50.4,74.5
2026-08-22T09:00,48.5,77.8
2026-08-22T10:00,48.5,83.1
2026-08-22T11:00,50.1,94.3
2026-08-22T12:00,53.1,109.0
2026-08-22T13:00,55.3,118.5
2026-08-22T14:00,56.8,124.3
2026-08-22T15:00,57.4,126.2
2026-08-22T16:00,58.0,129.9
2026-08-22T17:00,56.5,126.2
2026-08-22T18:00,62.2,125.7
2026-08-22T19:00,79.6,136.9
2026-08-22T20:00,83.6,127.1
2026-08-22T21:00,73.3,106.6
2026-08-22T22:00,69.4,95.5
2026-08-22T23:00,68.9,90.6
2026-08-23T00:00,67.1,85.0
2026-08-23T01:00,65.2,80.3
2026-08-23T02:00,61.2,75.0
2026-08-23T03:00,56.6,69.2
2026-08-23T04:00,54.6,67.1
2026-08-23T05:00,63.8,77.3
2026-08-23T06:00,56.3,67.1
2026-08-23T07:00,47.1,56.3
2026-08-23T08:00,38.4,52.0
2026-08-23T09:00,38.0,62.4
2026-08-23T10:00,39.8,70.8
2026-08-23T11:00,39.7,77.1
2026-08-23T12:00,40.0,85.7
2026-08-23T13:00,40.4,92.7
2026-08-23T14:00,39.9,93.6
2026-08-23T15:00,39.8,91.7
2026-08-23T16:00,40.7,90.3
2026-08-23T17:00,54.4,109.2
2026-08-23T18:00,60.3,104.1
2026-08-23T19:00,69.2,111.3
2026-08-23T20:00,72.4,107.8
2026-08-23T21:00,69.8,100.4
2026-08-23T22:00,73.1,102.4
2026-08-23T23:00,82.2,112.0
2026-08-24T00:00,90.1,120.1
2026-08-24T01:00,96.6,125.7
2026-08-24T02:00,97.8,125.7
2026-08-24T03:00,99.7,129.0
2026-08-24T04:00,104.3,136.0
2026-08-24T05:00,117.6,155.1
2026-08-24T06:00,125.3,163.0
2026-08-24T07:00,93.1,132.2
2026-08-24T08:00,64.3,113.4
2026-08-24T09:00,57.9,106.9
2026-08-24T10:00,53.0,99.0
2026-08-24T11:00,48.8,91.0
2026-08-24T12:00,44.7,82.4
2026-08-24T13:00,41.2,74.3
2026-08-24T14:00,38.9,68.2
2026-08-24T15:00,37.7,64.7
2026-08-24T16:00,36.9,61.5
2026-08-24T17:00,45.8,78.2
2026-08-24T18:00,52.5,76.8
2026-08-24T19:00,63.1,86.6
2026-08-24T20:00,77.1,101.0
2026-08-24T21:00,94.5,121.1
2026-08-24T22:00,113.6,143.4
2026-08-24T23:00,129.5,160.7
2026-08-25T00:00,139.7,170.0
2026-08-25T01:00,130.9,156.5
2026-08-25T02:00,118.0,142.0
2026-08-25T03:00,111.5,133.2
2026-08-25T04:00,109.4,129.9
2026-08-25T05:00,164.4,197.0
2026-08-25T06:00,167.6,195.6
2026-08-25T07:00,140.2,162.1
2026-08-25T08:00,79.2,104.5
2026-08-25T09:00,61.2,87.1
2026-08-25T10:00,53.6,79.4
2026-08-25T11:00,47.4,72.6
2026-08-25T12:00,44.4,68.2
2026-08-25T13:00,43.3,65.9
2026-08-25T14:00,42.4,63.8
2026-08-25T15:00,41.8,61.9
2026-08-25T16:00,42.0,60.3
2026-08-25T17:00,54.7,77.1
2026-08-25T18:00,62.9,81.3
2026-08-25T19:00,75.9,93.4
2026-08-25T20:00,90.6,107.1
2026-08-25T21:00,102.4,117.1
2026-08-25T22:00,109.0,122.0
2026-08-25T23:00,105.9,117.3
2026-08-26T00:00,91.7,101.5
2026-08-26T01:00,82.4,91.5
2026-08-26T02:00,81.3,90.3
2026-08-26T03:00,85.2,95.2
2026-08-26T04:00,93.4,104.1
2026-08-26T05:00,118.7,132.7
2026-08-26T06:00,122.5,137.4
2026-08-26T07:00,117.1,129.5
2026-08-26T08:00,95.0,109.7
2026-08-26T09:00,75.4,92.9
2026-08-26T10:00,68.9,88.9
2026-08-26T11:00,63.6,86.1
2026-08-26T12:00,59.4,82.9
2026-08-26T13:00,55.8,77.8
2026-08-26T14:00,54.2,75.0
2026-08-26T15:00,52.9,72.6
2026-08-26T16:00,53.4,70.1
2026-08-26T17:00,57.5,75.4
2026-08-26T18:00,62.9,78.7
2026-08-26T19:00,75.2,91.7
2026-08-26T20:00,92.0,108.7
2026-08-26T21:00,109.7,126.7
2026-08-26T22:00,127.6,143.4
2026-08-26T23:00,128.5,142.5
2026-08-27T00:00,119.2,131.8
2026-08-27T01:00,110.4,121.5
2026-08-27T02:00,106.9,117.6
2026-08-27T03:00,106.6,117.1
2026-08-27T04:00,104.8,115.0
2026-08-27T05:00,65.4,82.0
2026-08-27T06:00,71.0,82.9
2026-08-27T07:00,66.1,73.3
2026-08-27T08:00,62.2,69.8
2026-08-27T09:00,57.6,68.9
2026-08-27T10:00,55.1,70.8
2026-08-27T11:00,53.1,75.0
2026-08-27T12:00,51.8,81.7
2026-08-27T13:00,51.6,86.4
2026-08-27T14:00,51.7,86.6
2026-08-27T15:00,51.9,86.4
2026-08-27T16:00,51.9,84.8
2026-08-27T17:00,56.6,85.2
2026-08-27T18:00,64.3,88.9
2026-08-27T19:00,76.8,101.0
2026-08-27T20:00,88.9,112.5
2026-08-27T21:00,97.6,120.1
2026-08-27T22:00,103.1,124.8
2026-08-27T23:00,105.9,126.2
2026-08-28T00:00,105.7,123.9
2026-08-28T01:00,105.9,122.5
2026-08-28T02:00,104.5,119.7
2026-08-28T03:00,101.3,115.0
2026-08-28T04:00,96.6,109.0
2026-08-28T05:00,82.4,110.1
2026-08-28T06:00,78.2,98.7
2026-08-28T07:00,70.3,84.5
2026-08-28T08:00,59.8,77.8
2026-08-28T09:00,54.4,78.0
2026-08-28T10:00,51.8,87.8
2026-08-28T11:00,51.6,102.4
2026-08-28T12:00,53.7,116.2
2026-08-28T13:00,54.1,119.0
2026-08-28T14:00,55.6,119.0
2026-08-28T15:00,57.3,118.7
2026-08-28T16:00,58.2,115.3
2026-08-28T17:00,56.7,101.5
2026-08-28T18:00,64.3,102.7
2026-08-28T19:00,78.5,114.3
2026-08-28T20:00,94.3,129.0
2026-08-28T21:00,105.0,136.9
2026-08-28T22:00,110.6,139.2
2026-08-28T23:00,106.4,132.2
2026-08-29T00:00,99.2,123.9
2026-08-29T01:00,94.8,119.2
2026-08-29T02:00,93.4,118.3
2026-08-29T03:00,94.5,119.7
2026-08-29T04:00,96.6,122.0
2026-08-29T05:00,86.1,127.1
2026-08-29T06:00,85.4,127.6
2026-08-29T07:00,82.4,115.9
2026-08-29T08:00,70.5,121.5
2026-08-29T09:00,67.8,126.7
2026-08-29T10:00,67.8,137.8
2026-08-29T11:00,67.8,147.6
2026-08-29T12:00,66.1,149.0
2026-08-29T13:00,65.2,146.2
2026-08-29T14:00,64.3,141.6
2026-08-29T15:00,64.0,138.8
2026-08-29T16:00,64.5,135.5
2026-08-29T17:00,58.8,115.7
2026-08-29T18:00,65.2,109.4
2026-08-29T19:00,76.6,118.3
2026-08-29T20:00,84.3,120.6
2026-08-29T21:00,89.6,120.6
2026-08-29T22:00,93.4,121.1
2026-08-29T23:00,95.5,120.6
2026-08-30T00:00,95.7,119.2
2026-08-30T01:00,95.0,117.6
2026-08-30T02:00,94.1,116.4
2026-08-30T03:00,95.0,118.0
2026-08-30T04:00,93.4,114.8
2026-08-30T05:00,76.6,114.3
2026-08-30T06:00,74.0,109.7
2026-08-30T07:00,70.5,97.3
2026-08-30T08:00,60.5,98.7
2026-08-30T09:00,61.7,114.8
2026-08-30T10:00,65.0,130.9
2026-08-30T11:00,65.7,137.8
2026-08-30T12:00,63.6,136.4
2026-08-30T13:00,60.1,128.1
2026-08-30T14:00,57.7,119.7
2026-08-30T15:00,55.3,109.9
2026-08-30T16:00,54.2,102.9
2026-08-30T17:00,52.2,95.0
2026-08-30T18:00,57.4,94.3
2026-08-30T19:00,67.1,99.7
2026-08-30T20:00,72.9,103.4
2026-08-30T21:00,77.3,104.3
2026-08-30T22:00,76.4,99.9
2026-08-30T23:00,69.2,88.5
2026-08-31T00:00,61.7,79.2
2026-08-31T01:00,58.2,76.1
2026-08-31T02:00,58.0,76.8
2026-08-31T03:00,57.9,76.8
2026-08-31T04:00,56.8,76.4
2026-08-31T05:00,50.6,61.9
2026-08-31T06:00,46.1,57.6
2026-08-31T07:00,43.7,56.9
2026-08-31T08:00,44.5,64.3
2026-08-31T09:00,51.5,85.9
2026-08-31T10:00,58.9,109.7
2026-08-31T11:00,65.4,135.0
2026-08-31T12:00,67.8,146.7
2026-08-31T13:00,67.8,149.5
2026-08-31T14:00,67.1,145.3
2026-08-31T15:00,63.6,133.2
2026-08-31T16:00,61.7,123.4
2026-08-31T17:00,58.3,113.2
2026-08-31T18:00,63.1,103.4
2026-08-31T19:00,62.6,98.0
2026-08-31T20:00,68.2,101.3
2026-08-31T21:00,75.9,106.9
2026-08-31T22:00,82.0,111.1
2026-08-31T23:00,82.0,106.4
2026-09-01T00:00,77.1,100.8
2026-09-01T01:00,75.2,99.2
2026-09-01T02:00,76.1,100.4
2026-09-01T03:00,77.3,101.7
2026-09-01T04:00,77.1,100.6
2026-09-01T05:00,85.4,116.2
2026-09-01T06:00,85.4,115.5
2026-09-01T07:00,79.9,103.4
2026-09-01T08:00,64.7,102.0
2026-09-01T09:00,62.9,106.2
2026-09-01T10:00,62.9,117.6
2026-09-01T11:00,61.5,127.6
2026-09-01T12:00,59.5,131.3
2026-09-01T13:00,57.0,129.0
2026-09-01T14:00,56.5,129.5
2026-09-01T15:00,56.7,131.8
2026-09-01T16:00,56.3,127.1
2026-09-01T17:00,50.8,108.3
2026-09-01T18:00,57.0,106.6
2026-09-01T19:00,56.9,93.8
2026-09-01T20:00,62.2,95.9
2026-09-01T21:00,61.9,88.5
2026-09-01T22:00,57.5,78.7
2026-09-01T23:00,52.0,69.6
2026-09-02T00:00,48.1,64.5
2026-09-02T01:00,46.7,63.6
2026-09-02T02:00,46.4,64.7
2026-09-02T03:00,44.8,63.3
2026-09-02T04:00,41.2,58.6
2026-09-02T05:00,34.5,50.3
2026-09-02T06:00,35.7,50.9
2026-09-02T07:00,35.7,53.1
2026-09-02T08:00,36.0,60.8
2026-09-02T09:00,39.9,78.2
2026-09-02T10:00,42.6,86.8
2026-09-02T11:00,45.5,96.4
2026-09-02T12:00,47.6,105.0
2026-09-02T13:00,48.4,109.4
2026-09-02T14:00,47.7,106.6
2026-09-02T15:00,47.4,102.0
2026-09-02T16:00,47.0,97.8
2026-09-02T17:00,54.9,112.5
2026-09-02T18:00,62.4,112.5
2026-09-02T19:00,79.2,129.0
2026-09-02T20:00,93.6,139.7
2026-09-02T21:00,95.0,136.0
2026-09-02T22:00,88.0,122.5
2026-09-02T23:00,79.2,109.9
2026-09-03T00:00,73.8,102.7
2026-09-03T01:00,70.1,96.2
2026-09-03T02:00,65.2,87.8
2026-09-03T03:00,60.8,80.1
2026-09-03T04:00,57.2,74.0
2026-09-03T05:00,38.6,52.7
2026-09-03T06:00,38.2,51.2
2026-09-03T07:00,37.7,56.1
2026-09-03T08:00,36.6,55.4
2026-09-03T09:00,38.4,61.0
2026-09-03T10:00,39.2,66.4
2026-09-03T11:00,40.4,69.2
2026-09-03T12:00,40.9,69.8
2026-09-03T13:00,42.0,71.5
2026-09-03T14:00,41.9,70.1
2026-09-03T15:00,40.9,66.6
2026-09-03T16:00,39.5,63.3
2026-09-03T17:00,42.8,71.2
2026-09-03T18:00,50.5,71.9
2026-09-03T19:00,51.3,65.7
2026-09-03T20:00,43.9,54.9
2026-09-03T21:00,41.8,52.0
2026-09-03T22:00,43.0,52.7
2026-09-03T23:00,42.5,52.4
2026-09-04T00:00,39.6,49.9
2026-09-04T01:00,39.5,49.8
2026-09-04T02:00,41.7,52.3
2026-09-04T03:00,44.6,55.5
2026-09-04T04:00,47.7,58.1
2026-09-04T05:00,34.1,41.8
2026-09-04T06:00,38.9,45.4
2026-09-04T07:00,44.2,51.0
2026-09-04T08:00,41.7,52.2
2026-09-04T09:00,40.4,52.3
2026-09-04T10:00,37.6,49.5
2026-09-04T11:00,35.6,48.4
2026-09-04T12:00,33.5,48.1
2026-09-04T13:00,31.9,48.7
2026-09-04T14:00,31.7,50.3
2026-09-04T15:00,31.1,49.9
2026-09-04T16:00,31.3,50.5
2026-09-04T17:00,52.9,77.5
2026-09-04T18:00,63.6,83.1
2026-09-04T19:00,74.3,92.7
2026-09-04T20:00,81.5,97.1
2026-09-04T21:00,77.3,88.7
2026-09-04T22:00,59.8,66.1
2026-09-04T23:00,49.2,52.4
2026-09-05T00:00,43.9,45.8
2026-09-05T01:00,42.3,43.8
2026-09-05T02:00,42.6,44.0
2026-09-05T03:00,44.0,45.3
2026-09-05T04:00,46.1,47.1
2026-09-05T05:00,47.4,48.7
2026-09-05T06:00,53.6,54.6
2026-09-05T07:00,52.5,53.8
2026-09-05T08:00,46.2,48.9
2026-09-05T09:00,46.7,51.2
2026-09-05T10:00,47.5,54.7
2026-09-05T11:00,47.8,58.9
2026-09-05T12:00,48.8,62.9
2026-09-05T13:00,49.9,66.4
2026-09-05T14:00,51.1,69.2
2026-09-05T15:00,52.0,70.8
2026-09-05T16:00,54.7,70.8
2026-09-05T17:00,75.4,95.7
2026-09-05T18:00,82.7,99.7
2026-09-05T19:00,90.3,105.9
2026-09-05T20:00,99.4,113.9
2026-09-05T21:00,104.8,116.4
2026-09-05T22:00,90.8,99.7
2026-09-05T23:00,76.8,83.4
2026-09-06T00:00,66.8,71.9
2026-09-06T01:00,62.4,66.8
2026-09-06T02:00,60.1,64.0
2026-09-06T03:00,54.4,59.8
2026-09-06T04:00,46.0,53.0
2026-09-06T05:00,49.0,52.3
2026-09-06T06:00,51.5,54.5
2026-09-06T07:00,51.0,53.6
2026-09-06T08:00,43.4,47.7
2026-09-06T09:00,42.4,48.9
2026-09-06T10:00,43.8,54.4
2026-09-06T11:00,51.2,65.9
2026-09-06T12:00,57.5,75.7
2026-09-06T13:00,58.7,80.6
2026-09-06T14:00,58.7,82.7
2026-09-06T15:00,58.3,83.1
2026-09-06T16:00,58.7,83.1
2026-09-06T17:00,53.3,65.9
2026-09-06T18:00,59.8,71.9
2026-09-06T19:00,72.4,84.3
2026-09-06T20:00,86.1,97.6
2026-09-06T21:00,101.3,112.5
2026-09-06T22:00,118.0,129.0
2026-09-06T23:00,134.1,145.8
2026-09-07T00:00,144.4,156.5
2026-09-07T01:00,149.5,161.1
2026-09-07T02:00,141.6,152.7
2026-09-07T03:00,129.5,139.7
2026-09-07T04:00,124.3,134.1
2026-09-07T05:00,120.6,130.4
2026-09-07T06:00,118.3,128.1
2026-09-07T07:00,112.0,120.6
2026-09-07T08:00,77.3,90.1
2026-09-07T09:00,62.2,78.0
2026-09-07T10:00,56.6,73.3
2026-09-07T11:00,53.4,70.3
2026-09-07T12:00,50.5,66.8
2026-09-07T13:00,49.2,65.0
2026-09-07T14:00,48.9,63.8
2026-09-07T15:00,49.2,63.8
2026-09-07T16:00,50.2,64.0
2026-09-07T17:00,35.7,41.6
2026-09-07T18:00,44.7,50.1
2026-09-07T19:00,58.6,64.0
2026-09-07T20:00,74.3,79.6
2026-09-07T21:00,93.8,99.2
2026-09-07T22:00,107.3,112.7
2026-09-07T23:00,114.3,119.7
2026-09-08T00:00,115.9,121.5
2026-09-08T01:00,114.6,120.1
2026-09-08T02:00,110.4,115.9
2026-09-08T03:00,104.5,109.9
2026-09-08T04:00,98.0,103.4
2026-09-08T05:00,125.3,132.2
2026-09-08T06:00,118.0,124.3
2026-09-08T07:00,114.8,120.1
2026-09-08T08:00,63.3,69.6
2026-09-08T09:00,47.4,54.9
2026-09-08T10:00,43.4,53.7
2026-09-08T11:00,41.4,54.4
2026-09-08T12:00,41.9,57.6
2026-09-08T13:00,43.7,62.4
2026-09-08T14:00,45.1,67.3
2026-09-08T15:00,46.7,71.0
2026-09-08T16:00,48.1,71.9
2026-09-08T17:00,53.9,78.7
2026-09-08T18:00,60.1,83.6
2026-09-08T19:00,71.0,94.3
2026-09-08T20:00,81.5,104.1
2026-09-08T21:00,92.2,114.1
2026-09-08T22:00,108.5,130.4
2026-09-08T23:00,122.0,144.8
2026-09-09T00:00,130.9,154.1
2026-09-09T01:00,136.9,159.7
2026-09-09T02:00,136.4,157.4
2026-09-09T03:00,122.9,142.0
2026-09-09T04:00,114.6,131.8
2026-09-09T05:00,123.9,144.4
2026-09-09T06:00,117.3,137.8
2026-09-09T07:00,110.8,126.2
2026-09-09T08:00,83.6,103.8
2026-09-09T09:00,63.8,91.0
2026-09-09T10:00,55.1,86.1
2026-09-09T11:00,48.5,81.3
2026-09-09T12:00,45.2,78.0
2026-09-09T13:00,43.4,75.0
2026-09-09T14:00,42.1,71.9
2026-09-09T15:00,41.4,69.8
2026-09-09T16:00,41.4,67.1
2026-09-09T17:00,52.3,82.4
2026-09-09T18:00,58.7,88.0
2026-09-09T19:00,71.7,101.7
2026-09-09T20:00,85.0,114.6
2026-09-09T21:00,95.5,123.9
2026-09-09T22:00,101.5,129.0
2026-09-09T23:00,101.7,126.7
2026-09-10T00:00,96.6,117.3
2026-09-10T01:00,90.1,108.0
2026-09-10T02:00,85.4,101.3
2026-09-10T03:00,82.9,97.8
2026-09-10T04:00,79.4,94.1
2026-09-10T05:00,88.0,103.4
2026-09-10T06:00,90.3,105.9
2026-09-10T07:00,86.8,101.3
2026-09-10T08:00,74.0,95.2
2026-09-10T09:00,60.3,86.6
2026-09-10T10:00,52.0,79.9
2026-09-10T11:00,46.4,75.4
2026-09-10T12:00,43.2,72.2
2026-09-10T13:00,41.2,69.4
2026-09-10T14:00,39.6,66.1
2026-09-10T15:00,38.2,62.4
2026-09-10T16:00,38.3,59.0
2026-09-10T17:00,44.9,66.6
2026-09-10T18:00,51.8,72.9
2026-09-10T19:00,64.7,86.4
2026-09-10T20:00,76.1,97.6
2026-09-10T21:00,85.4,105.7
2026-09-10T22:00,95.5,115.3
2026-09-10T23:00,100.8,119.7
2026-09-11T00:00,99.7,117.6
2026-09-11T01:00,97.3,113.9
2026-09-11T02:00,92.9,108.5
2026-09-11T03:00,88.7,103.8
2026-09-11T04:00,84.8,100.1
2026-09-11T05:00,75.9,90.1
2026-09-11T06:00,77.1,91.3
2026-09-11T07:00,76.4,89.6
2026-09-11T08:00,71.9,88.9
2026-09-11T09:00,60.1,83.4
2026-09-11T10:00,51.1,77.1
2026-09-11T11:00,44.5,73.1
2026-09-11T12:00,41.0,71.0
2026-09-11T13:00,39.0,69.6
2026-09-11T14:00,37.7,68.2
2026-09-11T15:00,36.9,66.6
2026-09-11T16:00,36.3,64.7
2026-09-11T17:00,35.5,53.3
2026-09-11T18:00,43.2,59.5
2026-09-11T19:00,52.9,69.2
2026-09-11T20:00,50.5,64.3
2026-09-11T21:00,45.3,56.5
2026-09-11T22:00,40.5,48.1
2026-09-11T23:00,35.9,40.3
2026-09-12T00:00,31.2,33.9
2026-09-12T01:00,27.2,29.0
2026-09-12T02:00,24.3,25.6
2026-09-12T03:00,22.2,23.3
2026-09-12T04:00,21.1,22.1
2026-09-12T05:00,27.0,28.5
2026-09-12T06:00,33.6,35.2
2026-09-12T07:00,33.3,34.6
2026-09-12T08:00,24.7,25.9
2026-09-12T09:00,19.5,20.3
2026-09-12T10:00,16.7,17.3
2026-09-12T11:00,14.4,15.0
2026-09-12T12:00,12.7,13.4
2026-09-12T13:00,11.3,12.0
2026-09-12T14:00,10.7,11.5
2026-09-12T15:00,10.3,11.1
2026-09-12T16:00,11.1,11.9
2026-09-12T17:00,21.7,24.2
2026-09-12T18:00,29.0,31.2
2026-09-12T19:00,42.5,44.9
2026-09-12T20:00,54.4,57.2
2026-09-12T21:00,63.8,66.8
2026-09-12T22:00,70.1,73.3
2026-09-12T23:00,70.5,73.8
2026-09-13T00:00,64.3,67.5
2026-09-13T01:00,60.1,64.0
2026-09-13T02:00,61.0,65.2
2026-09-13T03:00,63.8,68.5
2026-09-13T04:00,67.1,72.2
2026-09-13T05:00,55.2,59.6
2026-09-13T06:00,61.2,65.9
2026-09-13T07:00,63.1,67.5
2026-09-13T08:00,55.6,64.7
2026-09-13T09:00,51.5,62.2
2026-09-13T10:00,49.2,59.8
2026-09-13T11:00,38.5,46.6
2026-09-13T12:00,31.8,37.7
2026-09-13T13:00,32.8,39.6
2026-09-13T14:00,26.5,30.4
2026-09-13T15:00,26.4,30.0
2026-09-13T16:00,27.1,30.6
2026-09-13T17:00,30.7,33.3
2026-09-13T18:00,38.3,41.0
2026-09-13T19:00,46.8,49.6
2026-09-13T20:00,56.1,58.6
2026-09-13T21:00,51.2,52.9
2026-09-13T22:00,38.5,39.5
2026-09-13T23:00,30.5,31.1
2026-09-14T00:00,25.3,25.8
2026-09-14T01:00,22.6,23.3
2026-09-14T02:00,22.4,23.2
2026-09-14T03:00,23.0,24.4
2026-09-14T04:00,23.2,25.0
2026-09-14T05:00,22.8,23.9
2026-09-14T06:00,26.0,27.2
2026-09-14T07:00,28.3,29.9
2026-09-14T08:00,28.9,31.5
2026-09-14T09:00,28.5,31.7
2026-09-14T10:00,28.1,31.1
2026-09-14T11:00,29.7,33.3
2026-09-14T12:00,33.2,37.8
2026-09-14T13:00,35.3,40.7
2026-09-14T14:00,36.2,42.0
2026-09-14T15:00,36.8,42.8
2026-09-14T16:00,37.6,43.8
2026-09-14T17:00,48.9,57.2
2026-09-14T18:00,56.0,63.6
2026-09-14T19:00,69.6,77.1
2026-09-14T20:00,80.6,87.8
2026-09-14T21:00,88.9,95.7
2026-09-14T22:00,93.1,99.2
2026-09-14T23:00,78.2,82.4
2026-09-15T00:00,61.2,64.3
2026-09-15T01:00,51.8,53.8
2026-09-15T02:00,47.7,49.0
2026-09-15T03:00,47.3,48.4
2026-09-15T04:00,46.9,48.4
2026-09-15T05:00,51.8,54.6
2026-09-15T06:00,46.2,49.4
2026-09-15T07:00,45.3,48.7
2026-09-15T08:00,45.2,49.0
2026-09-15T09:00,42.5,46.6
2026-09-15T10:00,39.3,43.1
2026-09-15T11:00,36.1,39.3
2026-09-15T12:00,35.3,38.6
2026-09-15T13:00,35.4,39.0
2026-09-15T14:00,34.9,38.5
2026-09-15T15:00,36.3,40.0
2026-09-15T16:00,38.1,41.9
2026-09-15T17:00,29.0,30.9
2026-09-15T18:00,33.5,35.3
2026-09-15T19:00,37.1,38.6
2026-09-15T20:00,41.1,42.6
2026-09-15T21:00,46.6,48.2
2026-09-15T22:00,56.7,58.4
2026-09-15T23:00,62.9,65.0
2026-09-16T00:00,62.2,64.0
2026-09-16T01:00,60.8,62.6
2026-09-16T02:00,61.2,63.1
2026-09-16T03:00,65.9,67.5
2026-09-16T04:00,74.3,75.9
2026-09-16T05:00,62.4,64.3
2026-09-16T06:00,71.7,73.6
2026-09-16T07:00,82.0,83.6
2026-09-16T08:00,49.0,51.6
2026-09-16T09:00,41.1,43.5
2026-09-16T10:00,35.9,38.1
2026-09-16T11:00,32.7,34.9
2026-09-16T12:00,33.4,36.1
2026-09-16T13:00,36.2,39.5
2026-09-16T14:00,40.0,43.8
2026-09-16T15:00,43.5,47.7
2026-09-16T16:00,45.6,49.7
2026-09-16T17:00,48.7,52.7
2026-09-16T18:00,57.6,61.2
2026-09-16T19:00,69.8,73.3
2026-09-16T20:00,83.4,86.8
2026-09-16T21:00,101.7,105.2
2026-09-16T22:00,115.9,119.2
2026-09-16T23:00,123.4,126.2
2026-09-17T00:00,109.7,112.2
2026-09-17T01:00,98.7,101.3
2026-09-17T02:00,98.0,100.6
2026-09-17T03:00,98.0,100.6
2026-09-17T04:00,85.4,88.5
2026-09-17T05:00,71.0,73.6
2026-09-17T06:00,68.7,71.7
2026-09-17T07:00,63.1,65.7
2026-09-17T08:00,59.6,63.3
2026-09-17T09:00,57.2,61.7
2026-09-17T10:00,55.1,60.1
2026-09-17T11:00,55.6,61.2
2026-09-17T12:00,58.2,64.0
2026-09-17T13:00,59.8,65.9
2026-09-17T14:00,59.6,65.9
2026-09-17T15:00,58.8,65.9
2026-09-17T16:00,58.1,66.8
2026-09-17T17:00,54.4,60.3
2026-09-17T18:00,62.4,67.8
2026-09-17T19:00,73.3,78.5
2026-09-17T20:00,82.0,86.6
2026-09-17T21:00,93.1,97.8
2026-09-17T22:00,105.9,110.6
2026-09-17T23:00,111.1,115.5
2026-09-18T00:00,113.6,118.3
2026-09-18T01:00,117.6,122.0
2026-09-18T02:00,117.8,122.0
2026-09-18T03:00,114.3,117.8
2026-09-18T04:00,113.6,117.3
2026-09-18T05:00,102.4,107.1
2026-09-18T06:00,108.3,113.2
2026-09-18T07:00,107.1,111.3
2026-09-18T08:00,80.8,85.9
2026-09-18T09:00,69.6,75.7
2026-09-18T10:00,66.6,73.3
2026-09-18T11:00,64.7,72.6
2026-09-18T12:00,63.3,72.4
2026-09-18T13:00,60.8,72.2
2026-09-18T14:00,60.1,73.8
2026-09-18T15:00,60.3,75.7
2026-09-18T16:00,61.0,77.5
2026-09-18T17:00,37.0,43.2
2026-09-18T18:00,42.8,48.3
2026-09-18T19:00,49.7,54.5
2026-09-18T20:00,55.9,60.1
2026-09-18T21:00,68.7,72.4
2026-09-18T22:00,80.3,83.8
2026-09-18T23:00,83.8,86.8
2026-09-19T00:00,82.4,85.2
2026-09-19T01:00,82.4,85.0
2026-09-19T02:00,81.7,84.1
2026-09-19T03:00,82.0,84.3
2026-09-19T04:00,83.1,85.4
2026-09-19T05:00,85.7,89.4
2026-09-19T06:00,90.3,94.3
2026-09-19T07:00,102.2,105.7
2026-09-19T08:00,65.7,69.8
2026-09-19T09:00,37.3,41.1
2026-09-19T10:00,30.4,33.8
2026-09-19T11:00,28.5,31.7
2026-09-19T12:00,27.0,30.6
2026-09-19T13:00,26.5,31.2
2026-09-19T14:00,26.5,32.4
2026-09-19T15:00,26.7,32.8
2026-09-19T16:00,27.2,33.3
2026-09-19T17:00,26.0,30.3
2026-09-19T18:00,33.1,36.6
2026-09-19T19:00,41.8,44.5
2026-09-19T20:00,48.0,49.8
2026-09-19T21:00,57.4,58.7
2026-09-19T22:00,70.1,71.0
2026-09-19T23:00,79.9,80.8
2026-09-20T00:00,85.9,87.1
2026-09-20T01:00,91.0,92.7
2026-09-20T02:00,93.8,95.7
2026-09-20T03:00,91.3,93.1
2026-09-20T04:00,87.8,89.2
2026-09-20T05:00,62.2,64.0
2026-09-20T06:00,56.1,57.9
2026-09-20T07:00,48.4,50.1
2026-09-20T08:00,34.3,35.4
2026-09-20T09:00,23.7,24.9
2026-09-20T10:00,20.9,22.0
2026-09-20T11:00,20.2,21.7
2026-09-20T12:00,20.0,21.9
2026-09-20T13:00,20.1,22.5
2026-09-20T14:00,20.5,23.2
2026-09-20T15:00,20.8,24.2
2026-09-20T16:00,21.5,24.9
2026-09-20T17:00,31.1,34.8
2026-09-20T18:00,38.0,41.3
2026-09-20T19:00,46.3,49.4
2026-09-20T20:00,54.4,57.0
2026-09-20T21:00,63.8,66.4
2026-09-20T22:00,78.2,81.0
2026-09-20T23:00,90.3,93.1
2026-09-21T00:00,97.8,100.8
2026-09-21T01:00,102.0,105.2
2026-09-21T02:00,104.5,107.8
2026-09-21T03:00,106.9,110.1
2026-09-21T04:00,110.6,113.9
2026-09-21T05:00,91.0,92.7
2026-09-21T06:00,92.4,94.5
2026-09-21T07:00,95.7,99.0
2026-09-21T08:00,54.7,57.2
2026-09-21T09:00,48.4,53.4
2026-09-21T10:00,51.8,58.4
2026-09-21T11:00,51.0,57.9
2026-09-21T12:00,49.5,56.2
2026-09-21T13:00,48.0,54.6
2026-09-21T14:00,46.9,53.7
2026-09-21T15:00,46.6,53.4
2026-09-21T16:00,47.3,53.7
2026-09-21T17:00,57.3,65.7
2026-09-21T18:00,65.4,74.3
2026-09-21T19:00,78.0,87.1
2026-09-21T20:00,91.0,99.9
2026-09-21T21:00,98.0,106.4
2026-09-21T22:00,97.3,105.5
2026-09-21T23:00,96.9,105.0
2026-09-22T00:00,95.2,103.6
2026-09-22T01:00,95.5,104.1
2026-09-22T02:00,96.2,105.0
2026-09-22T03:00,97.8,107.1
2026-09-22T04:00,102.4,112.0
2026-09-22T05:00,131.3,143.4
2026-09-22T06:00,134.6,147.1
2026-09-22T07:00,142.5,154.1
2026-09-22T08:00,105.2,117.6
2026-09-22T09:00,79.4,92.7
2026-09-22T10:00,72.9,87.3
2026-09-22T11:00,65.4,80.8
2026-09-22T12:00,58.2,72.2
2026-09-22T13:00,54.8,67.8
2026-09-22T14:00,52.6,64.7
2026-09-22T15:00,50.8,61.9
2026-09-22T16:00,51.0,60.8
2026-09-22T17:00,77.5,93.8
2026-09-22T18:00,82.4,97.3
2026-09-22T19:00,89.6,104.5
2026-09-22T20:00,97.1,111.3
2026-09-22T21:00,102.0,115.7
2026-09-22T22:00,105.9,119.2
2026-09-22T23:00,105.2,117.6
2026-09-23T00:00,100.4,112.0
2026-09-23T01:00,99.9,111.5
2026-09-23T02:00,103.6,115.5
2026-09-23T03:00,110.8,122.9
2026-09-23T04:00,119.2,131.8
2026-09-23T05:00,125.7,139.2
2026-09-23T06:00,130.4,144.4
2026-09-23T07:00,136.4,148.1
2026-09-23T08:00,106.9,119.7
2026-09-23T09:00,85.7,99.7
2026-09-23T10:00,78.5,93.4
2026-09-23T11:00,68.9,84.3
2026-09-23T12:00,60.1,75.7
2026-09-23T13:00,54.8,70.3
2026-09-23T14:00,51.3,66.1
2026-09-23T15:00,49.2,63.1
2026-09-23T16:00,49.1,60.8
2026-09-23T17:00,65.2,78.5
2026-09-23T18:00,63.8,74.7
2026-09-23T19:00,66.8,78.2
2026-09-23T20:00,72.9,84.8
2026-09-23T21:00,79.6,91.5
2026-09-23T22:00,91.3,103.4
2026-09-23T23:00,103.8,116.2
2026-09-24T00:00,112.0,124.3
2026-09-24T01:00,117.3,129.9
2026-09-24T02:00,120.1,132.7
2026-09-24T03:00,121.5,134.6
2026-09-24T04:00,123.4,136.9
2026-09-24T05:00,90.6,100.1
2026-09-24T06:00,92.4,100.4
2026-09-24T07:00,87.1,92.2
2026-09-24T08:00,73.6,79.9
2026-09-24T09:00,61.0,69.2
2026-09-24T10:00,54.8,64.3
2026-09-24T11:00,50.3,60.1
2026-09-24T12:00,48.3,58.7
2026-09-24T13:00,46.8,57.5
2026-09-24T14:00,45.4,56.2
2026-09-24T15:00,43.4,53.7
2026-09-24T16:00,42.6,51.2
2026-09-24T17:00,57.6,70.5
2026-09-24T18:00,64.7,75.4
2026-09-24T19:00,69.2,78.2
2026-09-24T20:00,72.2,80.3
2026-09-24T21:00,77.5,85.4
2026-09-24T22:00,87.8,95.7
2026-09-24T23:00,99.4,107.8
2026-09-25T00:00,107.1,115.3
2026-09-25T01:00,108.7,116.4
2026-09-25T02:00,108.3,115.9
2026-09-25T03:00,110.4,118.0
2026-09-25T04:00,112.5,119.2
2026-09-25T05:00,76.1,78.9
2026-09-25T06:00,77.3,80.6
2026-09-25T07:00,77.1,81.0
2026-09-25T08:00,75.7,86.8
2026-09-25T09:00,72.2,96.6
2026-09-25T10:00,65.7,95.2
2026-09-25T11:00,60.8,90.3
2026-09-25T12:00,57.9,87.1
2026-09-25T13:00,55.6,83.6
2026-09-25T14:00,54.5,80.6
2026-09-25T15:00,54.0,77.5
2026-09-25T16:00,53.9,75.2
2026-09-25T17:00,78.7,102.7
2026-09-25T18:00,86.6,107.6
2026-09-25T19:00,92.4,109.4
2026-09-25T20:00,96.4,110.1
2026-09-25T21:00,102.7,115.3
2026-09-25T22:00,113.2,125.7
2026-09-25T23:00,118.7,131.3
2026-09-26T00:00,115.9,128.1
2026-09-26T01:00,115.5,129.0
2026-09-26T02:00,119.0,134.6
2026-09-26T03:00,123.4,141.6
2026-09-26T04:00,128.1,148.5
2026-09-26T05:00,127.1,143.0
2026-09-26T06:00,129.9,143.9
2026-09-26T07:00,132.2,143.4
2026-09-26T08:00,102.7,116.6
2026-09-26T09:00,68.2,81.3
2026-09-26T10:00,53.8,62.4
2026-09-26T11:00,46.6,53.0
2026-09-26T12:00,42.8,48.2
2026-09-26T13:00,41.0,45.8
2026-09-26T14:00,39.3,43.5
2026-09-26T15:00,36.9,40.5
2026-09-26T16:00,34.8,37.4
2026-09-26T17:00,52.3,55.4
2026-09-26T18:00,59.0,62.2
2026-09-26T19:00,68.2,71.0
2026-09-26T20:00,77.8,80.3
2026-09-26T21:00,81.0,83.6
2026-09-26T22:00,77.8,79.9
2026-09-26T23:00,77.5,79.4
2026-09-27T00:00,79.2,80.8
2026-09-27T01:00,81.7,83.4
2026-09-27T02:00,85.4,86.8
2026-09-27T03:00,90.3,91.5
2026-09-27T04:00,95.0,96.4
2026-09-27T05:00,83.8,91.7
2026-09-27T06:00,90.1,99.0
2026-09-27T07:00,93.1,101.0
2026-09-27T08:00,74.5,87.1
2026-09-27T09:00,63.8,80.8
2026-09-27T10:00,62.9,83.6
2026-09-27T11:00,63.8,85.7
2026-09-27T12:00,59.0,79.2
2026-09-27T13:00,53.6,72.6
2026-09-27T14:00,50.9,68.5
2026-09-27T15:00,49.7,67.1
2026-09-27T16:00,50.2,67.1
2026-09-27T17:00,65.0,77.5
2026-09-27T18:00,70.3,80.6
2026-09-27T19:00,72.4,81.7
2026-09-27T20:00,71.5,78.5
2026-09-27T21:00,67.3,70.8
2026-09-27T22:00,63.8,67.3
2026-09-27T23:00,61.7,67.1
2026-09-28T00:00,60.3,68.0
2026-09-28T01:00,60.1,70.3
2026-09-28T02:00,61.0,75.2
2026-09-28T03:00,61.5,82.4
2026-09-28T04:00,62.6,92.2
2026-09-28T05:00,44.1,81.7
2026-09-28T06:00,50.3,87.1
2026-09-28T07:00,50.6,84.1
2026-09-28T08:00,37.8,69.8
2026-09-28T09:00,25.1,44.8
2026-09-28T10:00,20.1,32.9
2026-09-28T11:00,21.5,31.2
2026-09-28T12:00,25.0,33.3
2026-09-28T13:00,29.8,37.0
2026-09-28T14:00,34.0,40.9
2026-09-28T15:00,31.7,37.3
2026-09-28T16:00,30.5,35.4
2026-09-28T17:00,47.5,51.8
2026-09-28T18:00,49.0,51.8
2026-09-28T19:00,48.7,50.8
2026-09-28T20:00,47.5,49.1
2026-09-28T21:00,49.6,50.9
2026-09-28T22:00,55.5,56.6
2026-09-28T23:00,62.4,63.3
2026-09-29T00:00,66.1,67.3
2026-09-29T01:00,69.8,70.8
2026-09-29T02:00,73.3,74.3
2026-09-29T03:00,75.7,76.4
2026-09-29T04:00,75.2,75.7
2026-09-29T05:00,69.4,71.0
2026-09-29T06:00,74.0,75.9
2026-09-29T07:00,76.4,78.7
2026-09-29T08:00,67.5,71.2
2026-09-29T09:00,59.3,64.0
2026-09-29T10:00,55.6,60.5
2026-09-29T11:00,53.1,58.0
2026-09-29T12:00,48.9,54.2
2026-09-29T13:00,44.8,51.1
2026-09-29T14:00,41.9,48.5
2026-09-29T15:00,39.5,46.1
2026-09-29T16:00,38.4,44.4
2026-09-29T17:00,16.5,19.3
2026-09-29T18:00,22.1,25.0
2026-09-29T19:00,27.4,30.4
2026-09-29T20:00,31.2,34.1
2026-09-29T21:00,33.2,36.3
2026-09-29T22:00,34.6,38.0
2026-09-29T23:00,36.1,39.8
