time,ghi_wm2,dhi_wm2,dni_wm2,temp_air_c,wind_ms,precip_mm
2026-07-18T00:00,0.0,0.0,0.0,24.3,2.24,0.1
2026-07-18T01:00,0.0,0.0,0.0,24.0,1.03,0.0
2026-07-18T02:00,0.0,0.0,0.0,23.8,1.13,0.1
2026-07-18T03:00,0.0,0.0,0.0,23.6,1.63,0.3
2026-07-18T04:00,0.0,0.0,0.0,23.3,2.22,0.1
2026-07-18T05:00,0.0,0.0,0.0,23.7,0.68,0.0
2026-07-18T06:00,3.0,3.0,0.0,23.8,0.8,0.0
2026-07-18T07:00,106.0,53.0,291.6,24.5,1.05,0.0
2026-07-18T08:00,296.0,108.0,455.0,25.8,1.91,0.0
2026-07-18T09:00,527.0,125.0,648.1,27.3,4.29,0.1
2026-07-18T10:00,633.0,158.0,602.1,28.2,5.64,0.2
2026-07-18T11:00,782.0,167.0,677.6,29.1,6.27,0.3
2026-07-18T12:00,812.0,204.0,627.9,28.9,6.71,0.6
2026-07-18T13:00,773.0,242.0,549.2,29.2,6.5,0.3
2026-07-18T14:00,840.0,182.0,728.5,29.6,6.35,0.0
2026-07-18T15:00,637.0,185.0,578.1,29.2,6.35,0.1
2026-07-18T16:00,473.0,170.0,495.9,28.6,6.29,0.1
2026-07-18T17:00,272.0,121.0,375.3,28.2,4.96,0.0
2026-07-18T18:00,91.0,53.0,223.5,26.9,3.85,0.0
2026-07-18T19:00,2.0,2.0,0.0,25.9,3.39,0.0
2026-07-18T20:00,0.0,0.0,0.0,25.5,2.94,0.0
2026-07-18T21:00,0.0,0.0,0.0,25.2,2.56,0.0
2026-07-18T22:00,0.0,0.0,0.0,25.0,2.46,0.0
2026-07-18T23:00,0.0,0.0,0.0,24.9,2.48,0.2
2026-07-19T00:00,0.0,0.0,0.0,24.5,3.01,0.4
2026-07-19T01:00,0.0,0.0,0.0,24.4,2.62,0.0
2026-07-19T02:00,0.0,0.0,0.0,23.9,2.23,0.0
2026-07-19T03:00,0.0,0.0,0.0,23.6,2.06,0.0
2026-07-19T04:00,0.0,0.0,0.0,23.4,1.6,0.0
2026-07-19T05:00,0.0,0.0,0.0,23.6,1.95,0.0
2026-07-19T06:00,3.0,3.0,0.0,23.8,2.18,0.0
2026-07-19T07:00,95.0,62.0,182.1,24.8,2.28,0.0
2026-07-19T08:00,289.0,127.0,392.4,26.1,1.99,0.0
2026-07-19T09:00,471.0,206.0,427.3,27.5,3.8,0.1
2026-07-19T10:00,590.0,276.0,397.9,28.4,4.76,0.2
2026-07-19T11:00,705.0,231.0,522.0,29.7,5.05,0.5
2026-07-19T12:00,817.0,277.0,557.3,29.8,4.76,0.3
2026-07-19T13:00,737.0,277.0,475.5,29.2,4.45,0.1
2026-07-19T14:00,772.0,210.0,621.8,29.2,5.3,0.2
2026-07-19T15:00,614.0,244.0,472.9,26.6,5.2,0.6
2026-07-19T16:00,365.0,221.0,235.5,27.4,4.26,0.7
2026-07-19T17:00,194.0,137.0,141.6,27.6,4.88,0.5
2026-07-19T18:00,83.0,58.0,147.1,26.7,3.9,0.0
2026-07-19T19:00,2.0,2.0,0.0,25.8,3.1,0.1
2026-07-19T20:00,0.0,0.0,0.0,25.4,2.83,0.1
2026-07-19T21:00,0.0,0.0,0.0,24.4,3.02,0.6
2026-07-19T22:00,0.0,0.0,0.0,23.8,3.82,1.2
2026-07-19T23:00,0.0,0.0,0.0,24.3,2.99,0.5
2026-07-20T00:00,0.0,0.0,0.0,23.9,2.84,0.1
2026-07-20T01:00,0.0,0.0,0.0,23.8,2.78,0.2
2026-07-20T02:00,0.0,0.0,0.0,23.7,3.19,0.2
2026-07-20T03:00,0.0,0.0,0.0,23.5,2.72,0.1
2026-07-20T04:00,0.0,0.0,0.0,23.3,2.16,0.1
2026-07-20T05:00,0.0,0.0,0.0,23.9,2.53,0.0
2026-07-20T06:00,1.0,1.0,0.0,23.9,2.11,0.1
2026-07-20T07:00,59.0,48.0,60.9,24.5,1.72,0.0
2026-07-20T08:00,128.0,107.0,50.9,25.1,2.12,0.0
2026-07-20T09:00,297.0,173.0,199.9,25.9,3.96,0.1
2026-07-20T10:00,402.0,231.0,216.6,26.4,4.24,0.1
2026-07-20T11:00,590.0,233.0,392.9,26.9,4.61,0.1
2026-07-20T12:00,554.0,388.0,171.2,27.6,5.06,0.2
2026-07-20T13:00,657.0,331.0,336.7,28.2,5.63,0.1
2026-07-20T14:00,743.0,239.0,557.2,28.5,5.78,0.0
2026-07-20T15:00,542.0,264.0,355.0,28.2,5.78,0.1
2026-07-20T16:00,359.0,246.0,184.7,27.8,5.82,0.1
2026-07-20T17:00,240.0,149.0,225.9,27.7,4.49,0.1
2026-07-20T18:00,74.0,58.0,94.2,26.7,3.62,0.1
2026-07-20T19:00,2.0,2.0,0.0,25.9,3.02,0.1
2026-07-20T20:00,0.0,0.0,0.0,25.5,2.55,0.0
2026-07-20T21:00,0.0,0.0,0.0,25.2,2.44,0.0
2026-07-20T22:00,0.0,0.0,0.0,24.9,2.51,0.0
2026-07-20T23:00,0.0,0.0,0.0,25.1,2.61,0.0
2026-07-21T00:00,0.0,0.0,0.0,24.8,2.29,0.0
2026-07-21T01:00,0.0,0.0,0.0,24.9,2.31,0.0
2026-07-21T02:00,0.0,0.0,0.0,24.6,2.1,0.0
2026-07-21T03:00,0.0,0.0,0.0,24.4,1.65,0.0
2026-07-21T04:00,0.0,0.0,0.0,24.3,1.05,0.0
2026-07-21T05:00,0.0,0.0,0.0,25.0,0.51,0.0
2026-07-21T06:00,2.0,2.0,0.0,24.9,0.66,0.0
2026-07-21T07:00,94.0,59.0,194.3,25.9,0.74,0.0
2026-07-21T08:00,289.0,133.0,378.3,27.3,1.42,0.0
2026-07-21T09:00,470.0,198.0,438.5,28.2,3.3,0.2
2026-07-21T10:00,507.0,297.0,265.9,28.8,3.62,0.1
2026-07-21T11:00,668.0,338.0,363.0,29.7,3.72,0.1
2026-07-21T12:00,798.0,312.0,501.0,30.3,4.25,0.1
2026-07-21T13:00,795.0,333.0,476.9,30.7,4.57,0.1
2026-07-21T14:00,768.0,278.0,541.4,30.7,4.93,0.2
2026-07-21T15:00,626.0,241.0,491.4,30.3,5.25,0.1
2026-07-21T16:00,461.0,216.0,400.2,29.4,5.2,0.0
2026-07-21T17:00,268.0,137.0,325.2,28.9,4.5,0.0
2026-07-21T18:00,72.0,62.0,58.9,27.5,3.99,0.0
2026-07-21T19:00,2.0,2.0,0.0,26.8,3.49,0.0
2026-07-21T20:00,0.0,0.0,0.0,26.2,2.75,0.0
2026-07-21T21:00,0.0,0.0,0.0,25.3,1.73,0.2
2026-07-21T22:00,0.0,0.0,0.0,25.0,1.05,0.4
2026-07-21T23:00,0.0,0.0,0.0,25.0,1.85,0.3
2026-07-22T00:00,0.0,0.0,0.0,24.5,1.61,0.0
2026-07-22T01:00,0.0,0.0,0.0,24.6,2.37,0.1
2026-07-22T02:00,0.0,0.0,0.0,24.4,2.03,0.0
2026-07-22T03:00,0.0,0.0,0.0,24.1,1.8,0.0
2026-07-22T04:00,0.0,0.0,0.0,23.9,1.15,0.0
2026-07-22T05:00,0.0,0.0,0.0,24.4,0.51,0.0
2026-07-22T06:00,3.0,3.0,0.0,24.4,0.65,0.0
2026-07-22T07:00,105.0,59.0,256.1,25.3,0.7,0.0
2026-07-22T08:00,311.0,106.0,497.3,26.7,2.05,0.0
2026-07-22T09:00,467.0,180.0,462.6,28.0,3.01,0.0
2026-07-22T10:00,607.0,248.0,454.4,29.0,3.76,0.1
2026-07-22T11:00,679.0,255.0,466.2,30.1,3.98,0.0
2026-07-22T12:00,785.0,303.0,496.5,30.0,4.25,0.1
2026-07-22T13:00,729.0,311.0,431.2,30.1,4.7,0.3
2026-07-22T14:00,757.0,272.0,535.5,30.2,5.35,0.4
2026-07-22T15:00,626.0,245.0,486.0,29.9,5.61,0.1
2026-07-22T16:00,466.0,189.0,452.2,29.4,5.29,0.0
2026-07-22T17:00,281.0,125.0,387.2,28.8,4.81,0.0
2026-07-22T18:00,89.0,64.0,147.5,27.7,4.25,0.0
2026-07-22T19:00,2.0,2.0,0.0,26.8,3.78,0.0
2026-07-22T20:00,0.0,0.0,0.0,26.2,3.19,0.0
2026-07-22T21:00,0.0,0.0,0.0,25.4,3.38,0.1
2026-07-22T22:00,0.0,0.0,0.0,25.1,3.09,0.2
2026-07-22T23:00,0.0,0.0,0.0,24.9,2.89,0.1
2026-07-23T00:00,0.0,0.0,0.0,24.5,2.53,0.0
2026-07-23T01:00,0.0,0.0,0.0,24.3,1.88,0.0
2026-07-23T02:00,0.0,0.0,0.0,24.0,2.16,0.1
2026-07-23T03:00,0.0,0.0,0.0,23.8,1.93,0.0
2026-07-23T04:00,0.0,0.0,0.0,23.8,0.84,0.0
2026-07-23T05:00,0.0,0.0,0.0,24.4,1.03,0.0
2026-07-23T06:00,2.0,2.0,0.0,24.4,0.97,0.0
2026-07-23T07:00,92.0,66.0,145.1,25.3,0.36,0.0
2026-07-23T08:00,284.0,129.0,376.1,26.6,2.33,0.1
2026-07-23T09:00,443.0,223.0,354.5,27.1,4.08,0.4
2026-07-23T10:00,683.0,208.0,600.9,28.5,4.58,0.2
2026-07-23T11:00,748.0,280.0,514.2,29.3,4.67,0.3
2026-07-23T12:00,810.0,263.0,563.1,30.0,4.85,0.2
2026-07-23T13:00,852.0,185.0,687.5,30.4,5.16,0.2
2026-07-23T14:00,792.0,212.0,639.9,30.6,5.68,0.3
2026-07-23T15:00,668.0,162.0,645.0,30.4,5.45,0.1
2026-07-23T16:00,504.0,114.0,636.4,29.7,5.19,0.0
2026-07-23T17:00,317.0,83.0,580.7,29.0,4.65,0.0
2026-07-23T18:00,104.0,45.0,348.4,27.4,4.03,0.0
2026-07-23T19:00,2.0,2.0,0.0,26.5,3.49,0.0
2026-07-23T20:00,0.0,0.0,0.0,26.1,2.88,0.0
2026-07-23T21:00,0.0,0.0,0.0,25.7,2.56,0.0
2026-07-23T22:00,0.0,0.0,0.0,25.4,2.51,0.0
2026-07-23T23:00,0.0,0.0,0.0,25.2,3.01,0.1
2026-07-24T00:00,0.0,0.0,0.0,24.5,3.74,0.3
2026-07-24T01:00,0.0,0.0,0.0,24.2,2.8,0.1
2026-07-24T02:00,0.0,0.0,0.0,24.1,1.85,0.0
2026-07-24T03:00,0.0,0.0,0.0,24.0,1.46,0.0
2026-07-24T04:00,0.0,0.0,0.0,24.0,1.5,0.0
2026-07-24T05:00,0.0,0.0,0.0,24.5,2.11,0.0
2026-07-24T06:00,3.0,3.0,0.0,24.3,2.29,0.0
2026-07-24T07:00,102.0,55.0,262.9,25.6,1.96,0.0
2026-07-24T08:00,323.0,87.0,572.9,27.4,2.5,0.0
2026-07-24T09:00,501.0,120.0,613.8,27.4,5.49,0.4
2026-07-24T10:00,631.0,216.0,524.8,28.5,3.92,0.1
2026-07-24T11:00,811.0,157.0,718.2,30.0,4.94,0.3
2026-07-24T12:00,910.0,163.0,768.5,30.6,5.1,0.1
2026-07-24T13:00,873.0,153.0,741.7,30.6,5.67,0.1
2026-07-24T14:00,811.0,209.0,663.7,30.4,5.62,0.2
2026-07-24T15:00,665.0,186.0,610.2,30.1,5.71,0.2
2026-07-24T16:00,482.0,129.0,575.8,29.2,5.64,0.1
2026-07-24T17:00,259.0,108.0,374.8,28.9,5.12,0.1
2026-07-24T18:00,90.0,43.0,277.6,27.6,4.28,0.0
2026-07-24T19:00,2.0,2.0,0.0,26.9,3.94,0.1
2026-07-24T20:00,0.0,0.0,0.0,26.2,3.44,0.1
2026-07-24T21:00,0.0,0.0,0.0,25.9,3.01,0.0
2026-07-24T22:00,0.0,0.0,0.0,25.5,2.62,0.0
2026-07-24T23:00,0.0,0.0,0.0,25.6,2.64,0.0
2026-07-25T00:00,0.0,0.0,0.0,25.3,2.9,0.0
2026-07-25T01:00,0.0,0.0,0.0,25.1,3.09,0.0
2026-07-25T02:00,0.0,0.0,0.0,24.7,2.8,0.0
2026-07-25T03:00,0.0,0.0,0.0,24.6,2.02,0.1
2026-07-25T04:00,0.0,0.0,0.0,24.3,1.55,0.0
2026-07-25T05:00,0.0,0.0,0.0,24.6,2.6,0.0
2026-07-25T06:00,3.0,3.0,0.0,24.5,2.7,0.0
2026-07-25T07:00,108.0,52.0,314.0,25.7,2.69,0.0
2026-07-25T08:00,327.0,85.0,587.6,27.5,3.18,0.0
2026-07-25T09:00,544.0,113.0,694.1,28.7,4.19,0.0
2026-07-25T10:00,724.0,143.0,734.3,29.7,5.2,0.0
2026-07-25T11:00,727.0,226.0,549.8,30.4,5.06,0.1
2026-07-25T12:00,844.0,207.0,654.9,30.8,5.13,0.0
2026-07-25T13:00,861.0,178.0,703.0,31.2,5.56,0.1
2026-07-25T14:00,772.0,177.0,655.6,31.2,5.86,0.1
2026-07-25T15:00,633.0,155.0,608.6,30.7,5.99,0.1
2026-07-25T16:00,481.0,125.0,580.5,29.7,6.08,0.1
2026-07-25T17:00,296.0,90.0,511.3,29.2,5.59,0.0
2026-07-25T18:00,99.0,46.0,313.2,27.8,4.58,0.0
2026-07-25T19:00,2.0,2.0,0.0,27.0,3.75,0.0
2026-07-25T20:00,0.0,0.0,0.0,26.5,3.51,0.0
2026-07-25T21:00,0.0,0.0,0.0,26.2,3.43,0.0
2026-07-25T22:00,0.0,0.0,0.0,25.9,3.01,0.1
2026-07-25T23:00,0.0,0.0,0.0,25.8,3.47,0.6
2026-07-26T00:00,0.0,0.0,0.0,25.4,2.95,0.0
2026-07-26T01:00,0.0,0.0,0.0,25.1,2.59,0.0
2026-07-26T02:00,0.0,0.0,0.0,24.8,1.92,0.0
2026-07-26T03:00,0.0,0.0,0.0,24.6,1.66,0.0
2026-07-26T04:00,0.0,0.0,0.0,24.4,2.31,0.1
2026-07-26T05:00,0.0,0.0,0.0,24.4,3.21,0.0
2026-07-26T06:00,2.0,2.0,0.0,24.2,2.8,0.1
2026-07-26T07:00,99.0,47.0,292.2,25.2,2.13,0.0
2026-07-26T08:00,300.0,96.0,495.4,26.7,3.07,0.0
2026-07-26T09:00,516.0,119.0,639.2,27.9,4.88,0.2
2026-07-26T10:00,691.0,135.0,702.3,28.6,4.66,0.5
2026-07-26T11:00,685.0,219.0,511.0,30.0,5.48,0.2
2026-07-26T12:00,875.0,204.0,689.3,30.7,5.75,0.0
2026-07-26T13:00,890.0,198.0,711.8,31.3,5.94,0.0
2026-07-26T14:00,823.0,231.0,651.8,31.0,6.6,0.0
2026-07-26T15:00,711.0,164.0,696.1,30.3,6.63,0.0
2026-07-26T16:00,507.0,128.0,617.8,29.4,6.0,0.0
2026-07-26T17:00,292.0,97.0,484.2,28.7,5.64,0.1
2026-07-26T18:00,96.0,45.0,301.6,27.2,5.09,0.0
2026-07-26T19:00,1.0,1.0,0.0,26.8,4.27,0.0
2026-07-26T20:00,0.0,0.0,0.0,26.5,3.9,0.0
2026-07-26T21:00,0.0,0.0,0.0,26.0,3.56,0.0
2026-07-26T22:00,0.0,0.0,0.0,25.5,2.87,0.0
2026-07-26T23:00,0.0,0.0,0.0,25.7,3.29,0.0
2026-07-27T00:00,0.0,0.0,0.0,25.4,3.48,0.0
2026-07-27T01:00,0.0,0.0,0.0,25.4,3.98,0.0
2026-07-27T02:00,0.0,0.0,0.0,25.2,3.91,0.0
2026-07-27T03:00,0.0,0.0,0.0,24.9,3.54,0.0
2026-07-27T04:00,0.0,0.0,0.0,24.7,3.55,0.0
2026-07-27T05:00,0.0,0.0,0.0,24.9,3.2,0.0
2026-07-27T06:00,2.0,2.0,0.0,24.7,3.52,0.1
2026-07-27T07:00,71.0,57.0,78.8,25.2,3.55,0.0
2026-07-27T08:00,299.0,113.0,451.7,26.2,4.87,0.2
2026-07-27T09:00,498.0,158.0,547.2,27.4,5.69,0.2
2026-07-27T10:00,609.0,178.0,544.1,28.3,5.59,0.2
2026-07-27T11:00,783.0,191.0,648.8,29.5,6.17,0.1
2026-07-27T12:00,874.0,214.0,677.5,30.0,6.16,0.5
2026-07-27T13:00,744.0,252.0,505.7,29.9,6.55,0.1
2026-07-27T14:00,815.0,184.0,694.3,30.4,6.88,0.3
2026-07-27T15:00,699.0,137.0,714.8,30.2,6.87,0.0
2026-07-27T16:00,516.0,116.0,651.9,29.2,6.42,0.1
2026-07-27T17:00,261.0,117.0,357.7,28.6,5.1,0.1
2026-07-27T18:00,97.0,51.0,272.2,27.4,3.53,0.0
2026-07-27T19:00,2.0,2.0,0.0,26.5,2.69,0.0
2026-07-27T20:00,0.0,0.0,0.0,26.1,2.25,0.0
2026-07-27T21:00,0.0,0.0,0.0,25.8,2.46,0.2
2026-07-27T22:00,0.0,0.0,0.0,24.7,3.22,0.7
2026-07-27T23:00,0.0,0.0,0.0,24.7,3.22,0.7
2026-07-28T00:00,0.0,0.0,0.0,24.3,2.3,0.0
2026-07-28T01:00,0.0,0.0,0.0,24.3,1.65,0.0
2026-07-28T02:00,0.0,0.0,0.0,24.2,0.8,0.0
2026-07-28T03:00,0.0,0.0,0.0,24.2,0.6,0.1
2026-07-28T04:00,0.0,0.0,0.0,23.9,0.64,0.1
2026-07-28T05:00,0.0,0.0,0.0,24.3,0.76,0.7
2026-07-28T06:00,2.0,2.0,0.0,23.9,2.61,0.9
2026-07-28T07:00,76.0,57.0,107.2,24.6,2.71,0.4
2026-07-28T08:00,239.0,143.0,233.2,25.6,2.65,0.1
2026-07-28T09:00,397.0,242.0,249.3,26.3,4.59,0.3
2026-07-28T10:00,597.0,275.0,406.2,27.8,4.55,0.2
2026-07-28T11:00,632.0,319.0,342.8,28.8,5.59,0.6
2026-07-28T12:00,835.0,218.0,632.9,29.9,5.96,0.1
2026-07-28T13:00,760.0,320.0,452.0,29.7,6.47,0.3
2026-07-28T14:00,777.0,278.0,548.7,29.8,6.94,0.2
2026-07-28T15:00,583.0,245.0,429.7,29.3,7.58,0.2
2026-07-28T16:00,436.0,222.0,348.7,28.6,7.22,0.1
2026-07-28T17:00,222.0,138.0,208.7,28.2,5.54,0.1
2026-07-28T18:00,58.0,46.0,71.1,26.6,4.26,0.1
2026-07-28T19:00,2.0,2.0,0.0,26.3,3.42,0.1
2026-07-28T20:00,0.0,0.0,0.0,26.0,3.35,0.1
2026-07-28T21:00,0.0,0.0,0.0,25.7,2.89,0.0
2026-07-28T22:00,0.0,0.0,0.0,25.4,2.57,0.2
2026-07-28T23:00,0.0,0.0,0.0,24.6,1.87,0.2
2026-07-29T00:00,0.0,0.0,0.0,24.2,2.78,0.8
2026-07-29T01:00,0.0,0.0,0.0,24.1,1.42,0.9
2026-07-29T02:00,0.0,0.0,0.0,24.0,2.85,0.4
2026-07-29T03:00,0.0,0.0,0.0,23.8,2.36,0.3
2026-07-29T04:00,0.0,0.0,0.0,23.9,2.3,0.2
2026-07-29T05:00,0.0,0.0,0.0,24.2,1.98,0.1
2026-07-29T06:00,2.0,2.0,0.0,24.2,1.63,0.2
2026-07-29T07:00,80.0,64.0,90.4,24.6,2.11,0.5
2026-07-29T08:00,218.0,126.0,223.5,25.4,2.27,0.6
2026-07-29T09:00,407.0,193.0,344.1,26.5,2.2,0.8
2026-07-29T10:00,614.0,222.0,494.2,28.5,3.78,0.6
2026-07-29T11:00,759.0,304.0,497.9,29.6,6.3,0.1
2026-07-29T12:00,857.0,192.0,681.7,30.2,7.67,0.2
2026-07-29T13:00,894.0,172.0,741.1,30.2,8.21,0.1
2026-07-29T14:00,784.0,196.0,646.2,30.0,8.07,0.1
2026-07-29T15:00,665.0,177.0,620.1,29.7,7.75,0.1
2026-07-29T16:00,499.0,159.0,553.9,29.2,7.32,0.0
2026-07-29T17:00,286.0,124.0,402.8,28.7,6.2,0.0
2026-07-29T18:00,97.0,51.0,272.7,27.6,4.84,0.0
2026-07-29T19:00,2.0,2.0,0.0,27.1,4.64,0.0
2026-07-29T20:00,0.0,0.0,0.0,26.9,4.91,0.0
2026-07-29T21:00,0.0,0.0,0.0,26.9,4.8,0.0
2026-07-29T22:00,0.0,0.0,0.0,26.2,3.86,0.2
2026-07-29T23:00,0.0,0.0,0.0,25.3,1.81,1.5
2026-07-30T00:00,0.0,0.0,0.0,24.8,0.95,0.5
2026-07-30T01:00,0.0,0.0,0.0,24.2,1.07,1.8
2026-07-30T02:00,0.0,0.0,0.0,23.9,0.81,0.4
2026-07-30T03:00,0.0,0.0,0.0,23.9,1.12,0.7
2026-07-30T04:00,0.0,0.0,0.0,23.4,2.07,0.3
2026-07-30T05:00,0.0,0.0,0.0,24.6,0.74,0.3
2026-07-30T06:00,2.0,2.0,0.0,24.3,0.89,0.3
2026-07-30T07:00,101.0,58.0,243.5,24.8,1.61,0.1
2026-07-30T08:00,238.0,126.0,272.0,25.6,1.46,0.2
2026-07-30T09:00,512.0,145.0,589.8,27.0,3.92,0.1
2026-07-30T10:00,593.0,228.0,459.9,27.8,5.76,0.4
2026-07-30T11:00,798.0,203.0,650.7,28.8,5.89,0.2
2026-07-30T12:00,847.0,202.0,660.7,29.8,7.7,0.3
2026-07-30T13:00,772.0,199.0,587.8,30.1,7.8,0.2
2026-07-30T14:00,822.0,206.0,676.6,30.2,7.91,0.1
2026-07-30T15:00,638.0,176.0,586.8,29.4,7.73,0.2
2026-07-30T16:00,465.0,152.0,509.9,29.0,7.53,0.4
2026-07-30T17:00,225.0,111.0,283.6,27.9,5.69,0.2
2026-07-30T18:00,98.0,49.0,290.8,27.4,5.52,0.1
2026-07-30T19:00,1.0,1.0,0.0,26.9,4.77,0.0
2026-07-30T20:00,0.0,0.0,0.0,26.5,3.94,0.3
2026-07-30T21:00,0.0,0.0,0.0,25.0,4.07,0.9
2026-07-30T22:00,0.0,0.0,0.0,24.4,2.86,0.1
2026-07-30T23:00,0.0,0.0,0.0,24.5,1.83,0.0
2026-07-31T00:00,0.0,0.0,0.0,23.9,1.97,0.5
2026-07-31T01:00,0.0,0.0,0.0,23.7,2.0,0.2
2026-07-31T02:00,0.0,0.0,0.0,23.6,2.84,0.1
2026-07-31T03:00,0.0,0.0,0.0,23.4,1.7,0.1
2026-07-31T04:00,0.0,0.0,0.0,23.1,2.67,0.2
2026-07-31T05:00,0.0,0.0,0.0,24.3,3.75,0.0
2026-07-31T06:00,2.0,2.0,0.0,24.0,3.42,0.1
2026-07-31T07:00,101.0,52.0,277.9,25.3,3.47,0.0
2026-07-31T08:00,222.0,146.0,184.6,26.2,4.13,0.1
2026-07-31T09:00,534.0,138.0,636.1,27.6,4.67,0.0
2026-07-31T10:00,617.0,178.0,552.7,28.3,4.96,0.2
2026-07-31T11:00,663.0,170.0,538.7,29.4,6.11,0.8
2026-07-31T12:00,805.0,244.0,574.2,27.1,4.88,2.5
2026-07-31T13:00,865.0,184.0,698.1,28.8,4.72,0.5
2026-07-31T14:00,502.0,308.0,213.0,25.7,5.39,1.6
2026-07-31T15:00,538.0,231.0,389.8,27.4,5.28,0.4
2026-07-31T16:00,278.0,210.0,110.8,23.8,5.22,3.9
2026-07-31T17:00,68.0,65.0,7.5,26.9,5.34,7.3
2026-07-31T18:00,79.0,50.0,172.3,26.1,3.1,0.0
2026-07-31T19:00,1.0,1.0,0.0,24.3,5.79,1.1
2026-07-31T20:00,0.0,0.0,0.0,23.8,4.67,3.5
2026-07-31T21:00,0.0,0.0,0.0,24.0,2.77,1.8
2026-07-31T22:00,0.0,0.0,0.0,24.0,3.11,0.7
2026-07-31T23:00,0.0,0.0,0.0,24.2,5.24,1.4
2026-08-01T00:00,0.0,0.0,0.0,23.9,5.38,8.2
2026-08-01T01:00,0.0,0.0,0.0,23.9,4.61,11.6
2026-08-01T02:00,0.0,0.0,0.0,23.3,5.91,11.0
2026-08-01T03:00,0.0,0.0,0.0,23.3,4.46,11.2
2026-08-01T04:00,0.0,0.0,0.0,23.7,3.81,6.0
2026-08-01T05:00,0.0,0.0,0.0,23.1,4.79,1.8
2026-08-01T06:00,0.0,0.0,0.0,23.3,5.44,2.5
2026-08-01T07:00,14.0,14.0,0.0,23.5,3.97,1.2
2026-08-01T08:00,87.0,81.0,14.6,24.0,4.44,0.7
2026-08-01T09:00,191.0,160.0,49.8,24.5,5.19,0.9
2026-08-01T10:00,192.0,183.0,11.3,25.2,3.59,0.4
2026-08-01T11:00,279.0,262.0,18.6,26.2,5.98,1.0
2026-08-01T12:00,642.0,374.0,274.1,26.9,4.77,1.5
2026-08-01T13:00,508.0,360.0,151.6,26.6,7.02,0.4
2026-08-01T14:00,469.0,326.0,156.9,25.3,6.16,4.3
2026-08-01T15:00,376.0,237.0,176.4,25.1,5.59,6.8
2026-08-01T16:00,105.0,105.0,0.0,24.4,5.24,2.8
2026-08-01T17:00,94.0,74.0,49.8,24.9,5.75,1.5
2026-08-01T18:00,18.0,18.0,0.0,23.7,4.4,2.0
2026-08-01T19:00,1.0,1.0,0.0,23.4,4.35,1.6
2026-08-01T20:00,0.0,0.0,0.0,23.5,4.53,0.7
2026-08-01T21:00,0.0,0.0,0.0,23.4,3.54,0.3
2026-08-01T22:00,0.0,0.0,0.0,23.3,3.72,1.2
2026-08-01T23:00,0.0,0.0,0.0,24.0,5.35,1.7
2026-08-02T00:00,0.0,0.0,0.0,23.5,5.57,1.7
2026-08-02T01:00,0.0,0.0,0.0,23.3,5.09,1.6
2026-08-02T02:00,0.0,0.0,0.0,23.1,4.96,1.1
2026-08-02T03:00,0.0,0.0,0.0,23.2,4.52,0.7
2026-08-02T04:00,0.0,0.0,0.0,23.2,3.02,1.4
2026-08-02T05:00,0.0,0.0,0.0,23.5,4.1,0.7
2026-08-02T06:00,1.0,1.0,0.0,23.5,3.29,0.2
2026-08-02T07:00,31.0,31.0,0.0,23.5,3.67,0.7
2026-08-02T08:00,107.0,97.0,24.3,23.9,3.99,0.1
2026-08-02T09:00,226.0,152.0,118.7,23.9,4.54,0.8
2026-08-02T10:00,321.0,265.0,70.4,25.0,3.76,0.4
2026-08-02T11:00,293.0,251.0,45.8,26.9,5.05,0.0
2026-08-02T12:00,163.0,154.0,9.2,26.6,3.89,0.0
2026-08-02T13:00,266.0,238.0,28.7,26.4,5.31,0.3
2026-08-02T14:00,179.0,179.0,0.0,25.8,3.46,0.7
2026-08-02T15:00,405.0,266.0,176.4,26.8,3.56,0.4
2026-08-02T16:00,297.0,230.0,109.2,24.1,4.75,5.7
2026-08-02T17:00,59.0,56.0,7.5,26.4,3.05,1.6
2026-08-02T18:00,42.0,37.0,29.8,24.0,3.97,1.7
2026-08-02T19:00,1.0,1.0,0.0,22.5,2.64,4.8
2026-08-02T20:00,0.0,0.0,0.0,23.0,2.67,1.3
2026-08-02T21:00,0.0,0.0,0.0,23.1,2.27,4.2
2026-08-02T22:00,0.0,0.0,0.0,23.1,2.82,2.9
2026-08-02T23:00,0.0,0.0,0.0,23.4,3.05,3.1
2026-08-03T00:00,0.0,0.0,0.0,23.2,2.22,9.3
2026-08-03T01:00,0.0,0.0,0.0,23.3,3.14,5.1
2026-08-03T02:00,0.0,0.0,0.0,23.2,3.05,2.2
2026-08-03T03:00,0.0,0.0,0.0,23.2,3.86,1.6
2026-08-03T04:00,0.0,0.0,0.0,23.0,4.53,3.2
2026-08-03T05:00,0.0,0.0,0.0,23.3,4.14,3.4
2026-08-03T06:00,0.0,0.0,0.0,23.2,3.91,0.3
2026-08-03T07:00,17.0,17.0,0.0,23.4,4.11,0.8
2026-08-03T08:00,150.0,114.0,87.4,24.3,4.88,0.4
2026-08-03T09:00,127.0,126.0,1.6,24.3,4.19,2.0
2026-08-03T10:00,203.0,201.0,2.5,24.7,4.59,1.0
2026-08-03T11:00,329.0,281.0,52.3,26.1,4.69,0.3
2026-08-03T12:00,453.0,360.0,95.0,27.1,5.48,0.2
2026-08-03T13:00,665.0,314.0,359.1,27.6,6.51,0.5
2026-08-03T14:00,636.0,268.0,403.3,27.9,6.31,0.3
2026-08-03T15:00,502.0,225.0,351.4,27.6,6.5,0.5
2026-08-03T16:00,383.0,202.0,294.9,27.3,6.67,0.7
2026-08-03T17:00,191.0,136.0,137.4,27.5,5.41,0.8
2026-08-03T18:00,43.0,38.0,29.9,26.3,5.13,0.0
2026-08-03T19:00,1.0,1.0,0.0,25.4,5.04,0.1
2026-08-03T20:00,0.0,0.0,0.0,24.8,4.0,0.0
2026-08-03T21:00,0.0,0.0,0.0,24.4,4.05,0.0
2026-08-03T22:00,0.0,0.0,0.0,24.1,3.7,0.0
2026-08-03T23:00,0.0,0.0,0.0,24.4,4.16,0.2
2026-08-04T00:00,0.0,0.0,0.0,23.7,4.6,0.7
2026-08-04T01:00,0.0,0.0,0.0,23.3,4.16,0.7
2026-08-04T02:00,0.0,0.0,0.0,23.2,4.46,0.3
2026-08-04T03:00,0.0,0.0,0.0,23.2,3.91,1.3
2026-08-04T04:00,0.0,0.0,0.0,22.9,3.6,1.8
2026-08-04T05:00,0.0,0.0,0.0,23.4,3.39,1.7
2026-08-04T06:00,2.0,2.0,0.0,23.6,3.59,0.0
2026-08-04T07:00,76.0,54.0,125.3,24.4,4.21,0.1
2026-08-04T08:00,139.0,121.0,43.7,24.4,4.18,1.1
2026-08-04T09:00,426.0,210.0,346.1,25.7,4.46,0.7
2026-08-04T10:00,631.0,234.0,498.4,27.0,4.54,0.3
2026-08-04T11:00,786.0,262.0,570.9,25.2,3.93,0.3
2026-08-04T12:00,218.0,214.0,4.1,25.7,3.08,0.7
2026-08-04T13:00,466.0,354.0,114.5,26.2,4.89,0.8
2026-08-04T14:00,657.0,347.0,339.6,25.6,6.24,3.1
2026-08-04T15:00,495.0,225.0,342.4,25.6,3.83,3.9
2026-08-04T16:00,383.0,167.0,352.1,26.0,4.52,0.5
2026-08-04T17:00,227.0,134.0,232.6,25.4,4.67,1.0
2026-08-04T18:00,66.0,50.0,95.7,24.6,4.96,0.1
2026-08-04T19:00,1.0,1.0,0.0,24.0,4.74,0.3
2026-08-04T20:00,0.0,0.0,0.0,23.9,4.52,0.0
2026-08-04T21:00,0.0,0.0,0.0,23.9,4.26,0.0
2026-08-04T22:00,0.0,0.0,0.0,23.8,3.65,0.0
2026-08-04T23:00,0.0,0.0,0.0,24.1,4.46,0.0
2026-08-05T00:00,0.0,0.0,0.0,23.8,3.69,0.0
2026-08-05T01:00,0.0,0.0,0.0,23.6,4.23,0.1
2026-08-05T02:00,0.0,0.0,0.0,23.5,3.91,0.2
2026-08-05T03:00,0.0,0.0,0.0,23.1,3.04,1.0
2026-08-05T04:00,0.0,0.0,0.0,22.9,3.38,1.8
2026-08-05T05:00,0.0,0.0,0.0,23.3,3.22,0.1
2026-08-05T06:00,1.0,1.0,0.0,22.9,4.38,1.4
2026-08-05T07:00,40.0,38.0,11.4,22.7,3.83,2.7
2026-08-05T08:00,228.0,159.0,167.3,24.2,4.17,0.4
2026-08-05T09:00,422.0,232.0,304.2,26.0,5.49,0.0
2026-08-05T10:00,555.0,281.0,343.7,27.3,5.77,0.0
2026-08-05T11:00,835.0,215.0,675.0,28.3,6.47,0.0
2026-08-05T12:00,812.0,231.0,592.6,28.6,6.86,0.0
2026-08-05T13:00,712.0,277.0,444.5,27.9,6.19,0.0
2026-08-05T14:00,694.0,313.0,417.2,28.1,6.34,0.0
2026-08-05T15:00,615.0,239.0,476.8,28.1,6.35,0.0
2026-08-05T16:00,498.0,157.0,556.0,27.7,6.7,0.0
2026-08-05T17:00,264.0,138.0,315.5,27.5,4.67,0.0
2026-08-05T18:00,63.0,37.0,155.8,26.2,4.41,0.5
2026-08-05T19:00,1.0,1.0,0.0,25.6,4.67,0.1
2026-08-05T20:00,0.0,0.0,0.0,25.1,4.23,0.0
2026-08-05T21:00,0.0,0.0,0.0,25.1,3.7,0.0
2026-08-05T22:00,0.0,0.0,0.0,24.6,3.96,0.5
2026-08-05T23:00,0.0,0.0,0.0,24.9,2.98,0.1
2026-08-06T00:00,0.0,0.0,0.0,23.9,3.37,1.2
2026-08-06T01:00,0.0,0.0,0.0,23.5,2.88,2.3
2026-08-06T02:00,0.0,0.0,0.0,23.4,2.25,0.6
2026-08-06T03:00,0.0,0.0,0.0,23.1,3.34,0.4
2026-08-06T04:00,0.0,0.0,0.0,23.0,2.65,0.4
2026-08-06T05:00,0.0,0.0,0.0,24.0,1.8,0.3
2026-08-06T06:00,1.0,1.0,0.0,23.7,1.39,0.2
2026-08-06T07:00,71.0,50.0,119.8,24.2,4.05,0.8
2026-08-06T08:00,144.0,138.0,14.5,24.4,4.24,0.5
2026-08-06T09:00,326.0,243.0,132.8,25.6,4.41,0.1
2026-08-06T10:00,293.0,236.0,71.4,25.4,5.25,1.0
2026-08-06T11:00,250.0,221.0,31.5,25.4,4.24,4.2
2026-08-06T12:00,557.0,328.0,233.4,25.7,4.6,4.3
2026-08-06T13:00,547.0,313.0,239.0,25.5,5.08,2.2
2026-08-06T14:00,545.0,280.0,290.1,24.9,6.09,2.4
2026-08-06T15:00,232.0,192.0,50.7,24.4,4.78,1.8
2026-08-06T16:00,144.0,133.0,17.9,24.3,3.32,1.3
2026-08-06T17:00,54.0,54.0,0.0,24.7,5.31,3.2
2026-08-06T18:00,65.0,56.0,54.1,24.2,3.64,0.2
2026-08-06T19:00,1.0,1.0,0.0,24.1,3.87,0.0
2026-08-06T20:00,0.0,0.0,0.0,23.7,3.09,0.0
2026-08-06T21:00,0.0,0.0,0.0,23.0,2.8,2.4
2026-08-06T22:00,0.0,0.0,0.0,22.9,3.2,1.2
2026-08-06T23:00,0.0,0.0,0.0,23.6,4.2,0.7
2026-08-07T00:00,0.0,0.0,0.0,23.4,3.64,0.4
2026-08-07T01:00,0.0,0.0,0.0,23.3,2.85,0.6
2026-08-07T02:00,0.0,0.0,0.0,23.3,3.36,0.3
2026-08-07T03:00,0.0,0.0,0.0,23.2,4.61,1.0
2026-08-07T04:00,0.0,0.0,0.0,22.8,4.8,2.0
2026-08-07T05:00,0.0,0.0,0.0,23.3,4.63,0.9
2026-08-07T06:00,1.0,1.0,0.0,23.5,4.27,0.2
2026-08-07T07:00,83.0,53.0,171.3,24.2,5.31,0.0
2026-08-07T08:00,185.0,129.0,135.6,24.9,5.56,0.2
2026-08-07T09:00,339.0,222.0,187.1,25.3,5.59,0.8
2026-08-07T10:00,327.0,263.0,80.2,25.5,5.81,0.5
2026-08-07T11:00,320.0,266.0,58.7,25.5,6.52,0.5
2026-08-07T12:00,357.0,350.0,7.1,25.9,6.75,0.2
2026-08-07T13:00,542.0,356.0,189.8,26.8,6.73,0.1
2026-08-07T14:00,302.0,286.0,17.5,26.3,6.2,0.2
2026-08-07T15:00,311.0,271.0,50.7,26.1,6.17,0.4
2026-08-07T16:00,272.0,206.0,107.7,26.1,5.89,0.3
2026-08-07T17:00,89.0,89.0,0.0,25.5,5.52,0.7
2026-08-07T18:00,29.0,29.0,0.0,24.7,4.7,0.6
2026-08-07T19:00,0.0,0.0,0.0,23.6,4.33,0.7
2026-08-07T20:00,0.0,0.0,0.0,23.6,3.15,0.3
2026-08-07T21:00,0.0,0.0,0.0,23.8,2.85,0.4
2026-08-07T22:00,0.0,0.0,0.0,23.8,2.39,0.5
2026-08-07T23:00,0.0,0.0,0.0,23.9,3.48,1.3
2026-08-08T00:00,0.0,0.0,0.0,23.6,4.31,1.1
2026-08-08T01:00,0.0,0.0,0.0,23.5,3.84,0.8
2026-08-08T02:00,0.0,0.0,0.0,23.2,4.42,1.1
2026-08-08T03:00,0.0,0.0,0.0,22.8,4.04,0.2
2026-08-08T04:00,0.0,0.0,0.0,22.5,3.36,0.3
2026-08-08T05:00,0.0,0.0,0.0,23.4,3.74,0.9
2026-08-08T06:00,1.0,1.0,0.0,23.2,3.65,0.9
2026-08-08T07:00,53.0,37.0,91.4,23.5,3.55,0.1
2026-08-08T08:00,73.0,73.0,0.0,23.3,3.55,0.2
2026-08-08T09:00,193.0,169.0,38.3,24.4,3.97,0.0
2026-08-08T10:00,226.0,215.0,13.8,25.2,4.35,0.1
2026-08-08T11:00,360.0,196.0,178.1,27.9,4.47,0.6
2026-08-08T12:00,586.0,373.0,216.8,24.9,6.98,3.2
2026-08-08T13:00,589.0,382.0,211.2,26.0,4.79,4.4
2026-08-08T14:00,561.0,228.0,364.2,27.0,5.6,0.4
2026-08-08T15:00,357.0,303.0,68.5,26.6,6.08,0.4
2026-08-08T16:00,189.0,178.0,18.0,23.7,4.09,4.4
2026-08-08T17:00,92.0,86.0,15.1,24.8,4.19,0.8
2026-08-08T18:00,60.0,52.0,48.3,24.5,3.98,0.8
2026-08-08T19:00,1.0,1.0,0.0,24.0,2.48,0.1
2026-08-08T20:00,0.0,0.0,0.0,23.6,4.46,0.3
2026-08-08T21:00,0.0,0.0,0.0,23.6,3.8,0.2
2026-08-08T22:00,0.0,0.0,0.0,23.6,3.86,0.0
2026-08-08T23:00,0.0,0.0,0.0,24.2,4.33,0.0
2026-08-09T00:00,0.0,0.0,0.0,24.0,3.97,0.0
2026-08-09T01:00,0.0,0.0,0.0,23.8,3.91,0.0
2026-08-09T02:00,0.0,0.0,0.0,23.6,4.25,0.3
2026-08-09T03:00,0.0,0.0,0.0,23.4,3.82,0.6
2026-08-09T04:00,0.0,0.0,0.0,23.2,3.5,0.2
2026-08-09T05:00,0.0,0.0,0.0,23.3,3.54,0.1
2026-08-09T06:00,2.0,2.0,0.0,23.2,3.18,0.1
2026-08-09T07:00,80.0,66.0,80.0,24.1,3.94,0.0
2026-08-09T08:00,258.0,133.0,302.4,25.2,4.53,0.1
2026-08-09T09:00,482.0,149.0,531.6,26.5,4.36,0.2
2026-08-09T10:00,670.0,247.0,528.9,27.9,4.94,0.1
2026-08-09T11:00,736.0,267.0,509.0,28.8,6.4,0.1
2026-08-09T12:00,797.0,300.0,505.5,27.0,6.68,1.5
2026-08-09T13:00,628.0,296.0,338.5,28.1,5.37,0.2
2026-08-09T14:00,726.0,267.0,501.9,29.0,5.63,0.1
2026-08-09T15:00,388.0,321.0,84.9,28.2,6.11,0.2
2026-08-09T16:00,397.0,215.0,297.3,27.7,5.91,0.4
2026-08-09T17:00,208.0,140.0,171.4,27.9,4.86,0.3
2026-08-09T18:00,77.0,52.0,151.3,26.8,4.68,0.1
2026-08-09T19:00,1.0,1.0,0.0,26.0,4.57,0.1
2026-08-09T20:00,0.0,0.0,0.0,25.3,3.62,0.0
2026-08-09T21:00,0.0,0.0,0.0,25.0,2.25,0.0
2026-08-09T22:00,0.0,0.0,0.0,24.7,2.02,0.0
2026-08-09T23:00,0.0,0.0,0.0,24.8,2.66,0.2
2026-08-10T00:00,0.0,0.0,0.0,24.5,2.53,0.1
2026-08-10T01:00,0.0,0.0,0.0,24.1,2.46,0.0
2026-08-10T02:00,0.0,0.0,0.0,24.1,2.56,0.0
2026-08-10T03:00,0.0,0.0,0.0,24.0,2.16,0.0
2026-08-10T04:00,0.0,0.0,0.0,23.6,1.88,0.0
2026-08-10T05:00,0.0,0.0,0.0,24.0,2.4,0.1
2026-08-10T06:00,2.0,2.0,0.0,23.8,2.58,0.1
2026-08-10T07:00,90.0,47.0,245.6,24.7,2.26,0.0
2026-08-10T08:00,314.0,94.0,531.8,26.0,3.33,0.0
2026-08-10T09:00,513.0,126.0,617.3,27.4,3.86,0.2
2026-08-10T10:00,718.0,159.0,698.4,28.4,4.35,0.0
2026-08-10T11:00,874.0,150.0,785.2,29.0,4.7,0.2
2026-08-10T12:00,755.0,339.0,422.8,27.5,5.32,1.9
2026-08-10T13:00,842.0,208.0,646.1,29.0,5.56,0.3
2026-08-10T14:00,777.0,199.0,631.8,29.4,5.59,0.1
2026-08-10T15:00,648.0,226.0,535.0,29.2,6.03,0.0
2026-08-10T16:00,368.0,223.0,237.0,28.6,6.09,0.1
2026-08-10T17:00,252.0,115.0,346.1,28.1,5.3,0.1
2026-08-10T18:00,89.0,41.0,291.3,27.0,4.3,0.0
2026-08-10T19:00,1.0,1.0,0.0,26.1,3.69,0.0
2026-08-10T20:00,0.0,0.0,0.0,25.6,2.98,0.0
2026-08-10T21:00,0.0,0.0,0.0,25.1,2.68,0.0
2026-08-10T22:00,0.0,0.0,0.0,24.8,2.26,0.0
2026-08-10T23:00,0.0,0.0,0.0,25.0,2.24,0.0
2026-08-11T00:00,0.0,0.0,0.0,24.7,2.2,0.0
2026-08-11T01:00,0.0,0.0,0.0,24.4,2.12,0.0
2026-08-11T02:00,0.0,0.0,0.0,24.1,2.04,0.0
2026-08-11T03:00,0.0,0.0,0.0,23.9,2.31,0.0
2026-08-11T04:00,0.0,0.0,0.0,23.8,2.45,0.0
2026-08-11T05:00,0.0,0.0,0.0,24.4,2.34,0.0
2026-08-11T06:00,2.0,2.0,0.0,24.3,2.45,0.0
2026-08-11T07:00,102.0,56.0,262.7,25.4,2.44,0.0
2026-08-11T08:00,322.0,96.0,545.9,27.0,2.95,0.0
2026-08-11T09:00,516.0,155.0,575.3,28.1,4.65,0.1
2026-08-11T10:00,646.0,209.0,545.5,28.5,5.19,0.2
2026-08-11T11:00,776.0,216.0,606.9,29.2,4.43,0.0
2026-08-11T12:00,860.0,291.0,578.0,29.4,4.67,0.2
2026-08-11T13:00,659.0,283.0,383.0,26.3,4.84,5.2
2026-08-11T14:00,481.0,309.0,188.0,27.8,3.09,0.5
2026-08-11T15:00,584.0,295.0,366.5,28.7,5.25,0.1
2026-08-11T16:00,336.0,235.0,165.2,28.2,5.84,0.1
2026-08-11T17:00,203.0,127.0,192.4,25.8,2.55,0.3
2026-08-11T18:00,67.0,52.0,91.3,26.0,2.19,0.1
2026-08-11T19:00,1.0,1.0,0.0,25.6,2.95,0.1
2026-08-11T20:00,0.0,0.0,0.0,25.2,3.01,0.0
2026-08-11T21:00,0.0,0.0,0.0,24.9,2.71,0.0
2026-08-11T22:00,0.0,0.0,0.0,24.5,2.06,0.1
2026-08-11T23:00,0.0,0.0,0.0,24.4,2.01,0.0
2026-08-12T00:00,0.0,0.0,0.0,24.1,1.45,0.0
2026-08-12T01:00,0.0,0.0,0.0,23.7,2.39,0.0
2026-08-12T02:00,0.0,0.0,0.0,23.7,2.72,0.1
2026-08-12T03:00,0.0,0.0,0.0,23.5,3.04,0.0
2026-08-12T04:00,0.0,0.0,0.0,23.5,2.37,0.0
2026-08-12T05:00,0.0,0.0,0.0,23.8,2.37,0.0
2026-08-12T06:00,2.0,2.0,0.0,23.8,2.23,0.1
2026-08-12T07:00,90.0,58.0,182.6,24.9,3.04,0.0
2026-08-12T08:00,297.0,115.0,439.2,26.2,4.31,0.0
2026-08-12T09:00,478.0,125.0,562.0,27.4,4.89,0.2
2026-08-12T10:00,629.0,203.0,531.4,28.3,4.64,0.1
2026-08-12T11:00,800.0,202.0,647.5,29.3,4.4,0.1
2026-08-12T12:00,844.0,263.0,589.8,29.6,4.25,0.2
2026-08-12T13:00,768.0,214.0,564.0,28.1,3.33,2.1
2026-08-12T14:00,808.0,191.0,674.2,29.7,4.57,0.1
2026-08-12T15:00,651.0,204.0,566.9,29.4,5.89,0.2
2026-08-12T16:00,495.0,134.0,591.1,28.4,5.52,0.5
2026-08-12T17:00,242.0,121.0,307.1,28.2,4.61,0.5
2026-08-12T18:00,77.0,43.0,207.7,26.9,3.92,0.0
2026-08-12T19:00,1.0,1.0,0.0,26.1,3.45,0.0
2026-08-12T20:00,0.0,0.0,0.0,25.7,2.93,0.0
2026-08-12T21:00,0.0,0.0,0.0,25.3,2.79,0.0
2026-08-12T22:00,0.0,0.0,0.0,25.1,2.49,0.0
2026-08-12T23:00,0.0,0.0,0.0,25.3,2.1,0.0
2026-08-13T00:00,0.0,0.0,0.0,24.8,2.05,0.1
2026-08-13T01:00,0.0,0.0,0.0,24.6,2.2,0.1
2026-08-13T02:00,0.0,0.0,0.0,24.2,2.0,0.1
2026-08-13T03:00,0.0,0.0,0.0,23.9,1.75,0.2
2026-08-13T04:00,0.0,0.0,0.0,23.7,1.62,0.3
2026-08-13T05:00,0.0,0.0,0.0,24.4,1.81,0.1
2026-08-13T06:00,2.0,2.0,0.0,24.2,3.37,0.2
2026-08-13T07:00,44.0,44.0,0.0,24.4,3.26,0.2
2026-08-13T08:00,287.0,123.0,395.4,25.7,3.22,0.0
2026-08-13T09:00,480.0,169.0,494.7,27.1,4.36,0.0
2026-08-13T10:00,626.0,197.0,534.6,28.0,4.88,0.1
2026-08-13T11:00,658.0,300.0,387.4,28.8,5.12,0.1
2026-08-13T12:00,888.0,211.0,686.8,29.3,5.04,0.4
2026-08-13T13:00,845.0,291.0,563.8,26.9,5.88,2.1
2026-08-13T14:00,638.0,307.0,361.6,27.3,3.0,5.2
2026-08-13T15:00,644.0,190.0,576.0,25.7,5.52,4.5
2026-08-13T16:00,294.0,172.0,200.0,26.4,2.9,3.5
2026-08-13T17:00,242.0,128.0,290.0,26.6,4.15,0.6
2026-08-13T18:00,75.0,42.0,202.2,25.9,2.94,0.6
2026-08-13T19:00,0.0,0.0,0.0,25.4,2.59,0.0
2026-08-13T20:00,0.0,0.0,0.0,25.0,2.47,0.0
2026-08-13T21:00,0.0,0.0,0.0,24.8,2.59,0.0
2026-08-13T22:00,0.0,0.0,0.0,24.6,2.67,0.0
2026-08-13T23:00,0.0,0.0,0.0,25.0,2.69,0.0
2026-08-14T00:00,0.0,0.0,0.0,24.8,2.45,0.2
2026-08-14T01:00,0.0,0.0,0.0,24.6,2.87,0.1
2026-08-14T02:00,0.0,0.0,0.0,24.4,2.66,0.0
2026-08-14T03:00,0.0,0.0,0.0,23.9,2.79,0.0
2026-08-14T04:00,0.0,0.0,0.0,23.8,2.84,0.0
2026-08-14T05:00,0.0,0.0,0.0,23.9,2.0,0.0
2026-08-14T06:00,2.0,2.0,0.0,23.8,1.87,0.0
2026-08-14T07:00,97.0,52.0,256.5,24.6,2.0,0.0
2026-08-14T08:00,306.0,108.0,476.9,25.7,3.54,0.2
2026-08-14T09:00,459.0,161.0,473.6,26.8,3.85,0.5
2026-08-14T10:00,660.0,165.0,616.3,28.2,4.47,0.2
2026-08-14T11:00,748.0,200.0,592.5,28.8,5.36,0.2
2026-08-14T12:00,850.0,224.0,634.7,29.0,5.15,0.2
2026-08-14T13:00,691.0,314.0,383.5,28.7,5.14,0.3
2026-08-14T14:00,501.0,293.0,227.2,27.7,5.59,0.6
2026-08-14T15:00,452.0,245.0,262.7,27.6,5.97,0.6
2026-08-14T16:00,389.0,206.0,300.3,26.5,5.12,1.7
2026-08-14T17:00,130.0,107.0,58.7,25.5,3.91,0.5
2026-08-14T18:00,62.0,45.0,104.6,25.1,3.98,0.5
2026-08-14T19:00,0.0,0.0,0.0,24.7,2.52,0.1
2026-08-14T20:00,0.0,0.0,0.0,24.6,3.0,0.3
2026-08-14T21:00,0.0,0.0,0.0,24.0,4.43,1.7
2026-08-14T22:00,0.0,0.0,0.0,23.6,3.68,0.7
2026-08-14T23:00,0.0,0.0,0.0,23.5,2.71,0.7
2026-08-15T00:00,0.0,0.0,0.0,23.3,1.72,0.4
2026-08-15T01:00,0.0,0.0,0.0,23.3,2.2,0.8
2026-08-15T02:00,0.0,0.0,0.0,23.3,1.35,0.0
2026-08-15T03:00,0.0,0.0,0.0,23.2,1.98,0.0
2026-08-15T04:00,0.0,0.0,0.0,23.2,1.59,0.0
2026-08-15T05:00,0.0,0.0,0.0,23.5,2.18,0.0
2026-08-15T06:00,1.0,1.0,0.0,23.5,2.34,0.1
2026-08-15T07:00,96.0,53.0,244.8,24.4,1.89,0.0
2026-08-15T08:00,308.0,111.0,474.0,25.9,2.28,0.0
2026-08-15T09:00,506.0,193.0,496.9,26.9,3.88,0.3
2026-08-15T10:00,629.0,263.0,455.3,27.7,4.75,0.5
2026-08-15T11:00,717.0,328.0,420.3,29.3,5.44,0.6
2026-08-15T12:00,748.0,362.0,391.2,29.6,5.71,0.1
2026-08-15T13:00,863.0,285.0,587.8,30.2,5.96,0.0
2026-08-15T14:00,827.0,175.0,712.2,30.0,6.23,0.0
2026-08-15T15:00,644.0,260.0,487.5,29.4,6.14,0.0
2026-08-15T16:00,446.0,205.0,395.9,28.5,5.79,0.0
2026-08-15T17:00,268.0,130.0,353.0,28.0,4.96,0.0
2026-08-15T18:00,77.0,50.0,166.7,26.7,4.19,0.0
2026-08-15T19:00,0.0,0.0,0.0,26.0,3.2,0.0
2026-08-15T20:00,0.0,0.0,0.0,25.6,2.77,0.0
2026-08-15T21:00,0.0,0.0,0.0,25.2,2.92,0.0
2026-08-15T22:00,0.0,0.0,0.0,24.7,2.57,0.3
2026-08-15T23:00,0.0,0.0,0.0,24.1,2.02,0.2
2026-08-16T00:00,0.0,0.0,0.0,23.9,1.99,0.0
2026-08-16T01:00,0.0,0.0,0.0,24.2,2.16,0.1
2026-08-16T02:00,0.0,0.0,0.0,23.8,2.52,0.4
2026-08-16T03:00,0.0,0.0,0.0,23.5,1.66,0.2
2026-08-16T04:00,0.0,0.0,0.0,23.3,1.13,0.0
2026-08-16T05:00,0.0,0.0,0.0,23.8,0.85,0.1
2026-08-16T06:00,2.0,2.0,0.0,23.8,0.75,0.1
2026-08-16T07:00,93.0,61.0,182.0,24.6,0.56,0.0
2026-08-16T08:00,281.0,133.0,355.7,25.6,2.44,0.1
2026-08-16T09:00,444.0,172.0,431.4,26.6,3.2,0.5
2026-08-16T10:00,640.0,230.0,509.6,27.8,4.15,0.1
2026-08-16T11:00,655.0,389.0,287.2,28.7,3.53,0.1
2026-08-16T12:00,767.0,349.0,423.3,29.3,4.07,0.0
2026-08-16T13:00,739.0,358.0,387.3,29.3,4.28,0.0
2026-08-16T14:00,822.0,206.0,672.9,29.4,4.7,0.2
2026-08-16T15:00,604.0,228.0,477.6,29.1,5.15,0.2
2026-08-16T16:00,384.0,194.0,312.5,27.8,5.0,0.3
2026-08-16T17:00,276.0,105.0,438.8,27.5,4.55,0.2
2026-08-16T18:00,76.0,44.0,198.4,26.2,3.66,0.1
2026-08-16T19:00,0.0,0.0,0.0,25.4,3.1,0.1
2026-08-16T20:00,0.0,0.0,0.0,25.2,2.5,0.1
2026-08-16T21:00,0.0,0.0,0.0,24.7,2.17,0.1
2026-08-16T22:00,0.0,0.0,0.0,24.6,2.48,0.3
2026-08-16T23:00,0.0,0.0,0.0,24.5,2.49,0.6
2026-08-17T00:00,0.0,0.0,0.0,24.3,2.22,0.2
2026-08-17T01:00,0.0,0.0,0.0,24.0,2.14,0.0
2026-08-17T02:00,0.0,0.0,0.0,23.7,1.8,0.0
2026-08-17T03:00,0.0,0.0,0.0,23.7,1.87,0.1
2026-08-17T04:00,0.0,0.0,0.0,23.8,2.19,0.1
2026-08-17T05:00,0.0,0.0,0.0,24.0,2.2,0.2
2026-08-17T06:00,2.0,2.0,0.0,23.9,1.55,0.0
2026-08-17T07:00,84.0,59.0,142.0,24.8,2.32,0.0
2026-08-17T08:00,218.0,140.0,187.2,25.5,2.0,0.2
2026-08-17T09:00,511.0,142.0,584.6,26.9,2.75,0.2
2026-08-17T10:00,637.0,242.0,490.5,28.0,3.51,0.1
2026-08-17T11:00,574.0,424.0,161.8,28.8,4.04,0.1
2026-08-17T12:00,848.0,252.0,603.3,29.5,4.29,0.1
2026-08-17T13:00,881.0,186.0,706.3,29.9,5.14,0.1
2026-08-17T14:00,808.0,223.0,639.0,29.9,5.96,0.1
2026-08-17T15:00,633.0,187.0,566.8,29.5,6.15,0.1
2026-08-17T16:00,440.0,202.0,392.0,28.5,6.08,0.1
2026-08-17T17:00,266.0,102.0,422.1,28.1,4.8,0.1
2026-08-17T18:00,74.0,48.0,161.9,27.0,3.67,0.0
2026-08-17T19:00,0.0,0.0,0.0,26.1,3.75,0.0
2026-08-17T20:00,0.0,0.0,0.0,25.9,3.68,0.0
2026-08-17T21:00,0.0,0.0,0.0,25.4,3.7,0.0
2026-08-17T22:00,0.0,0.0,0.0,24.8,2.95,0.1
2026-08-17T23:00,0.0,0.0,0.0,24.1,2.21,0.0
2026-08-18T00:00,0.0,0.0,0.0,23.9,2.17,0.0
2026-08-18T01:00,0.0,0.0,0.0,23.7,1.84,0.1
2026-08-18T02:00,0.0,0.0,0.0,23.6,1.64,0.0
2026-08-18T03:00,0.0,0.0,0.0,23.4,1.45,0.0
2026-08-18T04:00,0.0,0.0,0.0,23.2,1.34,0.0
2026-08-18T05:00,0.0,0.0,0.0,24.0,1.48,0.0
2026-08-18T06:00,2.0,2.0,0.0,23.9,1.4,0.0
2026-08-18T07:00,106.0,48.0,328.9,25.1,1.38,0.0
2026-08-18T08:00,323.0,95.0,546.6,26.6,2.51,0.0
2026-08-18T09:00,522.0,137.0,609.3,27.2,4.33,0.5
2026-08-18T10:00,690.0,148.0,672.4,28.2,4.42,0.4
2026-08-18T11:00,868.0,152.0,771.8,29.3,5.16,0.1
2026-08-18T12:00,911.0,201.0,718.3,29.7,5.39,0.2
2026-08-18T13:00,871.0,215.0,666.5,29.2,5.92,1.0
2026-08-18T14:00,763.0,237.0,574.6,29.4,6.56,0.7
2026-08-18T15:00,677.0,149.0,671.4,29.4,6.39,0.0
2026-08-18T16:00,515.0,123.0,646.5,28.9,6.32,0.0
2026-08-18T17:00,274.0,102.0,444.2,27.9,5.21,0.0
2026-08-18T18:00,85.0,38.0,294.0,26.6,4.16,0.0
2026-08-18T19:00,0.0,0.0,0.0,25.9,3.54,0.0
2026-08-18T20:00,0.0,0.0,0.0,25.4,3.22,0.0
2026-08-18T21:00,0.0,0.0,0.0,25.0,2.94,0.0
2026-08-18T22:00,0.0,0.0,0.0,24.6,2.52,0.0
2026-08-18T23:00,0.0,0.0,0.0,24.8,2.83,0.0
2026-08-19T00:00,0.0,0.0,0.0,24.5,2.91,0.0
2026-08-19T01:00,0.0,0.0,0.0,24.2,3.32,0.0
2026-08-19T02:00,0.0,0.0,0.0,23.9,3.11,0.0
2026-08-19T03:00,0.0,0.0,0.0,23.8,2.54,0.0
2026-08-19T04:00,0.0,0.0,0.0,23.8,2.54,0.0
2026-08-19T05:00,0.0,0.0,0.0,24.3,2.55,0.0
2026-08-19T06:00,2.0,2.0,0.0,24.2,2.52,0.0
2026-08-19T07:00,91.0,49.0,237.8,25.2,2.53,0.1
2026-08-19T08:00,285.0,111.0,416.6,26.4,3.09,0.1
2026-08-19T09:00,542.0,121.0,665.5,27.8,4.07,0.2
2026-08-19T10:00,680.0,174.0,627.2,28.8,4.66,0.2
2026-08-19T11:00,803.0,183.0,667.9,29.7,4.89,0.1
2026-08-19T12:00,877.0,196.0,688.6,29.4,4.83,0.4
2026-08-19T13:00,888.0,197.0,701.9,30.0,4.95,0.1
2026-08-19T14:00,787.0,217.0,622.8,28.1,5.8,1.6
2026-08-19T15:00,534.0,265.0,342.3,27.8,5.63,0.8
2026-08-19T16:00,338.0,217.0,199.9,25.6,5.24,2.0
2026-08-19T17:00,181.0,134.0,121.8,27.9,5.23,0.5
2026-08-19T18:00,77.0,43.0,213.6,26.7,4.72,0.0
2026-08-19T19:00,0.0,0.0,0.0,26.0,4.03,0.0
2026-08-19T20:00,0.0,0.0,0.0,25.5,3.61,0.0
2026-08-19T21:00,0.0,0.0,0.0,25.3,3.5,0.0
2026-08-19T22:00,0.0,0.0,0.0,24.9,3.02,0.1
2026-08-19T23:00,0.0,0.0,0.0,25.2,3.84,0.1
2026-08-20T00:00,0.0,0.0,0.0,24.8,3.32,0.0
2026-08-20T01:00,0.0,0.0,0.0,24.5,2.62,0.0
2026-08-20T02:00,0.0,0.0,0.0,24.3,2.48,0.1
2026-08-20T03:00,0.0,0.0,0.0,24.1,3.01,0.1
2026-08-20T04:00,0.0,0.0,0.0,23.7,2.77,0.2
2026-08-20T05:00,0.0,0.0,0.0,23.5,2.37,0.1
2026-08-20T06:00,2.0,2.0,0.0,23.6,1.84,0.0
2026-08-20T07:00,101.0,61.0,226.1,24.7,1.42,0.0
2026-08-20T08:00,304.0,131.0,413.7,26.4,2.77,0.0
2026-08-20T09:00,515.0,165.0,552.7,27.9,4.93,0.3
2026-08-20T10:00,714.0,179.0,662.6,29.0,5.59,0.1
2026-08-20T11:00,740.0,267.0,509.2,29.6,5.53,0.3
2026-08-20T12:00,818.0,292.0,531.6,29.7,5.56,0.3
2026-08-20T13:00,860.0,268.0,601.2,30.1,5.3,0.0
2026-08-20T14:00,709.0,276.0,473.2,29.6,5.75,0.1
2026-08-20T15:00,525.0,251.0,348.9,28.3,5.6,0.8
2026-08-20T16:00,397.0,182.0,355.7,27.1,5.72,0.5
2026-08-20T17:00,203.0,127.0,197.6,27.4,4.84,0.6
2026-08-20T18:00,53.0,48.0,31.6,26.4,4.6,0.0
2026-08-20T19:00,0.0,0.0,0.0,25.9,4.29,0.0
2026-08-20T20:00,0.0,0.0,0.0,25.4,3.72,0.0
2026-08-20T21:00,0.0,0.0,0.0,25.0,3.36,0.0
2026-08-20T22:00,0.0,0.0,0.0,24.8,3.63,0.0
2026-08-20T23:00,0.0,0.0,0.0,25.4,4.81,0.0
2026-08-21T00:00,0.0,0.0,0.0,25.0,4.07,0.0
2026-08-21T01:00,0.0,0.0,0.0,24.7,3.08,0.0
2026-08-21T02:00,0.0,0.0,0.0,24.2,2.34,0.0
2026-08-21T03:00,0.0,0.0,0.0,24.0,2.48,0.0
2026-08-21T04:00,0.0,0.0,0.0,23.9,2.41,0.0
2026-08-21T05:00,0.0,0.0,0.0,24.0,1.7,0.1
2026-08-21T06:00,2.0,2.0,0.0,23.9,1.68,0.0
2026-08-21T07:00,76.0,66.0,56.4,24.9,1.33,0.0
2026-08-21T08:00,230.0,162.0,162.4,26.3,2.04,0.0
2026-08-21T09:00,360.0,260.0,157.7,27.3,4.08,0.1
2026-08-21T10:00,584.0,301.0,350.2,28.3,4.78,0.1
2026-08-21T11:00,695.0,391.0,327.0,29.0,4.76,0.3
2026-08-21T12:00,748.0,350.0,402.1,29.1,5.37,0.2
2026-08-21T13:00,910.0,197.0,724.0,30.0,5.85,0.1
2026-08-21T14:00,831.0,157.0,736.7,30.0,6.2,0.1
2026-08-21T15:00,717.0,124.0,755.6,29.5,6.43,0.0
2026-08-21T16:00,518.0,106.0,682.8,28.7,5.99,0.0
2026-08-21T17:00,289.0,81.0,542.9,27.9,5.35,0.0
2026-08-21T18:00,79.0,36.0,272.9,26.6,4.55,0.0
2026-08-21T19:00,0.0,0.0,0.0,26.1,4.32,0.0
2026-08-21T20:00,0.0,0.0,0.0,25.7,3.48,0.0
2026-08-21T21:00,0.0,0.0,0.0,25.2,2.9,0.0
2026-08-21T22:00,0.0,0.0,0.0,24.9,2.82,0.0
2026-08-21T23:00,0.0,0.0,0.0,25.1,2.77,0.0
2026-08-22T00:00,0.0,0.0,0.0,24.8,2.77,0.0
2026-08-22T01:00,0.0,0.0,0.0,24.4,2.62,0.0
2026-08-22T02:00,0.0,0.0,0.0,24.2,2.75,0.0
2026-08-22T03:00,0.0,0.0,0.0,24.0,3.08,0.0
2026-08-22T04:00,0.0,0.0,0.0,23.9,2.86,0.0
2026-08-22T05:00,0.0,0.0,0.0,23.9,2.27,0.0
2026-08-22T06:00,2.0,2.0,0.0,23.7,2.05,0.0
2026-08-22T07:00,87.0,62.0,140.8,24.9,2.11,0.0
2026-08-22T08:00,314.0,120.0,462.7,26.9,3.31,0.0
2026-08-22T09:00,544.0,137.0,641.3,27.7,4.79,0.3
2026-08-22T10:00,622.0,248.0,462.4,28.2,5.25,0.2
2026-08-22T11:00,645.0,346.0,321.4,28.0,5.83,0.1
2026-08-22T12:00,708.0,356.0,355.5,28.7,6.52,0.3
2026-08-22T13:00,759.0,281.0,485.3,29.5,6.98,0.2
2026-08-22T14:00,714.0,268.0,487.6,28.9,7.39,0.3
2026-08-22T15:00,585.0,281.0,387.7,29.1,7.33,0.2
2026-08-22T16:00,414.0,221.0,320.4,28.2,6.61,0.2
2026-08-22T17:00,232.0,109.0,322.3,27.8,4.74,0.1
2026-08-22T18:00,74.0,38.0,229.6,26.6,4.07,0.1
2026-08-22T19:00,0.0,0.0,0.0,25.9,3.42,0.1
2026-08-22T20:00,0.0,0.0,0.0,25.3,3.88,0.2
2026-08-22T21:00,0.0,0.0,0.0,24.9,2.61,0.0
2026-08-22T22:00,0.0,0.0,0.0,24.5,2.86,0.1
2026-08-22T23:00,0.0,0.0,0.0,24.6,2.9,0.1
2026-08-23T00:00,0.0,0.0,0.0,24.3,2.16,0.0
2026-08-23T01:00,0.0,0.0,0.0,24.0,1.88,0.0
2026-08-23T02:00,0.0,0.0,0.0,23.7,2.39,0.2
2026-08-23T03:00,0.0,0.0,0.0,23.2,2.71,0.9
2026-08-23T04:00,0.0,0.0,0.0,23.1,2.55,0.6
2026-08-23T05:00,0.0,0.0,0.0,23.8,1.27,0.1
2026-08-23T06:00,1.0,1.0,0.0,23.8,1.42,1.0
2026-08-23T07:00,86.0,54.0,179.9,24.6,1.6,0.3
2026-08-23T08:00,233.0,111.0,290.6,24.9,2.25,0.8
2026-08-23T09:00,528.0,169.0,565.1,26.9,2.37,0.0
2026-08-23T10:00,744.0,165.0,715.2,28.4,5.09,0.1
2026-08-23T11:00,683.0,312.0,398.6,28.9,5.86,0.3
2026-08-23T12:00,559.0,401.0,159.5,28.7,6.4,0.8
2026-08-23T13:00,907.0,188.0,729.9,29.7,7.0,0.3
2026-08-23T14:00,812.0,164.0,708.7,29.8,7.17,0.2
2026-08-23T15:00,675.0,150.0,670.1,29.4,6.86,0.0
2026-08-23T16:00,493.0,126.0,610.4,28.6,6.34,0.0
2026-08-23T17:00,280.0,88.0,505.1,27.3,5.11,0.1
2026-08-23T18:00,56.0,26.0,192.4,26.5,3.81,0.1
2026-08-23T19:00,0.0,0.0,0.0,25.3,3.34,0.7
2026-08-23T20:00,0.0,0.0,0.0,24.3,2.21,1.2
2026-08-23T21:00,0.0,0.0,0.0,23.8,2.81,0.3
2026-08-23T22:00,0.0,0.0,0.0,23.7,1.59,0.4
2026-08-23T23:00,0.0,0.0,0.0,24.4,2.25,1.1
2026-08-24T00:00,0.0,0.0,0.0,23.6,2.2,0.4
2026-08-24T01:00,0.0,0.0,0.0,23.5,1.1,0.0
2026-08-24T02:00,0.0,0.0,0.0,23.3,1.21,0.1
2026-08-24T03:00,0.0,0.0,0.0,23.1,1.13,0.6
2026-08-24T04:00,0.0,0.0,0.0,23.1,2.29,0.5
2026-08-24T05:00,0.0,0.0,0.0,23.4,2.66,0.9
2026-08-24T06:00,1.0,1.0,0.0,23.3,2.26,1.2
2026-08-24T07:00,70.0,56.0,78.5,23.6,2.76,1.0
2026-08-24T08:00,213.0,165.0,114.2,23.9,1.63,5.2
2026-08-24T09:00,177.0,166.0,17.3,23.9,2.07,2.1
2026-08-24T10:00,527.0,324.0,250.5,26.4,3.89,0.5
2026-08-24T11:00,642.0,356.0,307.1,28.6,5.04,0.6
2026-08-24T12:00,558.0,406.0,153.4,26.7,5.53,2.8
2026-08-24T13:00,606.0,300.0,310.6,27.4,4.44,0.8
2026-08-24T14:00,748.0,303.0,486.8,27.9,5.84,0.2
2026-08-24T15:00,470.0,174.0,378.1,26.8,5.3,0.1
2026-08-24T16:00,383.0,202.0,301.6,25.8,6.15,1.1
2026-08-24T17:00,141.0,118.0,60.8,26.0,4.63,1.3
2026-08-24T18:00,48.0,37.0,70.9,24.4,5.22,1.6
2026-08-24T19:00,0.0,0.0,0.0,24.2,3.36,0.7
2026-08-24T20:00,0.0,0.0,0.0,24.3,3.05,0.2
2026-08-24T21:00,0.0,0.0,0.0,24.2,2.42,0.1
2026-08-24T22:00,0.0,0.0,0.0,24.2,3.19,0.3
2026-08-24T23:00,0.0,0.0,0.0,24.4,3.26,0.8
2026-08-25T00:00,0.0,0.0,0.0,23.8,3.85,0.3
2026-08-25T01:00,0.0,0.0,0.0,23.7,2.69,0.1
2026-08-25T02:00,0.0,0.0,0.0,23.5,3.27,0.1
2026-08-25T03:00,0.0,0.0,0.0,23.4,4.49,0.3
2026-08-25T04:00,0.0,0.0,0.0,23.2,2.94,0.2
2026-08-25T05:00,0.0,0.0,0.0,23.4,3.37,0.1
2026-08-25T06:00,2.0,2.0,0.0,23.3,2.58,0.2
2026-08-25T07:00,104.0,55.0,274.3,24.2,4.04,0.1
2026-08-25T08:00,294.0,117.0,420.4,25.4,3.76,0.1
2026-08-25T09:00,522.0,173.0,548.2,27.0,4.92,0.1
2026-08-25T10:00,656.0,183.0,583.3,27.8,5.55,0.3
2026-08-25T11:00,758.0,285.0,507.6,28.6,5.81,0.4
2026-08-25T12:00,582.0,364.0,219.9,27.6,5.21,0.6
2026-08-25T13:00,555.0,358.0,200.0,27.3,5.22,0.3
2026-08-25T14:00,464.0,326.0,151.0,26.5,4.18,1.9
2026-08-25T15:00,492.0,289.0,259.6,26.3,5.0,1.0
2026-08-25T16:00,296.0,231.0,108.5,25.7,4.44,0.5
2026-08-25T17:00,133.0,116.0,45.1,25.7,1.67,1.9
2026-08-25T18:00,59.0,47.0,77.8,25.2,1.25,0.2
2026-08-25T19:00,0.0,0.0,0.0,23.6,5.05,2.4
2026-08-25T20:00,0.0,0.0,0.0,23.4,2.76,0.6
2026-08-25T21:00,0.0,0.0,0.0,23.0,2.15,1.6
2026-08-25T22:00,0.0,0.0,0.0,23.1,2.52,3.7
2026-08-25T23:00,0.0,0.0,0.0,24.0,1.64,1.4
2026-08-26T00:00,0.0,0.0,0.0,23.7,1.26,0.1
2026-08-26T01:00,0.0,0.0,0.0,23.6,3.13,0.7
2026-08-26T02:00,0.0,0.0,0.0,22.7,3.61,3.8
2026-08-26T03:00,0.0,0.0,0.0,22.8,2.88,1.3
2026-08-26T04:00,0.0,0.0,0.0,22.7,1.97,0.3
2026-08-26T05:00,0.0,0.0,0.0,23.2,1.12,0.9
2026-08-26T06:00,1.0,1.0,0.0,23.2,0.78,0.5
2026-08-26T07:00,73.0,46.0,150.8,23.8,1.35,0.3
2026-08-26T08:00,154.0,140.0,33.2,24.6,2.75,0.2
2026-08-26T09:00,340.0,222.0,185.1,26.0,3.15,0.2
2026-08-26T10:00,636.0,233.0,496.6,27.6,4.43,0.2
2026-08-26T11:00,717.0,260.0,490.1,27.7,5.42,0.2
2026-08-26T12:00,850.0,243.0,612.2,28.2,5.79,0.8
2026-08-26T13:00,451.0,368.0,84.3,27.3,4.92,0.1
2026-08-26T14:00,278.0,209.0,75.5,27.1,5.01,0.3
2026-08-26T15:00,176.0,176.0,0.0,26.0,5.58,0.2
2026-08-26T16:00,185.0,171.0,23.4,25.8,4.3,0.7
2026-08-26T17:00,115.0,88.0,71.9,25.5,4.67,1.3
2026-08-26T18:00,52.0,32.0,130.4,24.2,3.19,0.9
2026-08-26T19:00,0.0,0.0,0.0,24.2,2.86,0.0
2026-08-26T20:00,0.0,0.0,0.0,23.9,2.73,0.2
2026-08-26T21:00,0.0,0.0,0.0,23.7,1.77,0.3
2026-08-26T22:00,0.0,0.0,0.0,23.8,1.17,0.3
2026-08-26T23:00,0.0,0.0,0.0,24.3,2.53,0.2
2026-08-27T00:00,0.0,0.0,0.0,24.1,2.89,0.2
2026-08-27T01:00,0.0,0.0,0.0,23.9,3.04,0.1
2026-08-27T02:00,0.0,0.0,0.0,23.8,2.91,0.0
2026-08-27T03:00,0.0,0.0,0.0,23.7,2.44,0.0
2026-08-27T04:00,0.0,0.0,0.0,23.7,2.02,0.0
2026-08-27T05:00,0.0,0.0,0.0,24.0,1.97,0.1
2026-08-27T06:00,1.0,1.0,0.0,23.9,1.53,0.1
2026-08-27T07:00,54.0,47.0,39.0,24.4,3.1,0.6
2026-08-27T08:00,92.0,89.0,7.1,24.4,3.25,0.7
2026-08-27T09:00,258.0,241.0,26.6,25.6,2.67,0.2
2026-08-27T10:00,577.0,299.0,342.3,27.1,4.1,0.2
2026-08-27T11:00,610.0,304.0,328.0,27.2,3.05,0.2
2026-08-27T12:00,645.0,257.0,391.2,27.7,4.95,0.6
2026-08-27T13:00,740.0,305.0,441.6,28.6,5.51,0.3
2026-08-27T14:00,416.0,326.0,98.6,27.2,4.4,1.3
2026-08-27T15:00,491.0,306.0,237.1,28.3,4.79,0.1
2026-08-27T16:00,284.0,226.0,97.2,27.6,5.24,0.1
2026-08-27T17:00,198.0,126.0,192.7,27.8,5.09,0.3
2026-08-27T18:00,72.0,32.0,262.4,26.4,4.56,0.0
2026-08-27T19:00,0.0,0.0,0.0,25.7,4.18,0.0
2026-08-27T20:00,0.0,0.0,0.0,25.3,4.02,0.0
2026-08-27T21:00,0.0,0.0,0.0,25.1,3.47,0.0
2026-08-27T22:00,0.0,0.0,0.0,24.6,3.43,0.1
2026-08-27T23:00,0.0,0.0,0.0,24.6,3.43,0.1
2026-08-28T00:00,0.0,0.0,0.0,24.3,3.43,0.0
2026-08-28T01:00,0.0,0.0,0.0,24.0,3.25,0.0
2026-08-28T02:00,0.0,0.0,0.0,23.7,2.65,0.0
2026-08-28T03:00,0.0,0.0,0.0,23.6,2.66,0.0
2026-08-28T04:00,0.0,0.0,0.0,23.4,2.42,0.0
2026-08-28T05:00,0.0,0.0,0.0,23.9,2.22,0.0
2026-08-28T06:00,2.0,2.0,0.0,23.9,2.23,0.0
2026-08-28T07:00,105.0,54.0,283.5,25.2,1.86,0.0
2026-08-28T08:00,331.0,94.0,560.6,26.9,3.47,0.1
2026-08-28T09:00,529.0,117.0,645.1,28.1,4.33,0.1
2026-08-28T10:00,704.0,147.0,685.3,28.7,4.62,0.2
2026-08-28T11:00,835.0,172.0,710.4,30.0,5.15,0.4
2026-08-28T12:00,896.0,194.0,707.6,30.1,5.36,0.2
2026-08-28T13:00,897.0,243.0,664.0,30.3,5.74,0.2
2026-08-28T14:00,778.0,194.0,640.1,29.8,6.74,0.2
2026-08-28T15:00,676.0,182.0,633.8,29.1,6.97,0.1
2026-08-28T16:00,514.0,122.0,658.7,28.5,6.53,0.0
2026-08-28T17:00,281.0,93.0,505.4,27.7,5.5,0.0
2026-08-28T18:00,65.0,44.0,138.6,26.4,4.58,0.0
2026-08-28T19:00,0.0,0.0,0.0,25.8,3.91,0.0
2026-08-28T20:00,0.0,0.0,0.0,25.1,3.19,0.0
2026-08-28T21:00,0.0,0.0,0.0,24.7,2.85,0.0
2026-08-28T22:00,0.0,0.0,0.0,24.3,2.65,0.0
2026-08-28T23:00,0.0,0.0,0.0,24.4,2.8,0.0
2026-08-29T00:00,0.0,0.0,0.0,24.3,2.74,0.0
2026-08-29T01:00,0.0,0.0,0.0,24.1,2.54,0.0
2026-08-29T02:00,0.0,0.0,0.0,23.7,2.23,0.0
2026-08-29T03:00,0.0,0.0,0.0,23.4,1.9,0.0
2026-08-29T04:00,0.0,0.0,0.0,23.4,1.57,0.0
2026-08-29T05:00,0.0,0.0,0.0,24.1,2.11,0.0
2026-08-29T06:00,2.0,2.0,0.0,24.2,2.43,0.0
2026-08-29T07:00,89.0,69.0,110.9,25.2,2.61,0.0
2026-08-29T08:00,286.0,142.0,340.2,26.7,3.09,0.0
2026-08-29T09:00,519.0,178.0,533.4,27.2,4.64,0.4
2026-08-29T10:00,655.0,229.0,523.8,28.3,4.78,0.4
2026-08-29T11:00,769.0,205.0,604.0,29.3,4.74,0.2
2026-08-29T12:00,867.0,249.0,622.9,29.6,5.55,0.2
2026-08-29T13:00,875.0,230.0,655.0,30.2,6.17,0.1
2026-08-29T14:00,810.0,205.0,663.5,30.1,6.34,0.0
2026-08-29T15:00,699.0,168.0,682.1,29.5,6.16,0.0
2026-08-29T16:00,477.0,169.0,518.7,28.7,5.97,0.0
2026-08-29T17:00,265.0,115.0,405.1,28.3,4.9,0.0
2026-08-29T18:00,62.0,44.0,119.5,26.9,4.3,0.0
2026-08-29T19:00,0.0,0.0,0.0,26.2,4.18,0.0
2026-08-29T20:00,0.0,0.0,0.0,25.6,3.71,0.0
2026-08-29T21:00,0.0,0.0,0.0,25.3,3.33,0.0
2026-08-29T22:00,0.0,0.0,0.0,24.9,2.36,0.0
2026-08-29T23:00,0.0,0.0,0.0,24.9,1.83,0.0
2026-08-30T00:00,0.0,0.0,0.0,24.7,2.27,0.0
2026-08-30T01:00,0.0,0.0,0.0,24.2,2.3,0.0
2026-08-30T02:00,0.0,0.0,0.0,23.9,2.12,0.0
2026-08-30T03:00,0.0,0.0,0.0,23.8,1.99,0.0
2026-08-30T04:00,0.0,0.0,0.0,23.6,1.57,0.0
2026-08-30T05:00,0.0,0.0,0.0,23.8,1.6,0.0
2026-08-30T06:00,2.0,2.0,0.0,23.7,1.15,0.1
2026-08-30T07:00,109.0,54.0,304.4,25.0,1.28,0.0
2026-08-30T08:00,316.0,104.0,500.1,26.5,2.45,0.0
2026-08-30T09:00,543.0,151.0,612.6,27.7,4.06,0.2
2026-08-30T10:00,692.0,196.0,609.4,28.5,4.34,0.1
2026-08-30T11:00,762.0,276.0,520.3,28.7,4.67,0.2
2026-08-30T12:00,886.0,256.0,634.9,26.9,5.1,1.3
2026-08-30T13:00,760.0,243.0,525.1,29.0,4.06,0.8
2026-08-30T14:00,737.0,249.0,535.5,29.5,5.17,0.1
2026-08-30T15:00,575.0,263.0,401.3,28.8,5.75,0.0
2026-08-30T16:00,380.0,192.0,317.4,28.1,5.85,0.3
2026-08-30T17:00,225.0,143.0,222.5,28.0,4.79,0.0
2026-08-30T18:00,58.0,46.0,80.2,26.8,4.49,0.0
2026-08-30T19:00,0.0,0.0,0.0,26.1,4.35,0.0
2026-08-30T20:00,0.0,0.0,0.0,25.6,4.27,0.0
2026-08-30T21:00,0.0,0.0,0.0,25.3,3.54,0.0
2026-08-30T22:00,0.0,0.0,0.0,25.0,3.41,0.1
2026-08-30T23:00,0.0,0.0,0.0,24.8,3.68,0.1
2026-08-31T00:00,0.0,0.0,0.0,24.1,3.62,0.2
2026-08-31T01:00,0.0,0.0,0.0,23.7,3.13,0.1
2026-08-31T02:00,0.0,0.0,0.0,23.5,2.86,0.0
2026-08-31T03:00,0.0,0.0,0.0,23.4,2.68,0.0
2026-08-31T04:00,0.0,0.0,0.0,23.3,2.44,0.0
2026-08-31T05:00,0.0,0.0,0.0,24.0,2.66,0.0
2026-08-31T06:00,2.0,2.0,0.0,24.0,2.72,0.0
2026-08-31T07:00,100.0,59.0,226.4,25.2,3.16,0.0
2026-08-31T08:00,310.0,135.0,412.3,26.3,3.74,0.0
2026-08-31T09:00,481.0,229.0,393.5,27.4,5.16,0.1
2026-08-31T10:00,615.0,297.0,390.5,28.5,5.57,0.0
2026-08-31T11:00,788.0,310.0,511.5,29.3,5.58,0.0
2026-08-31T12:00,742.0,392.0,352.7,29.7,5.55,0.1
2026-08-31T13:00,530.0,409.0,122.9,29.8,6.05,0.0
2026-08-31T14:00,677.0,263.0,454.6,29.9,6.75,0.2
2026-08-31T15:00,618.0,186.0,556.4,29.3,7.05,0.0
2026-08-31T16:00,446.0,147.0,506.0,28.3,6.95,0.0
2026-08-31T17:00,270.0,84.0,507.2,28.3,5.52,0.0
2026-08-31T18:00,70.0,31.0,262.3,26.9,4.55,0.0
2026-08-31T19:00,0.0,0.0,0.0,26.1,4.22,0.0
2026-08-31T20:00,0.0,0.0,0.0,25.6,3.83,0.0
2026-08-31T21:00,0.0,0.0,0.0,25.4,3.57,0.0
2026-08-31T22:00,0.0,0.0,0.0,25.1,3.04,0.0
2026-08-31T23:00,0.0,0.0,0.0,25.2,3.26,0.0
2026-09-01T00:00,0.0,0.0,0.0,24.8,3.23,0.0
2026-09-01T01:00,0.0,0.0,0.0,24.6,3.33,0.0
2026-09-01T02:00,0.0,0.0,0.0,24.3,3.1,0.0
2026-09-01T03:00,0.0,0.0,0.0,24.2,3.08,0.0
2026-09-01T04:00,0.0,0.0,0.0,23.9,2.77,0.0
2026-09-01T05:00,0.0,0.0,0.0,24.6,3.66,0.0
2026-09-01T06:00,2.0,2.0,0.0,24.5,3.42,0.0
2026-09-01T07:00,118.0,46.0,396.5,25.9,4.39,0.0
2026-09-01T08:00,347.0,91.0,602.3,27.2,4.94,0.0
2026-09-01T09:00,550.0,132.0,652.0,28.1,5.48,0.1
2026-09-01T10:00,723.0,159.0,692.1,28.9,5.57,0.2
2026-09-01T11:00,799.0,179.0,663.2,29.8,5.52,0.3
2026-09-01T12:00,882.0,216.0,671.0,30.1,5.37,0.2
2026-09-01T13:00,901.0,188.0,724.6,30.4,5.78,0.5
2026-09-01T14:00,761.0,195.0,622.0,30.0,6.23,0.4
2026-09-01T15:00,642.0,174.0,603.6,29.7,6.22,0.1
2026-09-01T16:00,492.0,109.0,649.8,28.9,6.11,0.1
2026-09-01T17:00,275.0,79.0,537.2,28.7,4.93,0.0
2026-09-01T18:00,69.0,30.0,264.1,27.2,4.01,0.0
2026-09-01T19:00,0.0,0.0,0.0,26.5,3.83,0.0
2026-09-01T20:00,0.0,0.0,0.0,26.0,3.61,0.0
2026-09-01T21:00,0.0,0.0,0.0,25.5,2.78,0.0
2026-09-01T22:00,0.0,0.0,0.0,25.1,2.44,0.0
2026-09-01T23:00,0.0,0.0,0.0,25.1,2.5,0.0
2026-09-02T00:00,0.0,0.0,0.0,24.7,2.48,0.1
2026-09-02T01:00,0.0,0.0,0.0,24.6,2.09,0.0
2026-09-02T02:00,0.0,0.0,0.0,24.2,2.38,0.1
2026-09-02T03:00,0.0,0.0,0.0,24.1,2.02,0.2
2026-09-02T04:00,0.0,0.0,0.0,24.0,2.68,0.0
2026-09-02T05:00,0.0,0.0,0.0,24.5,1.57,0.0
2026-09-02T06:00,2.0,2.0,0.0,24.4,1.8,0.0
2026-09-02T07:00,110.0,52.0,318.6,25.8,2.19,0.0
2026-09-02T08:00,326.0,107.0,514.5,27.4,3.7,0.0
2026-09-02T09:00,559.0,134.0,662.3,28.4,4.17,0.1
2026-09-02T10:00,703.0,151.0,676.9,29.1,4.72,0.2
2026-09-02T11:00,806.0,201.0,647.0,30.0,4.78,0.3
2026-09-02T12:00,906.0,192.0,719.4,30.5,4.65,0.1
2026-09-02T13:00,912.0,177.0,747.2,30.9,5.19,0.2
2026-09-02T14:00,763.0,181.0,640.1,30.7,5.58,0.2
2026-09-02T15:00,677.0,146.0,685.8,30.0,5.66,0.1
2026-09-02T16:00,505.0,104.0,682.1,29.1,5.42,0.0
2026-09-02T17:00,274.0,80.0,534.6,28.7,4.88,0.0
2026-09-02T18:00,66.0,30.0,245.5,27.1,3.83,0.0
2026-09-02T19:00,0.0,0.0,0.0,26.5,3.54,0.0
2026-09-02T20:00,0.0,0.0,0.0,26.0,3.27,0.0
2026-09-02T21:00,0.0,0.0,0.0,25.7,2.69,0.0
2026-09-02T22:00,0.0,0.0,0.0,25.4,2.37,0.0
2026-09-02T23:00,0.0,0.0,0.0,25.1,2.89,0.1
2026-09-03T00:00,0.0,0.0,0.0,24.9,2.7,0.1
2026-09-03T01:00,0.0,0.0,0.0,24.7,2.6,0.0
2026-09-03T02:00,0.0,0.0,0.0,24.4,2.39,0.0
2026-09-03T03:00,0.0,0.0,0.0,24.2,2.07,0.0
2026-09-03T04:00,0.0,0.0,0.0,24.2,2.24,0.0
2026-09-03T05:00,0.0,0.0,0.0,24.6,2.45,0.0
2026-09-03T06:00,2.0,2.0,0.0,24.4,2.48,0.0
2026-09-03T07:00,107.0,60.0,257.4,25.6,2.9,0.0
2026-09-03T08:00,336.0,101.0,551.3,26.9,3.11,0.0
2026-09-03T09:00,561.0,125.0,678.8,28.1,4.14,0.2
2026-09-03T10:00,655.0,173.0,590.7,28.8,4.87,0.3
2026-09-03T11:00,799.0,233.0,605.1,29.9,4.77,0.4
2026-09-03T12:00,857.0,213.0,648.9,30.1,4.73,0.1
2026-09-03T13:00,919.0,173.0,758.7,30.0,5.26,0.0
2026-09-03T14:00,807.0,158.0,714.4,30.6,5.15,0.0
2026-09-03T15:00,677.0,154.0,676.6,30.0,5.96,0.2
2026-09-03T16:00,461.0,127.0,569.7,28.7,6.04,0.0
2026-09-03T17:00,251.0,86.0,457.2,28.5,4.62,0.0
2026-09-03T18:00,62.0,29.0,226.7,27.0,3.97,0.0
2026-09-03T19:00,0.0,0.0,0.0,26.3,3.16,0.0
2026-09-03T20:00,0.0,0.0,0.0,25.9,2.95,0.0
2026-09-03T21:00,0.0,0.0,0.0,25.5,2.36,0.0
2026-09-03T22:00,0.0,0.0,0.0,25.3,2.05,0.0
2026-09-03T23:00,0.0,0.0,0.0,25.4,2.02,0.0
2026-09-04T00:00,0.0,0.0,0.0,25.0,2.04,0.0
2026-09-04T01:00,0.0,0.0,0.0,24.7,1.76,0.0
2026-09-04T02:00,0.0,0.0,0.0,24.5,1.61,0.0
2026-09-04T03:00,0.0,0.0,0.0,24.3,1.59,0.0
2026-09-04T04:00,0.0,0.0,0.0,24.2,1.46,0.0
2026-09-04T05:00,0.0,0.0,0.0,24.6,1.19,0.0
2026-09-04T06:00,2.0,2.0,0.0,24.6,1.41,0.0
2026-09-04T07:00,115.0,49.0,360.5,26.0,1.52,0.0
2026-09-04T08:00,344.0,91.0,592.7,27.7,2.55,0.0
2026-09-04T09:00,574.0,112.0,718.6,28.9,4.14,0.0
2026-09-04T10:00,712.0,160.0,676.1,29.6,4.29,0.2
2026-09-04T11:00,820.0,186.0,677.6,29.9,4.16,0.2
2026-09-04T12:00,891.0,184.0,712.4,30.7,4.51,0.2
2026-09-04T13:00,900.0,185.0,727.5,31.3,4.66,0.1
2026-09-04T14:00,837.0,142.0,765.8,31.3,5.12,0.1
2026-09-04T15:00,690.0,127.0,729.5,30.3,5.06,0.2
2026-09-04T16:00,462.0,125.0,576.5,29.1,4.9,0.5
2026-09-04T17:00,248.0,98.0,418.0,29.2,3.86,0.1
2026-09-04T18:00,58.0,27.0,214.6,27.5,3.75,0.0
2026-09-04T19:00,0.0,0.0,0.0,26.7,3.21,0.0
2026-09-04T20:00,0.0,0.0,0.0,26.2,2.42,0.0
2026-09-04T21:00,0.0,0.0,0.0,25.8,1.84,0.0
2026-09-04T22:00,0.0,0.0,0.0,25.5,1.67,0.0
2026-09-04T23:00,0.0,0.0,0.0,25.6,1.63,0.0
2026-09-05T00:00,0.0,0.0,0.0,25.2,1.38,0.0
2026-09-05T01:00,0.0,0.0,0.0,24.9,1.17,0.0
2026-09-05T02:00,0.0,0.0,0.0,24.7,0.96,0.0
2026-09-05T03:00,0.0,0.0,0.0,24.6,0.75,0.0
2026-09-05T04:00,0.0,0.0,0.0,24.5,0.72,0.0
2026-09-05T05:00,0.0,0.0,0.0,24.9,0.91,0.0
2026-09-05T06:00,2.0,2.0,0.0,25.0,1.05,0.0
2026-09-05T07:00,111.0,53.0,315.8,26.1,1.04,0.0
2026-09-05T08:00,340.0,94.0,575.4,27.7,2.11,0.0
2026-09-05T09:00,578.0,116.0,717.9,29.0,3.24,0.0
2026-09-05T10:00,751.0,130.0,760.2,30.0,3.77,0.0
2026-09-05T11:00,859.0,171.0,735.1,31.0,4.14,0.2
2026-09-05T12:00,894.0,172.0,727.6,31.3,4.24,0.1
2026-09-05T13:00,904.0,158.0,759.4,31.7,4.55,0.1
2026-09-05T14:00,786.0,209.0,636.4,31.1,4.3,0.4
2026-09-05T15:00,612.0,200.0,534.8,28.2,4.38,0.9
2026-09-05T16:00,306.0,196.0,188.7,28.6,3.16,0.6
2026-09-05T17:00,210.0,100.0,308.3,28.8,2.95,0.3
2026-09-05T18:00,47.0,29.0,125.6,26.6,0.8,2.2
2026-09-05T19:00,0.0,0.0,0.0,26.4,1.5,0.4
2026-09-05T20:00,0.0,0.0,0.0,26.2,0.91,0.2
2026-09-05T21:00,0.0,0.0,0.0,25.9,0.87,0.1
2026-09-05T22:00,0.0,0.0,0.0,25.5,0.89,0.0
2026-09-05T23:00,0.0,0.0,0.0,25.5,0.91,0.0
2026-09-06T00:00,0.0,0.0,0.0,25.4,0.28,0.0
2026-09-06T01:00,0.0,0.0,0.0,25.3,0.43,0.0
2026-09-06T02:00,0.0,0.0,0.0,25.0,0.8,0.0
2026-09-06T03:00,0.0,0.0,0.0,24.7,1.21,0.1
2026-09-06T04:00,0.0,0.0,0.0,24.5,1.77,0.0
2026-09-06T05:00,0.0,0.0,0.0,24.7,1.46,0.0
2026-09-06T06:00,2.0,2.0,0.0,24.5,1.66,0.0
2026-09-06T07:00,102.0,60.0,228.0,25.7,1.63,0.0
2026-09-06T08:00,329.0,104.0,525.5,27.1,2.66,0.1
2026-09-06T09:00,544.0,147.0,616.3,28.6,3.19,0.3
2026-09-06T10:00,703.0,141.0,687.6,29.3,3.57,0.3
2026-09-06T11:00,818.0,196.0,664.5,30.5,3.51,0.1
2026-09-06T12:00,922.0,180.0,747.8,30.8,3.59,0.2
2026-09-06T13:00,833.0,237.0,607.0,30.5,3.81,0.4
2026-09-06T14:00,795.0,190.0,668.0,30.9,4.12,0.1
2026-09-06T15:00,580.0,227.0,459.0,30.3,4.33,0.1
2026-09-06T16:00,320.0,154.0,285.7,29.2,4.45,0.1
2026-09-06T17:00,198.0,91.0,301.7,28.8,2.45,0.0
2026-09-06T18:00,52.0,30.0,154.7,27.4,1.75,0.1
2026-09-06T19:00,0.0,0.0,0.0,26.8,1.29,0.1
2026-09-06T20:00,0.0,0.0,0.0,26.4,1.23,0.0
2026-09-06T21:00,0.0,0.0,0.0,26.0,1.14,0.0
2026-09-06T22:00,0.0,0.0,0.0,25.6,0.97,0.0
2026-09-06T23:00,0.0,0.0,0.0,25.7,1.14,0.0
2026-09-07T00:00,0.0,0.0,0.0,25.3,1.57,0.0
2026-09-07T01:00,0.0,0.0,0.0,25.3,1.7,0.0
2026-09-07T02:00,0.0,0.0,0.0,25.1,2.09,0.0
2026-09-07T03:00,0.0,0.0,0.0,24.8,1.96,0.0
2026-09-07T04:00,0.0,0.0,0.0,24.5,1.51,0.0
2026-09-07T05:00,0.0,0.0,0.0,25.2,1.66,0.0
2026-09-07T06:00,2.0,2.0,0.0,24.8,2.02,0.0
2026-09-07T07:00,113.0,51.0,335.5,26.0,2.25,0.0
2026-09-07T08:00,340.0,102.0,555.1,27.5,3.03,0.0
2026-09-07T09:00,564.0,123.0,684.0,28.8,4.36,0.0
2026-09-07T10:00,755.0,136.0,756.9,29.8,4.48,0.2
2026-09-07T11:00,849.0,195.0,698.5,30.6,4.49,0.4
2026-09-07T12:00,872.0,225.0,652.2,30.6,4.51,0.4
2026-09-07T13:00,839.0,222.0,628.8,31.0,4.56,0.3
2026-09-07T14:00,744.0,208.0,592.5,31.1,4.49,0.3
2026-09-07T15:00,652.0,165.0,634.5,30.8,4.84,0.4
2026-09-07T16:00,472.0,128.0,593.9,29.9,4.89,0.0
2026-09-07T17:00,252.0,91.0,456.8,29.3,4.45,0.0
2026-09-07T18:00,55.0,34.0,148.9,27.7,3.32,0.0
2026-09-07T19:00,0.0,0.0,0.0,26.8,2.8,0.0
2026-09-07T20:00,0.0,0.0,0.0,26.3,2.57,0.0
2026-09-07T21:00,0.0,0.0,0.0,25.9,2.35,0.0
2026-09-07T22:00,0.0,0.0,0.0,25.5,2.25,0.0
2026-09-07T23:00,0.0,0.0,0.0,25.6,2.18,0.0
2026-09-08T00:00,0.0,0.0,0.0,25.2,2.37,0.0
2026-09-08T01:00,0.0,0.0,0.0,25.0,2.37,0.0
2026-09-08T02:00,0.0,0.0,0.0,24.8,2.41,0.0
2026-09-08T03:00,0.0,0.0,0.0,24.7,2.45,0.0
2026-09-08T04:00,0.0,0.0,0.0,24.4,2.24,0.0
2026-09-08T05:00,0.0,0.0,0.0,24.9,2.01,0.0
2026-09-08T06:00,2.0,2.0,0.0,24.7,2.36,0.0
2026-09-08T07:00,115.0,46.0,372.3,26.1,2.58,0.0
2026-09-08T08:00,335.0,91.0,568.2,27.6,3.63,0.0
2026-09-08T09:00,580.0,109.0,729.9,28.8,4.27,0.0
2026-09-08T10:00,745.0,140.0,739.4,29.6,4.57,0.2
2026-09-08T11:00,854.0,190.0,709.1,30.6,4.52,0.3
2026-09-08T12:00,920.0,191.0,735.0,31.0,4.84,0.2
2026-09-08T13:00,896.0,186.0,724.0,31.3,5.37,0.2
2026-09-08T14:00,819.0,159.0,730.4,31.0,5.94,0.2
2026-09-08T15:00,651.0,155.0,647.5,30.3,6.06,0.2
2026-09-08T16:00,469.0,120.0,604.5,29.5,5.91,0.0
2026-09-08T17:00,271.0,76.0,556.8,29.1,4.89,0.0
2026-09-08T18:00,61.0,26.0,250.2,27.5,3.99,0.0
2026-09-08T19:00,0.0,0.0,0.0,26.8,3.52,0.0
2026-09-08T20:00,0.0,0.0,0.0,26.2,3.34,0.0
2026-09-08T21:00,0.0,0.0,0.0,25.8,2.9,0.0
2026-09-08T22:00,0.0,0.0,0.0,25.6,2.65,0.0
2026-09-08T23:00,0.0,0.0,0.0,25.5,2.21,0.0
2026-09-09T00:00,0.0,0.0,0.0,25.0,2.61,0.2
2026-09-09T01:00,0.0,0.0,0.0,24.8,2.17,0.0
2026-09-09T02:00,0.0,0.0,0.0,24.6,2.07,0.0
2026-09-09T03:00,0.0,0.0,0.0,24.3,2.04,0.0
2026-09-09T04:00,0.0,0.0,0.0,24.0,1.9,0.0
2026-09-09T05:00,0.0,0.0,0.0,24.7,2.12,0.0
2026-09-09T06:00,2.0,2.0,0.0,24.4,2.16,0.0
2026-09-09T07:00,117.0,50.0,360.4,25.7,2.2,0.0
2026-09-09T08:00,337.0,99.0,553.5,27.3,3.76,0.1
2026-09-09T09:00,558.0,138.0,650.4,28.4,4.69,0.2
2026-09-09T10:00,711.0,190.0,636.5,29.4,5.09,0.1
2026-09-09T11:00,816.0,248.0,606.5,30.8,4.63,0.2
2026-09-09T12:00,943.0,222.0,727.2,31.1,4.85,0.2
2026-09-09T13:00,823.0,322.0,511.3,31.0,5.41,0.3
2026-09-09T14:00,693.0,239.0,503.0,30.6,5.68,0.5
2026-09-09T15:00,582.0,214.0,481.3,29.7,6.09,0.5
2026-09-09T16:00,461.0,139.0,559.6,29.1,5.77,0.0
2026-09-09T17:00,252.0,97.0,445.5,28.9,4.91,0.0
2026-09-09T18:00,58.0,25.0,238.0,27.3,3.98,0.0
2026-09-09T19:00,0.0,0.0,0.0,26.7,3.86,0.0
2026-09-09T20:00,0.0,0.0,0.0,26.2,3.48,0.0
2026-09-09T21:00,0.0,0.0,0.0,25.9,3.05,0.0
2026-09-09T22:00,0.0,0.0,0.0,25.6,2.57,0.0
2026-09-09T23:00,0.0,0.0,0.0,25.5,2.69,0.0
2026-09-10T00:00,0.0,0.0,0.0,25.1,3.13,0.1
2026-09-10T01:00,0.0,0.0,0.0,24.8,3.09,0.0
2026-09-10T02:00,0.0,0.0,0.0,24.6,2.66,0.0
2026-09-10T03:00,0.0,0.0,0.0,24.4,2.57,0.0
2026-09-10T04:00,0.0,0.0,0.0,24.3,2.83,0.0
2026-09-10T05:00,0.0,0.0,0.0,24.8,2.91,0.0
2026-09-10T06:00,3.0,3.0,0.0,24.6,2.96,0.0
2026-09-10T07:00,121.0,48.0,391.4,25.9,3.27,0.0
2026-09-10T08:00,355.0,88.0,620.0,27.5,3.96,0.1
2026-09-10T09:00,558.0,116.0,683.9,28.8,4.97,0.2
2026-09-10T10:00,738.0,152.0,715.6,29.8,5.23,0.2
2026-09-10T11:00,838.0,208.0,672.7,30.7,5.13,0.4
2026-09-10T12:00,810.0,259.0,555.9,30.9,5.24,0.3
2026-09-10T13:00,805.0,278.0,538.2,31.2,5.56,0.2
2026-09-10T14:00,727.0,274.0,502.6,30.3,6.02,0.6
2026-09-10T15:00,499.0,278.0,289.7,29.8,6.17,0.5
2026-09-10T16:00,443.0,167.0,481.3,29.2,5.72,0.1
2026-09-10T17:00,207.0,111.0,277.7,28.9,5.1,0.3
2026-09-10T18:00,48.0,36.0,87.3,27.6,3.89,0.0
2026-09-10T19:00,0.0,0.0,0.0,27.0,3.26,0.0
2026-09-10T20:00,0.0,0.0,0.0,26.6,3.08,0.0
2026-09-10T21:00,0.0,0.0,0.0,26.1,2.65,0.0
2026-09-10T22:00,0.0,0.0,0.0,25.7,2.15,0.0
2026-09-10T23:00,0.0,0.0,0.0,25.6,2.68,0.3
2026-09-11T00:00,0.0,0.0,0.0,25.1,2.44,0.0
2026-09-11T01:00,0.0,0.0,0.0,24.6,2.35,0.0
2026-09-11T02:00,0.0,0.0,0.0,24.4,2.05,0.0
2026-09-11T03:00,0.0,0.0,0.0,24.2,1.71,0.0
2026-09-11T04:00,0.0,0.0,0.0,24.0,1.28,0.0
2026-09-11T05:00,0.0,0.0,0.0,24.7,2.01,0.0
2026-09-11T06:00,3.0,3.0,0.0,24.6,2.62,0.0
2026-09-11T07:00,124.0,50.0,395.6,25.9,2.33,0.0
2026-09-11T08:00,327.0,134.0,447.6,27.8,3.13,0.0
2026-09-11T09:00,568.0,169.0,616.9,29.1,4.57,0.0
2026-09-11T10:00,699.0,210.0,597.0,30.0,4.5,0.2
2026-09-11T11:00,800.0,311.0,522.2,30.9,4.91,0.3
2026-09-11T12:00,823.0,268.0,560.1,31.0,5.08,0.3
2026-09-11T13:00,938.0,191.0,763.5,31.4,5.21,0.4
2026-09-11T14:00,802.0,238.0,626.6,31.0,5.62,0.2
2026-09-11T15:00,434.0,256.0,233.8,29.9,5.19,0.1
2026-09-11T16:00,361.0,190.0,299.3,29.3,4.39,0.4
2026-09-11T17:00,178.0,129.0,142.7,29.3,4.01,0.0
2026-09-11T18:00,46.0,33.0,95.4,27.7,3.29,0.1
2026-09-11T19:00,0.0,0.0,0.0,27.0,3.2,0.0
2026-09-11T20:00,0.0,0.0,0.0,26.4,2.8,0.0
2026-09-11T21:00,0.0,0.0,0.0,26.0,2.16,0.0
2026-09-11T22:00,0.0,0.0,0.0,25.8,2.06,0.0
2026-09-11T23:00,0.0,0.0,0.0,25.8,3.11,0.0
2026-09-12T00:00,0.0,0.0,0.0,25.4,3.22,0.0
2026-09-12T01:00,0.0,0.0,0.0,25.2,3.01,0.0
2026-09-12T02:00,0.0,0.0,0.0,24.9,2.59,0.0
2026-09-12T03:00,0.0,0.0,0.0,24.6,2.48,0.0
2026-09-12T04:00,0.0,0.0,0.0,24.5,2.36,0.0
2026-09-12T05:00,0.0,0.0,0.0,25.0,3.13,0.0
2026-09-12T06:00,3.0,3.0,0.0,24.9,2.95,0.0
2026-09-12T07:00,110.0,65.0,239.8,26.1,3.09,0.0
2026-09-12T08:00,334.0,121.0,493.3,27.8,4.43,0.0
2026-09-12T09:00,535.0,165.0,571.6,28.8,4.94,0.0
2026-09-12T10:00,753.0,177.0,703.0,30.4,5.22,0.0
2026-09-12T11:00,858.0,227.0,673.8,31.4,4.95,0.1
2026-09-12T12:00,904.0,219.0,691.6,31.5,4.81,0.3
2026-09-12T13:00,818.0,283.0,547.3,31.7,5.09,0.4
2026-09-12T14:00,735.0,269.0,518.4,31.2,5.31,0.5
2026-09-12T15:00,574.0,233.0,448.9,31.0,5.5,0.1
2026-09-12T16:00,322.0,192.0,228.3,29.3,3.87,0.5
2026-09-12T17:00,153.0,107.0,134.9,29.4,5.14,0.1
2026-09-12T18:00,44.0,32.0,88.9,28.2,4.06,0.0
2026-09-12T19:00,0.0,0.0,0.0,27.3,3.75,0.0
2026-09-12T20:00,0.0,0.0,0.0,26.7,3.68,0.0
2026-09-12T21:00,0.0,0.0,0.0,26.2,3.11,0.0
2026-09-12T22:00,0.0,0.0,0.0,25.6,2.58,0.0
2026-09-12T23:00,0.0,0.0,0.0,25.4,2.93,0.0
2026-09-13T00:00,0.0,0.0,0.0,25.0,2.84,0.0
2026-09-13T01:00,0.0,0.0,0.0,24.7,2.5,0.0
2026-09-13T02:00,0.0,0.0,0.0,24.5,2.73,0.0
2026-09-13T03:00,0.0,0.0,0.0,24.4,2.79,0.0
2026-09-13T04:00,0.0,0.0,0.0,24.3,2.91,0.0
2026-09-13T05:00,0.0,0.0,0.0,25.0,3.81,0.0
2026-09-13T06:00,3.0,3.0,0.0,24.9,3.61,0.0
2026-09-13T07:00,90.0,70.0,106.3,25.8,3.02,0.0
2026-09-13T08:00,254.0,186.0,157.3,27.3,3.5,0.0
2026-09-13T09:00,465.0,272.0,298.0,28.8,4.32,0.0
2026-09-13T10:00,695.0,266.0,523.4,30.2,4.4,0.0
2026-09-13T11:00,852.0,266.0,625.8,31.5,4.64,0.0
2026-09-13T12:00,948.0,208.0,747.5,32.0,4.62,0.0
2026-09-13T13:00,911.0,251.0,675.7,32.6,4.95,0.0
2026-09-13T14:00,687.0,239.0,499.1,32.6,4.63,0.0
2026-09-13T15:00,452.0,258.0,255.9,31.3,4.99,0.2
2026-09-13T16:00,337.0,157.0,317.3,30.4,5.49,0.0
2026-09-13T17:00,203.0,92.0,327.7,28.8,4.4,0.0
2026-09-13T18:00,19.0,16.0,22.4,27.8,4.19,0.3
2026-09-13T19:00,0.0,0.0,0.0,27.0,4.08,0.0
2026-09-13T20:00,0.0,0.0,0.0,26.7,3.04,0.1
2026-09-13T21:00,0.0,0.0,0.0,26.6,2.51,0.1
2026-09-13T22:00,0.0,0.0,0.0,26.2,1.9,0.8
2026-09-13T23:00,0.0,0.0,0.0,25.4,1.84,0.3
2026-09-14T00:00,0.0,0.0,0.0,25.2,1.88,0.1
2026-09-14T01:00,0.0,0.0,0.0,25.0,2.2,0.1
2026-09-14T02:00,0.0,0.0,0.0,24.7,2.09,0.3
2026-09-14T03:00,0.0,0.0,0.0,24.8,1.99,0.1
2026-09-14T04:00,0.0,0.0,0.0,24.5,2.02,0.0
2026-09-14T05:00,0.0,0.0,0.0,24.5,3.42,0.0
2026-09-14T06:00,3.0,3.0,0.0,24.4,2.91,0.3
2026-09-14T07:00,105.0,59.0,243.7,25.6,2.16,0.0
2026-09-14T08:00,289.0,130.0,367.3,27.3,2.63,0.0
2026-09-14T09:00,532.0,186.0,533.9,29.1,3.53,0.0
2026-09-14T10:00,710.0,239.0,574.6,30.2,3.83,0.0
2026-09-14T11:00,854.0,174.0,726.3,31.3,4.36,0.0
2026-09-14T12:00,951.0,150.0,809.6,31.7,4.2,0.0
2026-09-14T13:00,916.0,161.0,773.7,32.0,4.31,0.0
2026-09-14T14:00,719.0,277.0,493.2,31.5,4.2,0.1
2026-09-14T15:00,456.0,292.0,216.9,30.1,5.19,0.5
2026-09-14T16:00,253.0,178.0,132.7,28.2,4.07,0.4
2026-09-14T17:00,115.0,96.0,56.5,27.9,4.08,0.3
2026-09-14T18:00,29.0,25.0,30.2,27.0,1.7,0.0
2026-09-14T19:00,0.0,0.0,0.0,26.8,2.26,0.1
2026-09-14T20:00,0.0,0.0,0.0,26.4,2.07,0.1
2026-09-14T21:00,0.0,0.0,0.0,26.1,0.83,0.0
2026-09-14T22:00,0.0,0.0,0.0,25.9,1.05,0.0
2026-09-14T23:00,0.0,0.0,0.0,25.8,2.57,0.0
2026-09-15T00:00,0.0,0.0,0.0,24.9,2.92,0.0
2026-09-15T01:00,0.0,0.0,0.0,24.7,2.09,0.0
2026-09-15T02:00,0.0,0.0,0.0,24.7,2.23,0.0
2026-09-15T03:00,0.0,0.0,0.0,24.4,2.36,0.0
2026-09-15T04:00,0.0,0.0,0.0,24.1,1.46,0.0
2026-09-15T05:00,0.0,0.0,0.0,24.7,1.32,0.0
2026-09-15T06:00,2.0,2.0,0.0,24.4,2.31,0.0
2026-09-15T07:00,70.0,64.0,31.7,25.5,1.87,0.0
2026-09-15T08:00,191.0,167.0,55.4,26.6,1.79,0.0
2026-09-15T09:00,513.0,210.0,467.3,28.9,3.13,0.0
2026-09-15T10:00,699.0,229.0,573.2,30.2,3.2,0.0
2026-09-15T11:00,909.0,141.0,820.5,31.6,3.15,0.0
2026-09-15T12:00,965.0,147.0,827.2,32.3,2.83,0.0
2026-09-15T13:00,926.0,169.0,776.5,33.1,3.02,0.0
2026-09-15T14:00,847.0,138.0,792.3,31.5,4.04,0.0
2026-09-15T15:00,528.0,192.0,445.3,29.8,4.66,0.8
2026-09-15T16:00,411.0,149.0,465.2,29.9,3.62,0.2
2026-09-15T17:00,234.0,85.0,446.1,29.3,2.56,0.3
2026-09-15T18:00,27.0,26.0,7.6,28.0,2.4,0.1
2026-09-15T19:00,0.0,0.0,0.0,27.5,2.43,0.0
2026-09-15T20:00,0.0,0.0,0.0,27.1,1.68,0.0
2026-09-15T21:00,0.0,0.0,0.0,26.8,1.03,0.0
2026-09-15T22:00,0.0,0.0,0.0,26.7,0.82,0.0
2026-09-15T23:00,0.0,0.0,0.0,26.6,1.33,0.0
2026-09-16T00:00,0.0,0.0,0.0,26.1,1.47,0.0
2026-09-16T01:00,0.0,0.0,0.0,25.6,1.55,0.0
2026-09-16T02:00,0.0,0.0,0.0,25.3,1.41,0.0
2026-09-16T03:00,0.0,0.0,0.0,25.0,1.87,0.0
2026-09-16T04:00,0.0,0.0,0.0,24.8,2.62,0.1
2026-09-16T05:00,0.0,0.0,0.0,24.9,3.39,0.0
2026-09-16T06:00,3.0,3.0,0.0,24.4,3.11,0.0
2026-09-16T07:00,95.0,60.0,184.4,25.4,1.98,0.0
2026-09-16T08:00,297.0,139.0,364.2,27.1,1.82,0.0
2026-09-16T09:00,569.0,115.0,699.8,29.3,2.7,0.0
2026-09-16T10:00,764.0,165.0,730.5,30.9,3.0,0.0
2026-09-16T11:00,790.0,334.0,487.3,32.3,3.04,0.0
2026-09-16T12:00,936.0,215.0,729.6,33.5,3.87,0.0
2026-09-16T13:00,962.0,128.0,856.4,34.2,4.3,0.0
2026-09-16T14:00,838.0,154.0,765.5,34.4,4.12,0.0
2026-09-16T15:00,703.0,138.0,750.6,33.9,3.94,0.0
2026-09-16T16:00,414.0,135.0,497.3,31.4,5.26,0.7
2026-09-16T17:00,229.0,94.0,407.1,31.0,4.24,0.0
2026-09-16T18:00,42.0,25.0,130.6,29.3,4.49,0.0
2026-09-16T19:00,0.0,0.0,0.0,28.4,2.97,0.0
2026-09-16T20:00,0.0,0.0,0.0,28.1,1.52,0.0
2026-09-16T21:00,0.0,0.0,0.0,27.7,0.75,0.1
2026-09-16T22:00,0.0,0.0,0.0,27.0,1.3,0.2
2026-09-16T23:00,0.0,0.0,0.0,27.2,0.6,0.1
2026-09-17T00:00,0.0,0.0,0.0,26.6,0.38,0.2
2026-09-17T01:00,0.0,0.0,0.0,26.5,0.3,0.0
2026-09-17T02:00,0.0,0.0,0.0,26.0,0.74,0.2
2026-09-17T03:00,0.0,0.0,0.0,25.8,0.98,0.0
2026-09-17T04:00,0.0,0.0,0.0,25.7,0.36,0.0
2026-09-17T05:00,0.0,0.0,0.0,24.5,1.6,0.0
2026-09-17T06:00,3.0,3.0,0.0,24.3,1.64,0.1
2026-09-17T07:00,118.0,52.0,346.9,25.4,1.46,0.0
2026-09-17T08:00,282.0,131.0,347.7,26.9,2.31,0.0
2026-09-17T09:00,251.0,168.0,127.9,27.5,2.01,0.0
2026-09-17T10:00,321.0,210.0,135.4,28.4,1.47,0.0
2026-09-17T11:00,341.0,285.0,59.9,30.9,2.21,0.0
2026-09-17T12:00,661.0,323.0,342.2,29.7,3.12,0.1
2026-09-17T13:00,504.0,321.0,188.1,28.4,2.03,2.1
2026-09-17T14:00,596.0,221.0,420.4,29.7,2.23,0.7
2026-09-17T15:00,547.0,192.0,472.8,27.0,3.07,4.0
2026-09-17T16:00,268.0,143.0,223.6,27.1,2.26,1.1
2026-09-17T17:00,169.0,93.0,230.8,27.0,2.39,0.5
2026-09-17T18:00,34.0,23.0,85.3,26.4,1.89,0.2
2026-09-17T19:00,0.0,0.0,0.0,26.6,1.83,0.0
2026-09-17T20:00,0.0,0.0,0.0,26.7,2.18,0.0
2026-09-17T21:00,0.0,0.0,0.0,26.4,2.34,0.0
2026-09-17T22:00,0.0,0.0,0.0,26.1,2.09,0.0
2026-09-17T23:00,0.0,0.0,0.0,26.2,1.68,0.0
2026-09-18T00:00,0.0,0.0,0.0,25.7,1.79,0.0
2026-09-18T01:00,0.0,0.0,0.0,25.5,1.39,0.0
2026-09-18T02:00,0.0,0.0,0.0,25.4,0.96,0.0
2026-09-18T03:00,0.0,0.0,0.0,25.1,0.89,0.0
2026-09-18T04:00,0.0,0.0,0.0,24.8,1.3,0.0
2026-09-18T05:00,0.0,0.0,0.0,25.5,1.9,0.0
2026-09-18T06:00,3.0,3.0,0.0,25.3,2.33,0.0
2026-09-18T07:00,112.0,53.0,309.4,26.6,1.97,0.0
2026-09-18T08:00,343.0,94.0,572.9,28.1,3.53,0.1
2026-09-18T09:00,529.0,130.0,614.5,29.4,4.15,0.3
2026-09-18T10:00,721.0,153.0,692.7,30.7,4.39,0.1
2026-09-18T11:00,826.0,200.0,669.4,32.1,4.6,0.2
2026-09-18T12:00,857.0,210.0,655.6,32.4,4.78,0.3
2026-09-18T13:00,866.0,205.0,680.3,32.7,5.33,0.0
2026-09-18T14:00,701.0,228.0,531.1,32.3,5.4,0.0
2026-09-18T15:00,565.0,229.0,448.6,30.6,4.08,1.4
2026-09-18T16:00,269.0,194.0,134.7,28.4,4.87,0.8
2026-09-18T17:00,142.0,111.0,94.8,29.6,4.19,0.7
2026-09-18T18:00,28.0,19.0,70.5,28.5,3.76,0.2
2026-09-18T19:00,0.0,0.0,0.0,27.8,2.76,0.1
2026-09-18T20:00,0.0,0.0,0.0,27.1,2.42,0.0
2026-09-18T21:00,0.0,0.0,0.0,26.7,1.79,0.1
2026-09-18T22:00,0.0,0.0,0.0,26.3,1.4,0.2
2026-09-18T23:00,0.0,0.0,0.0,26.1,2.41,0.2
2026-09-19T00:00,0.0,0.0,0.0,25.5,2.66,0.2
2026-09-19T01:00,0.0,0.0,0.0,25.2,2.58,0.0
2026-09-19T02:00,0.0,0.0,0.0,25.0,2.4,0.0
2026-09-19T03:00,0.0,0.0,0.0,24.9,2.26,0.0
2026-09-19T04:00,0.0,0.0,0.0,24.8,1.95,0.0
2026-09-19T05:00,0.0,0.0,0.0,25.3,2.49,0.0
2026-09-19T06:00,3.0,3.0,0.0,25.2,2.29,0.0
2026-09-19T07:00,116.0,52.0,334.9,26.4,2.03,0.0
2026-09-19T08:00,341.0,102.0,549.5,28.0,3.13,0.0
2026-09-19T09:00,561.0,124.0,672.9,29.5,4.62,0.2
2026-09-19T10:00,719.0,174.0,664.7,30.3,4.92,0.5
2026-09-19T11:00,707.0,237.0,502.8,31.5,4.44,0.2
2026-09-19T12:00,707.0,319.0,393.5,28.6,4.52,1.0
2026-09-19T13:00,462.0,232.0,237.0,26.8,3.44,3.8
2026-09-19T14:00,439.0,246.0,217.1,27.3,3.93,1.8
2026-09-19T15:00,277.0,216.0,81.6,25.3,3.26,6.6
2026-09-19T16:00,100.0,85.0,27.0,25.3,2.91,2.6
2026-09-19T17:00,98.0,95.0,9.2,26.0,2.19,0.6
2026-09-19T18:00,30.0,26.0,31.6,25.1,2.37,1.5
2026-09-19T19:00,0.0,0.0,0.0,25.3,1.63,0.4
2026-09-19T20:00,0.0,0.0,0.0,25.1,2.11,0.3
2026-09-19T21:00,0.0,0.0,0.0,25.1,1.44,0.0
2026-09-19T22:00,0.0,0.0,0.0,25.1,1.17,0.0
2026-09-19T23:00,0.0,0.0,0.0,26.0,1.08,0.0
2026-09-20T00:00,0.0,0.0,0.0,25.7,1.35,0.1
2026-09-20T01:00,0.0,0.0,0.0,25.4,1.9,0.1
2026-09-20T02:00,0.0,0.0,0.0,25.2,1.52,0.2
2026-09-20T03:00,0.0,0.0,0.0,24.9,2.09,0.2
2026-09-20T04:00,0.0,0.0,0.0,24.8,1.66,0.1
2026-09-20T05:00,0.0,0.0,0.0,24.8,0.79,0.3
2026-09-20T06:00,3.0,3.0,0.0,24.4,1.9,0.8
2026-09-20T07:00,71.0,59.0,62.7,24.8,2.46,0.2
2026-09-20T08:00,325.0,134.0,438.8,25.6,2.79,0.1
2026-09-20T09:00,510.0,231.0,429.5,27.0,2.14,0.1
2026-09-20T10:00,566.0,328.0,290.3,27.9,2.5,0.1
2026-09-20T11:00,497.0,431.0,70.6,28.9,2.74,0.1
2026-09-20T12:00,759.0,401.0,363.3,27.1,4.53,2.6
2026-09-20T13:00,407.0,352.0,56.7,26.3,3.4,2.7
2026-09-20T14:00,307.0,254.0,59.7,25.6,4.37,4.1
2026-09-20T15:00,320.0,220.0,134.2,26.1,3.77,0.8
2026-09-20T16:00,275.0,214.0,110.4,26.4,2.9,0.4
2026-09-20T17:00,79.0,76.0,9.3,24.8,4.6,1.7
2026-09-20T18:00,10.0,10.0,0.0,24.2,2.99,2.6
2026-09-20T19:00,0.0,0.0,0.0,24.3,1.6,1.9
2026-09-20T20:00,0.0,0.0,0.0,24.4,1.35,1.2
2026-09-20T21:00,0.0,0.0,0.0,24.4,0.86,0.9
2026-09-20T22:00,0.0,0.0,0.0,24.4,1.11,0.9
2026-09-20T23:00,0.0,0.0,0.0,24.6,1.16,0.6
2026-09-21T00:00,0.0,0.0,0.0,24.5,0.07,0.5
2026-09-21T01:00,0.0,0.0,0.0,24.6,0.15,0.5
2026-09-21T02:00,0.0,0.0,0.0,24.3,2.26,0.8
2026-09-21T03:00,0.0,0.0,0.0,24.0,1.86,0.6
2026-09-21T04:00,0.0,0.0,0.0,23.8,1.76,0.3
2026-09-21T05:00,0.0,0.0,0.0,24.2,2.11,0.2
2026-09-21T06:00,3.0,3.0,0.0,24.5,1.03,0.0
2026-09-21T07:00,101.0,66.0,182.3,25.3,1.96,0.0
2026-09-21T08:00,230.0,155.0,172.2,25.8,3.42,0.1
2026-09-21T09:00,415.0,222.0,297.0,26.5,3.47,0.2
2026-09-21T10:00,578.0,276.0,368.4,27.7,3.63,0.3
2026-09-21T11:00,682.0,308.0,400.5,27.5,4.61,0.5
2026-09-21T12:00,472.0,366.0,107.7,26.8,3.32,2.6
2026-09-21T13:00,328.0,256.0,74.4,27.0,2.55,0.9
2026-09-21T14:00,553.0,345.0,234.8,28.0,3.4,0.4
2026-09-21T15:00,259.0,249.0,13.5,27.1,4.21,0.4
2026-09-21T16:00,203.0,173.0,54.5,26.6,3.47,0.4
2026-09-21T17:00,157.0,119.0,118.8,27.1,3.18,0.3
2026-09-21T18:00,22.0,22.0,0.0,26.0,2.32,0.1
2026-09-21T19:00,0.0,0.0,0.0,25.5,2.37,0.0
2026-09-21T20:00,0.0,0.0,0.0,25.4,1.44,0.0
2026-09-21T21:00,0.0,0.0,0.0,24.8,2.49,0.2
2026-09-21T22:00,0.0,0.0,0.0,24.1,2.38,0.4
2026-09-21T23:00,0.0,0.0,0.0,25.2,1.56,0.2
2026-09-22T00:00,0.0,0.0,0.0,24.6,1.91,0.0
2026-09-22T01:00,0.0,0.0,0.0,24.6,2.17,0.0
2026-09-22T02:00,0.0,0.0,0.0,24.3,2.09,0.1
2026-09-22T03:00,0.0,0.0,0.0,24.0,2.66,0.2
2026-09-22T04:00,0.0,0.0,0.0,23.7,2.69,1.0
2026-09-22T05:00,0.0,0.0,0.0,24.3,1.4,0.2
2026-09-22T06:00,3.0,3.0,0.0,24.4,1.3,0.0
2026-09-22T07:00,97.0,69.0,145.5,25.3,1.05,0.0
2026-09-22T08:00,328.0,136.0,440.4,26.7,2.69,0.1
2026-09-22T09:00,494.0,221.0,420.1,28.0,3.28,0.2
2026-09-22T10:00,711.0,197.0,627.2,28.8,3.78,0.7
2026-09-22T11:00,781.0,211.0,610.7,29.7,3.61,0.1
2026-09-22T12:00,900.0,182.0,730.0,30.1,4.11,0.3
2026-09-22T13:00,835.0,255.0,599.9,27.6,5.07,2.7
2026-09-22T14:00,609.0,205.0,456.9,28.5,4.07,1.5
2026-09-22T15:00,529.0,236.0,395.2,28.7,4.37,0.3
2026-09-22T16:00,319.0,181.0,251.8,27.8,4.25,0.6
2026-09-22T17:00,153.0,116.0,116.6,28.1,4.2,0.3
2026-09-22T18:00,31.0,23.0,65.2,26.8,3.9,0.0
2026-09-22T19:00,0.0,0.0,0.0,25.5,3.62,0.8
2026-09-22T20:00,0.0,0.0,0.0,24.4,1.94,1.7
2026-09-22T21:00,0.0,0.0,0.0,24.0,1.06,0.6
2026-09-22T22:00,0.0,0.0,0.0,23.9,1.35,0.3
2026-09-22T23:00,0.0,0.0,0.0,24.8,0.51,0.2
2026-09-23T00:00,0.0,0.0,0.0,24.6,0.21,0.0
2026-09-23T01:00,0.0,0.0,0.0,24.3,0.25,0.0
2026-09-23T02:00,0.0,0.0,0.0,24.4,0.18,0.0
2026-09-23T03:00,0.0,0.0,0.0,24.0,1.17,0.1
2026-09-23T04:00,0.0,0.0,0.0,23.8,0.94,0.5
2026-09-23T05:00,0.0,0.0,0.0,24.6,0.78,0.3
2026-09-23T06:00,3.0,3.0,0.0,24.7,1.4,0.1
2026-09-23T07:00,79.0,62.0,88.2,25.7,2.39,0.1
2026-09-23T08:00,314.0,119.0,447.0,27.0,3.52,0.0
2026-09-23T09:00,469.0,206.0,404.7,27.9,4.42,0.1
2026-09-23T10:00,688.0,218.0,573.7,28.8,4.45,0.3
2026-09-23T11:00,817.0,286.0,569.3,29.6,4.48,0.1
2026-09-23T12:00,866.0,319.0,556.7,29.6,4.68,0.9
2026-09-23T13:00,774.0,264.0,528.2,30.0,5.64,0.2
2026-09-23T14:00,697.0,264.0,490.6,29.0,5.9,1.1
2026-09-23T15:00,536.0,261.0,372.0,28.3,5.44,0.9
2026-09-23T16:00,312.0,197.0,210.7,27.6,5.44,0.8
2026-09-23T17:00,165.0,98.0,212.8,27.5,4.22,0.3
2026-09-23T18:00,29.0,25.0,32.9,26.5,3.97,0.0
2026-09-23T19:00,0.0,0.0,0.0,26.3,3.38,0.0
2026-09-23T20:00,0.0,0.0,0.0,25.8,2.84,0.0
2026-09-23T21:00,0.0,0.0,0.0,25.3,2.63,0.1
2026-09-23T22:00,0.0,0.0,0.0,24.8,1.93,0.2
2026-09-23T23:00,0.0,0.0,0.0,25.3,2.15,0.8
2026-09-24T00:00,0.0,0.0,0.0,24.7,3.7,0.6
2026-09-24T01:00,0.0,0.0,0.0,24.2,3.64,0.0
2026-09-24T02:00,0.0,0.0,0.0,24.2,4.24,0.1
2026-09-24T03:00,0.0,0.0,0.0,23.7,3.47,1.4
2026-09-24T04:00,0.0,0.0,0.0,23.7,3.85,0.2
2026-09-24T05:00,0.0,0.0,0.0,23.9,2.44,0.6
2026-09-24T06:00,2.0,2.0,0.0,23.9,2.4,0.3
2026-09-24T07:00,97.0,69.0,144.9,25.0,2.33,0.0
2026-09-24T08:00,279.0,166.0,258.9,26.1,3.63,0.2
2026-09-24T09:00,441.0,265.0,270.8,26.8,3.89,0.2
2026-09-24T10:00,704.0,270.0,529.9,28.7,3.69,0.2
2026-09-24T11:00,767.0,321.0,478.5,29.6,5.78,0.1
2026-09-24T12:00,901.0,274.0,638.7,30.6,6.15,0.1
2026-09-24T13:00,859.0,169.0,715.7,30.6,6.42,0.2
2026-09-24T14:00,723.0,214.0,577.9,30.0,6.33,0.1
2026-09-24T15:00,549.0,253.0,401.5,29.5,6.46,0.1
2026-09-24T16:00,360.0,216.0,265.0,28.6,5.86,0.0
2026-09-24T17:00,173.0,128.0,144.1,27.6,4.83,0.1
2026-09-24T18:00,27.0,24.0,25.0,26.6,3.95,0.0
2026-09-24T19:00,0.0,0.0,0.0,26.1,3.41,0.0
2026-09-24T20:00,0.0,0.0,0.0,25.6,2.61,0.0
2026-09-24T21:00,0.0,0.0,0.0,25.4,2.63,0.0
2026-09-24T22:00,0.0,0.0,0.0,25.1,2.82,0.0
2026-09-24T23:00,0.0,0.0,0.0,25.1,2.77,0.2
2026-09-25T00:00,0.0,0.0,0.0,24.5,2.54,0.2
2026-09-25T01:00,0.0,0.0,0.0,24.0,3.13,0.1
2026-09-25T02:00,0.0,0.0,0.0,23.5,2.67,0.0
2026-09-25T03:00,0.0,0.0,0.0,23.3,2.34,0.0
2026-09-25T04:00,0.0,0.0,0.0,23.2,1.86,0.2
2026-09-25T05:00,0.0,0.0,0.0,24.1,1.66,0.1
2026-09-25T06:00,3.0,3.0,0.0,23.9,1.82,0.0
2026-09-25T07:00,96.0,72.0,123.9,24.8,1.46,0.0
2026-09-25T08:00,284.0,172.0,256.4,26.4,1.05,0.0
2026-09-25T09:00,515.0,212.0,466.1,28.0,2.24,0.0
2026-09-25T10:00,703.0,271.0,527.6,28.9,4.72,0.5
2026-09-25T11:00,751.0,329.0,453.0,30.0,5.49,0.3
2026-09-25T12:00,747.0,322.0,433.4,30.2,6.16,0.0
2026-09-25T13:00,633.0,369.0,274.2,29.3,6.8,0.3
2026-09-25T14:00,477.0,337.0,159.3,28.5,6.6,0.3
2026-09-25T15:00,435.0,299.0,185.0,27.4,5.2,1.1
2026-09-25T16:00,370.0,197.0,319.8,27.2,4.06,0.3
2026-09-25T17:00,135.0,109.0,83.9,26.7,4.15,0.4
2026-09-25T18:00,28.0,22.0,50.5,25.4,4.09,0.2
2026-09-25T19:00,0.0,0.0,0.0,25.3,2.9,0.0
2026-09-25T20:00,0.0,0.0,0.0,25.2,2.29,0.0
2026-09-25T21:00,0.0,0.0,0.0,25.0,1.76,0.0
2026-09-25T22:00,0.0,0.0,0.0,24.9,1.17,0.0
2026-09-25T23:00,0.0,0.0,0.0,24.9,2.13,0.0
2026-09-26T00:00,0.0,0.0,0.0,24.7,1.66,0.0
2026-09-26T01:00,0.0,0.0,0.0,24.3,1.7,0.0
2026-09-26T02:00,0.0,0.0,0.0,24.1,2.02,0.0
2026-09-26T03:00,0.0,0.0,0.0,23.9,2.04,0.0
2026-09-26T04:00,0.0,0.0,0.0,23.7,2.2,0.0
2026-09-26T05:00,0.0,0.0,0.0,24.5,2.91,0.0
2026-09-26T06:00,3.0,3.0,0.0,24.3,3.08,0.0
2026-09-26T07:00,105.0,73.0,164.9,25.6,2.86,0.0
2026-09-26T08:00,281.0,166.0,263.1,27.2,3.24,0.0
2026-09-26T09:00,524.0,172.0,541.5,28.5,5.05,0.0
2026-09-26T10:00,711.0,244.0,570.6,29.4,6.0,0.1
2026-09-26T11:00,856.0,235.0,667.2,30.1,6.52,0.2
2026-09-26T12:00,903.0,231.0,686.1,30.4,6.74,0.2
2026-09-26T13:00,912.0,147.0,795.9,30.8,6.38,0.1
2026-09-26T14:00,737.0,249.0,556.4,30.5,6.06,0.0
2026-09-26T15:00,620.0,215.0,552.6,30.1,5.9,0.0
2026-09-26T16:00,440.0,125.0,584.9,29.3,5.44,0.0
2026-09-26T17:00,232.0,67.0,537.0,28.5,4.53,0.0
2026-09-26T18:00,32.0,19.0,110.6,27.4,4.21,0.0
2026-09-26T19:00,0.0,0.0,0.0,26.8,4.09,0.0
2026-09-26T20:00,0.0,0.0,0.0,26.2,3.62,0.0
2026-09-26T21:00,0.0,0.0,0.0,25.8,3.23,0.0
2026-09-26T22:00,0.0,0.0,0.0,25.4,2.78,0.0
2026-09-26T23:00,0.0,0.0,0.0,25.5,2.53,0.0
2026-09-27T00:00,0.0,0.0,0.0,25.0,1.45,0.0
2026-09-27T01:00,0.0,0.0,0.0,24.9,1.3,0.0
2026-09-27T02:00,0.0,0.0,0.0,24.6,1.25,0.0
2026-09-27T03:00,0.0,0.0,0.0,24.1,0.85,0.0
2026-09-27T04:00,0.0,0.0,0.0,24.0,0.4,0.0
2026-09-27T05:00,0.0,0.0,0.0,24.2,0.6,0.0
2026-09-27T06:00,3.0,2.0,16.9,23.9,1.45,0.0
2026-09-27T07:00,128.0,50.0,401.2,25.9,1.45,0.0
2026-09-27T08:00,360.0,93.0,610.7,27.7,2.1,0.0
2026-09-27T09:00,590.0,116.0,729.3,28.9,3.23,0.0
2026-09-27T10:00,756.0,157.0,732.2,29.8,3.79,0.0
2026-09-27T11:00,863.0,163.0,752.6,31.0,4.21,0.1
2026-09-27T12:00,917.0,160.0,773.7,31.4,4.39,0.3
2026-09-27T13:00,882.0,178.0,733.6,31.5,4.65,0.3
2026-09-27T14:00,796.0,155.0,732.4,31.3,4.65,0.6
2026-09-27T15:00,602.0,172.0,588.5,30.5,4.45,1.2
2026-09-27T16:00,381.0,130.0,468.2,29.5,4.9,0.1
2026-09-27T17:00,197.0,76.0,397.1,29.3,3.86,0.0
2026-09-27T18:00,33.0,18.0,129.0,27.6,3.96,0.0
2026-09-27T19:00,0.0,0.0,0.0,27.2,3.57,0.0
2026-09-27T20:00,0.0,0.0,0.0,26.7,2.44,0.0
2026-09-27T21:00,0.0,0.0,0.0,26.5,1.67,0.0
2026-09-27T22:00,0.0,0.0,0.0,26.3,1.19,0.0
2026-09-27T23:00,0.0,0.0,0.0,26.7,1.91,0.0
2026-09-28T00:00,0.0,0.0,0.0,25.8,1.96,0.0
2026-09-28T01:00,0.0,0.0,0.0,25.5,1.85,0.0
2026-09-28T02:00,0.0,0.0,0.0,25.2,1.6,0.0
2026-09-28T03:00,0.0,0.0,0.0,24.9,1.25,0.0
2026-09-28T04:00,0.0,0.0,0.0,24.8,1.27,0.0
2026-09-28T05:00,0.0,0.0,0.0,25.2,1.51,0.0
2026-09-28T06:00,3.0,2.0,16.8,25.2,1.45,0.0
2026-09-28T07:00,126.0,52.0,379.9,26.7,2.0,0.0
2026-09-28T08:00,355.0,95.0,594.4,28.0,2.87,0.1
2026-09-28T09:00,566.0,130.0,670.9,29.1,3.23,0.0
2026-09-28T10:00,748.0,150.0,731.4,30.1,3.34,0.1
2026-09-28T11:00,829.0,190.0,687.6,30.8,3.1,0.2
2026-09-28T12:00,949.0,156.0,811.5,31.4,2.82,0.1
2026-09-28T13:00,877.0,176.0,731.7,31.7,2.62,0.1
2026-09-28T14:00,716.0,197.0,594.3,31.1,3.27,0.5
2026-09-28T15:00,514.0,202.0,428.3,29.7,4.4,1.0
2026-09-28T16:00,402.0,151.0,470.3,29.2,3.93,0.2
2026-09-28T17:00,153.0,91.0,205.2,29.0,3.31,0.0
2026-09-28T18:00,31.0,19.0,104.4,27.6,2.96,0.0
2026-09-28T19:00,0.0,0.0,0.0,27.0,2.55,0.0
2026-09-28T20:00,0.0,0.0,0.0,26.6,1.6,0.1
2026-09-28T21:00,0.0,0.0,0.0,26.7,1.13,0.0
2026-09-28T22:00,0.0,0.0,0.0,26.4,0.64,0.0
2026-09-28T23:00,0.0,0.0,0.0,26.5,0.45,0.0
2026-09-29T00:00,0.0,0.0,0.0,26.0,0.18,0.0
2026-09-29T01:00,0.0,0.0,0.0,25.7,0.22,0.0
2026-09-29T02:00,0.0,0.0,0.0,25.2,0.47,0.0
2026-09-29T03:00,0.0,0.0,0.0,25.0,0.57,0.0
2026-09-29T04:00,0.0,0.0,0.0,25.2,0.47,0.0
2026-09-29T05:00,0.0,0.0,0.0,25.2,0.68,0.0
2026-09-29T06:00,3.0,2.0,16.7,25.2,1.23,0.0
2026-09-29T07:00,129.0,53.0,389.5,26.5,1.46,0.0
2026-09-29T08:00,371.0,86.0,651.3,27.9,1.81,0.0
2026-09-29T09:00,564.0,140.0,652.6,28.9,2.52,0.0
2026-09-29T10:00,738.0,158.0,709.8,29.9,2.69,0.0
2026-09-29T11:00,865.0,184.0,733.5,30.9,2.67,0.1
2026-09-29T12:00,880.0,203.0,693.7,31.2,3.05,0.1
2026-09-29T13:00,852.0,203.0,678.6,31.4,3.41,0.2
2026-09-29T14:00,765.0,174.0,678.3,31.3,3.68,0.2
2026-09-29T15:00,584.0,199.0,530.1,30.5,3.86,0.4
2026-09-29T16:00,444.0,119.0,611.8,29.5,3.85,0.4
2026-09-29T17:00,206.0,83.0,410.6,29.0,3.32,0.2
2026-09-29T18:00,30.0,17.0,114.4,27.7,2.55,0.0
2026-09-29T19:00,0.0,0.0,0.0,27.0,2.23,0.0
2026-09-29T20:00,0.0,0.0,0.0,26.5,1.35,0.0
2026-09-29T21:00,0.0,0.0,0.0,26.2,0.81,0.0
2026-09-29T22:00,0.0,0.0,0.0,26.1,0.36,0.0
2026-09-29T23:00,0.0,0.0,0.0,26.1,0.89,0.0
