date,ghi_kwh_m2,tmean_c,tmax_c,tmin_c,precip_mm,cloud_pct,wind_max_kmh
2021-01-01,3.322,8.5,15.8,2.9,0.0,41,10.3
2021-01-02,2.564,9.5,16.3,2.9,2.2,87,10.5
2021-01-03,1.917,13.7,17.1,10.6,12.8,79,13.4
2021-01-04,2.031,14.8,18.9,11.8,10.6,67,14.4
2021-01-05,1.011,14.8,17.2,13.3,23.8,85,13.5
2021-01-06,2.803,14.5,18.9,11.4,2.4,52,10.7
2021-01-07,2.128,12.3,17.0,8.8,0.0,58,8.7
2021-01-08,2.806,12.2,17.5,9.1,0.0,55,8.9
2021-01-09,3.192,10.8,17.1,6.5,0.0,32,10.5
2021-01-10,2.897,9.4,16.0,4.9,0.0,33,10.6
2021-01-11,3.308,10.3,17.1,4.8,0.0,25,7.6
2021-01-12,2.489,9.1,14.7,5.4,0.0,56,7.9
2021-01-13,2.714,8.2,14.8,3.4,0.0,51,7.0
2021-01-14,2.586,8.4,14.0,4.0,0.0,96,8.8
2021-01-15,2.597,9.5,14.4,6.3,0.0,64,4.7
2021-01-16,1.764,8.7,12.5,6.0,0.0,79,7.8
2021-01-17,2.358,8.4,13.3,5.0,0.0,67,11.6
2021-01-18,3.281,11.1,17.9,6.5,0.0,10,9.7
2021-01-19,3.642,11.6,19.0,5.6,0.0,0,8.8
2021-01-20,3.725,11.7,19.2,5.9,0.0,0,10.8
2021-01-21,3.847,10.7,18.1,5.5,0.0,14,10.5
2021-01-22,3.039,11.3,18.0,5.1,0.0,76,14.2
2021-01-23,2.186,11.7,15.5,6.8,5.6,57,15.4
2021-01-24,3.086,11.5,17.1,6.4,0.0,54,9.5
2021-01-25,3.833,11.1,18.1,4.9,0.0,1,9.7
2021-01-26,3.953,10.0,17.7,4.7,0.0,0,11.7
2021-01-27,4.008,10.0,17.6,3.4,0.0,0,11.9
2021-01-28,4.008,10.8,18.2,4.9,0.0,0,11.3
2021-01-29,4.064,9.9,18.1,3.9,0.0,0,12.3
2021-01-30,4.108,10.7,17.8,4.0,0.0,26,10.3
2021-01-31,4.025,11.7,19.3,4.6,0.0,17,8.8
2021-02-01,4.053,12.8,20.2,6.1,0.0,0,10.4
2021-02-02,4.097,13.1,20.7,6.3,0.0,16,10.3
2021-02-03,3.653,13.5,20.5,8.4,1.2,35,16.8
2021-02-04,3.614,12.1,18.2,7.6,3.0,23,17.0
2021-02-05,4.064,11.4,17.7,5.9,0.0,8,10.4
2021-02-06,4.214,12.2,20.0,6.5,0.0,0,11.0
2021-02-07,4.264,13.4,20.8,6.9,0.0,0,11.7
2021-02-08,4.267,14.4,22.0,7.2,0.0,38,8.0
2021-02-09,4.247,14.9,22.9,7.9,0.0,23,8.1
2021-02-10,4.347,15.9,22.2,9.1,0.0,0,9.1
2021-02-11,4.264,15.4,23.0,9.4,0.0,21,9.9
2021-02-12,4.044,15.0,22.7,9.1,0.0,85,9.2
2021-02-13,3.281,15.3,21.9,10.3,0.0,87,9.3
2021-02-14,3.917,14.8,21.9,10.1,0.0,43,9.3
2021-02-15,3.906,15.4,22.1,10.1,0.0,73,5.5
2021-02-16,4.014,16.1,22.7,10.5,0.0,50,7.4
2021-02-17,4.208,16.0,23.1,10.9,0.0,43,9.1
2021-02-18,4.086,16.1,23.0,10.3,0.0,33,9.4
2021-02-19,4.247,16.5,22.9,10.0,0.0,32,7.3
2021-02-20,4.3,16.8,23.5,9.8,0.0,59,6.4
2021-02-21,4.608,17.4,24.1,10.3,0.0,33,9.2
2021-02-22,4.664,18.0,25.3,10.9,0.0,23,8.0
2021-02-23,4.803,18.6,26.5,12.4,0.0,19,10.3
2021-02-24,4.661,18.8,26.5,12.4,0.0,13,9.8
2021-02-25,4.961,20.3,27.3,13.2,0.0,9,11.3
2021-02-26,4.819,20.6,27.9,13.8,0.0,13,11.5
2021-02-27,4.994,19.4,24.6,14.6,0.0,9,17.6
2021-02-28,5.147,17.7,24.4,11.5,0.0,1,9.2
2021-03-01,5.153,17.8,25.0,11.6,0.0,1,12.6
2021-03-02,5.353,17.4,26.1,11.4,0.0,0,15.0
2021-03-03,5.308,18.4,26.6,11.5,0.0,0,10.2
2021-03-04,5.139,18.6,27.0,11.5,0.0,11,11.0
2021-03-05,5.422,19.3,28.2,11.7,0.0,0,15.2
2021-03-06,4.336,18.9,26.6,11.7,0.0,47,11.6
2021-03-07,4.653,21.8,28.1,17.4,0.0,37,17.9
2021-03-08,5.147,20.9,28.3,16.3,1.0,20,16.6
2021-03-09,5.281,21.2,29.2,14.5,0.0,7,15.5
2021-03-10,4.997,21.5,29.0,14.7,0.0,24,9.3
2021-03-11,4.7,21.2,29.6,12.8,0.4,61,12.9
2021-03-12,4.569,19.9,26.3,14.5,0.2,51,21.1
2021-03-13,5.317,19.3,27.8,13.2,0.0,42,11.9
2021-03-14,5.697,19.7,27.2,12.5,0.0,5,9.8
2021-03-15,5.244,20.3,28.4,13.6,0.0,30,11.2
2021-03-16,5.628,21.5,29.7,14.4,0.0,36,9.8
2021-03-17,5.375,21.7,30.1,15.0,0.1,66,12.5
2021-03-18,5.278,22.1,30.2,14.6,0.0,62,11.4
2021-03-19,5.586,22.4,30.9,14.9,0.0,46,14.1
2021-03-20,5.95,22.1,30.6,14.1,0.0,36,11.8
2021-03-21,3.428,20.7,27.8,14.7,0.0,93,20.1
2021-03-22,3.086,21.0,25.2,16.6,1.0,79,22.0
2021-03-23,3.725,19.9,24.7,16.1,5.4,60,27.4
2021-03-24,5.533,19.7,27.0,12.8,0.0,30,15.3
2021-03-25,6.208,20.0,27.8,13.9,0.0,5,13.6
2021-03-26,6.228,21.1,29.2,14.2,0.0,11,9.6
2021-03-27,5.864,22.7,31.6,14.8,0.0,8,9.9
2021-03-28,6.136,25.4,33.8,16.5,0.0,22,15.0
2021-03-29,6.244,27.7,34.9,22.6,0.0,16,20.8
2021-03-30,6.3,25.8,33.1,17.7,0.0,8,18.5
2021-03-31,6.75,23.7,30.6,18.0,0.0,0,23.6
2021-04-01,6.806,23.2,30.4,17.1,0.0,0,25.9
2021-04-02,6.872,21.9,29.0,15.9,0.0,0,19.6
2021-04-03,6.653,22.2,31.6,13.0,0.0,2,11.4
2021-04-04,5.425,23.4,32.7,14.0,0.0,64,14.1
2021-04-05,3.747,24.6,31.6,18.3,0.0,77,13.5
2021-04-06,3.783,24.9,31.3,18.8,1.0,81,25.5
2021-04-07,6.133,23.5,31.1,16.6,3.7,12,15.9
2021-04-08,6.825,22.6,30.6,14.6,0.0,2,14.1
2021-04-09,6.803,23.4,32.3,15.1,0.0,7,12.1
2021-04-10,6.775,25.0,34.2,16.4,0.0,11,15.4
2021-04-11,6.083,25.8,34.4,16.9,0.0,57,16.5
2021-04-12,6.444,26.8,34.7,20.3,0.0,72,17.2
2021-04-13,6.647,27.7,35.7,19.1,0.0,69,14.5
2021-04-14,4.203,27.3,35.6,21.0,0.4,72,20.5
2021-04-15,4.881,26.5,33.8,19.1,0.0,90,20.2
2021-04-16,4.364,25.0,32.8,19.7,1.3,89,24.3
2021-04-17,3.972,20.7,27.0,17.5,21.1,67,17.7
2021-04-18,6.197,23.2,30.4,16.6,0.2,29,13.8
2021-04-19,6.797,24.9,32.6,18.0,0.0,43,14.3
2021-04-20,3.142,22.3,29.2,15.5,0.3,96,11.1
2021-04-21,5.447,20.6,25.4,16.6,1.6,62,15.1
2021-04-22,4.536,21.1,26.4,16.0,0.6,43,22.4
2021-04-23,5.842,20.3,26.6,15.8,4.3,48,19.1
2021-04-24,7.044,22.3,31.0,13.2,0.0,0,11.2
2021-04-25,7.125,25.4,34.6,16.2,0.0,0,10.1
2021-04-26,6.989,27.9,37.3,17.5,0.0,7,10.2
2021-04-27,6.467,29.2,39.4,19.4,0.0,28,27.1
2021-04-28,5.994,30.5,40.0,22.3,0.0,31,15.0
2021-04-29,5.428,30.2,38.5,21.5,0.0,42,19.7
2021-04-30,6.033,30.3,38.9,21.5,0.0,61,20.9
2021-05-01,5.261,30.6,37.9,23.0,0.0,65,18.6
2021-05-02,6.103,31.1,38.8,22.4,0.0,13,11.5
2021-05-03,5.797,30.6,38.9,23.7,0.2,25,19.9
2021-05-04,5.461,29.7,35.9,24.4,1.2,48,17.3
2021-05-05,5.767,28.4,33.8,22.4,1.2,20,13.3
2021-05-06,4.689,28.8,34.5,21.8,0.8,59,18.8
2021-05-07,5.439,27.6,33.0,22.7,0.2,58,18.2
2021-05-08,5.744,28.5,36.5,21.0,0.0,29,20.3
2021-05-09,5.653,29.0,36.8,22.2,0.3,40,22.2
2021-05-10,5.458,29.8,37.4,22.8,0.0,35,25.5
2021-05-11,5.611,29.0,37.4,23.8,0.8,26,17.6
2021-05-12,4.989,28.0,34.6,21.9,0.0,61,9.4
2021-05-13,5.497,25.4,29.9,21.9,1.4,39,16.4
2021-05-14,5.964,26.7,33.2,19.5,0.0,33,13.3
2021-05-15,6.208,28.7,35.9,21.4,0.0,31,16.8
2021-05-16,6.525,30.3,38.4,21.3,0.0,25,16.7
2021-05-17,6.917,31.5,39.7,22.2,0.0,4,15.3
2021-05-18,6.047,31.8,39.8,23.3,0.0,39,23.2
2021-05-19,4.714,28.7,34.1,24.3,0.0,67,13.6
2021-05-20,6.472,29.2,36.8,21.8,0.2,11,19.6
2021-05-21,6.267,29.1,36.4,23.4,0.9,17,22.0
2021-05-22,6.617,29.8,36.9,21.6,0.0,29,9.1
2021-05-23,4.508,28.6,34.6,23.3,0.0,62,16.3
2021-05-24,6.814,29.3,37.2,20.3,0.0,2,16.1
2021-05-25,7.136,31.0,39.0,22.0,0.0,0,16.6
2021-05-26,7.158,32.0,40.4,24.0,0.0,0,14.4
2021-05-27,7.111,33.5,42.4,24.6,0.0,0,13.0
2021-05-28,6.833,33.9,42.5,26.1,0.0,1,14.3
2021-05-29,6.306,34.4,42.3,26.8,0.3,12,26.8
2021-05-30,6.314,33.0,39.7,27.7,0.0,11,19.4
2021-05-31,5.869,30.8,37.1,26.8,1.9,23,23.0
2021-06-01,5.011,28.4,34.4,23.3,3.8,44,12.3
2021-06-02,5.975,30.2,35.8,24.5,0.1,19,13.5
2021-06-03,5.65,28.8,34.5,23.3,0.4,35,13.7
2021-06-04,6.303,28.8,34.4,23.5,0.0,24,10.4
2021-06-05,6.189,30.1,35.7,24.5,0.0,16,14.7
2021-06-06,6.372,32.1,38.1,25.2,0.0,8,7.1
2021-06-07,6.169,33.7,41.0,26.9,0.0,14,10.6
2021-06-08,6.775,35.2,42.4,27.9,0.0,0,10.6
2021-06-09,6.247,36.9,43.5,29.9,0.0,12,14.0
2021-06-10,6.167,35.7,42.2,29.9,0.0,18,20.6
2021-06-11,6.642,34.3,40.3,28.7,0.0,11,20.1
2021-06-12,6.372,33.9,39.9,26.9,0.3,10,20.3
2021-06-13,5.978,29.9,35.6,24.3,6.7,30,23.4
2021-06-14,6.589,30.9,37.0,24.9,0.0,4,11.7
2021-06-15,6.225,31.8,38.6,25.7,0.0,39,11.6
2021-06-16,5.286,28.6,32.4,25.6,0.6,45,11.2
2021-06-17,6.511,30.0,36.1,23.9,0.0,26,7.6
2021-06-18,5.594,31.5,37.9,27.2,0.9,43,25.7
2021-06-19,6.133,32.7,39.0,26.4,0.0,13,22.6
2021-06-20,6.467,31.9,38.2,25.8,0.0,12,14.1
2021-06-21,6.258,32.2,38.4,26.5,0.0,16,10.3
2021-06-22,6.681,33.4,40.4,26.4,0.0,3,11.9
2021-06-23,6.25,34.1,40.9,26.8,0.0,7,9.4
2021-06-24,6.083,32.3,39.9,27.8,2.4,14,15.8
2021-06-25,6.089,32.7,37.8,27.1,0.4,16,11.3
2021-06-26,5.819,32.0,38.2,26.3,0.0,18,11.9
2021-06-27,6.703,32.9,39.4,25.3,0.0,5,10.4
2021-06-28,6.7,34.3,41.4,26.9,0.0,1,12.2
2021-06-29,5.967,35.4,41.7,28.1,0.0,9,17.0
2021-06-30,6.686,36.2,43.6,28.9,0.0,4,13.2
2021-07-01,6.339,35.9,42.2,29.2,0.0,7,12.0
2021-07-02,6.167,34.8,41.5,27.8,0.4,22,23.9
2021-07-03,5.858,32.9,38.3,28.2,0.7,28,12.9
2021-07-04,5.978,34.3,39.8,28.8,0.4,16,10.8
2021-07-05,6.169,34.3,39.9,28.2,0.0,12,10.7
2021-07-06,6.267,35.1,41.0,28.8,0.0,8,8.8
2021-07-07,6.228,35.8,41.8,29.4,0.0,7,9.3
2021-07-08,6.108,34.9,41.3,29.8,0.1,10,17.8
2021-07-09,5.55,34.1,39.0,29.8,0.2,31,18.1
2021-07-10,5.481,33.7,39.1,30.4,0.7,31,10.9
2021-07-11,5.475,32.6,37.6,29.7,5.1,45,16.6
2021-07-12,4.156,28.3,33.3,25.8,20.2,71,22.9
2021-07-13,4.817,28.0,32.4,24.4,7.5,58,15.5
2021-07-14,4.164,29.2,32.8,25.9,0.3,69,11.9
2021-07-15,5.731,30.1,34.3,26.2,0.3,33,11.6
2021-07-16,6.092,31.0,35.3,27.2,0.4,10,13.9
2021-07-17,6.075,32.4,36.8,27.9,0.2,7,11.2
2021-07-18,5.911,33.0,38.1,29.0,0.0,56,20.0
2021-07-19,4.428,29.0,33.6,26.3,4.6,88,21.8
2021-07-20,2.583,26.8,30.2,25.3,15.4,75,15.1
2021-07-21,4.786,28.0,32.2,24.7,10.9,52,10.0
2021-07-22,4.986,29.0,32.1,25.6,0.8,38,10.6
2021-07-23,2.764,28.3,31.1,26.6,1.0,63,13.7
2021-07-24,6.197,31.0,35.4,26.5,0.0,37,7.3
2021-07-25,5.528,31.5,35.1,28.0,0.3,48,9.5
2021-07-26,3.722,30.1,33.3,28.6,1.4,99,14.4
2021-07-27,3.017,28.9,31.4,27.1,21.5,98,10.5
2021-07-28,0.625,26.4,27.2,25.5,63.8,100,12.6
2021-07-29,4.667,27.4,30.7,24.7,1.6,67,12.6
2021-07-30,4.3,27.5,30.1,25.2,8.3,53,15.9
2021-07-31,3.994,27.9,30.6,25.9,0.5,66,14.5
2021-08-01,5.467,29.1,32.6,26.0,9.1,42,8.7
2021-08-02,5.742,29.5,33.1,26.2,4.2,27,8.2
2021-08-03,5.85,29.5,33.5,26.1,0.2,18,10.7
2021-08-04,5.694,29.5,33.2,26.2,1.7,20,8.2
2021-08-05,5.494,29.5,32.9,26.1,5.8,28,9.4
2021-08-06,5.131,28.9,32.9,25.4,0.4,32,11.7
2021-08-07,6.078,29.8,33.9,25.6,0.1,26,6.0
2021-08-08,5.697,29.7,33.4,26.6,1.2,25,11.9
2021-08-09,5.117,29.4,32.5,26.6,1.1,33,9.9
2021-08-10,5.847,30.1,33.9,26.5,0.5,20,9.7
2021-08-11,6.225,30.9,35.8,26.9,0.0,12,8.9
2021-08-12,6.153,31.1,35.7,27.0,0.0,9,9.7
2021-08-13,6.147,31.1,36.0,27.2,0.0,15,11.3
2021-08-14,5.819,30.4,34.2,27.1,0.9,20,10.5
2021-08-15,5.578,29.2,32.5,25.7,7.0,22,18.5
2021-08-16,5.961,30.0,34.7,25.9,0.0,17,8.4
2021-08-17,6.522,30.9,36.1,26.4,0.0,2,9.4
2021-08-18,6.244,31.4,36.5,27.2,0.0,6,7.2
2021-08-19,6.064,31.6,36.6,26.9,0.0,5,9.4
2021-08-20,5.306,30.6,35.1,27.7,0.7,33,15.5
2021-08-21,2.694,27.6,31.2,25.8,0.8,82,17.4
2021-08-22,3.278,26.9,30.2,24.7,9.3,88,11.4
2021-08-23,5.881,28.4,33.0,24.2,0.0,41,5.8
2021-08-24,5.839,30.1,34.4,25.9,0.1,24,8.7
2021-08-25,6.125,31.3,36.4,27.4,0.0,17,9.9
2021-08-26,6.356,31.0,36.3,27.0,0.0,3,8.6
2021-08-27,6.283,30.8,35.6,27.0,0.0,6,9.3
2021-08-28,5.667,30.0,33.7,26.5,0.3,22,15.0
2021-08-29,5.644,29.8,33.7,26.6,0.3,22,19.4
2021-08-30,4.736,28.6,32.3,23.8,4.4,33,13.5
2021-08-31,4.567,28.0,31.7,23.6,8.3,42,16.7
2021-09-01,5.511,28.2,32.9,25.4,1.6,21,7.6
2021-09-02,5.45,28.5,33.0,24.4,0.8,20,7.6
2021-09-03,4.586,28.2,32.4,25.4,5.3,61,6.9
2021-09-04,5.9,28.5,33.2,24.3,0.1,28,6.2
2021-09-05,5.417,29.2,33.2,24.8,0.1,10,7.3
2021-09-06,5.344,30.2,34.2,26.4,0.5,12,6.9
2021-09-07,5.05,29.6,33.4,27.2,1.2,18,12.9
2021-09-08,3.136,28.1,32.2,26.3,3.4,79,12.7
2021-09-09,4.972,28.0,32.1,25.7,3.7,61,12.9
2021-09-10,3.669,26.9,30.9,24.5,17.0,82,13.5
2021-09-11,3.042,25.8,28.6,24.0,15.8,77,18.0
2021-09-12,3.908,25.2,28.0,22.6,3.4,47,13.7
2021-09-13,5.714,26.9,32.2,22.1,0.0,7,7.6
2021-09-14,5.244,28.1,32.7,24.3,0.5,13,7.6
2021-09-15,5.192,28.9,34.0,24.9,0.0,14,11.2
2021-09-16,5.461,29.1,33.6,25.1,0.0,7,10.1
2021-09-17,4.392,27.6,31.5,24.6,1.7,25,14.8
2021-09-18,5.022,28.6,32.5,24.7,0.7,9,7.3
2021-09-19,4.847,29.1,32.6,25.8,0.4,18,5.8
2021-09-20,4.772,29.5,32.9,26.5,1.3,33,7.9
2021-09-21,4.258,27.6,31.8,24.8,20.0,68,18.7
2021-09-22,4.031,26.7,30.8,24.3,11.6,43,10.7
2021-09-23,4.122,25.7,29.8,22.7,8.5,34,11.8
2021-09-24,5.15,26.4,30.8,22.8,0.1,16,8.8
2021-09-25,5.169,27.4,32.0,23.6,0.4,5,7.9
2021-09-26,4.911,27.9,32.2,23.7,0.0,5,6.2
2021-09-27,4.983,28.4,32.8,24.5,0.0,5,6.6
2021-09-28,5.033,28.9,33.4,24.7,0.0,22,5.8
2021-09-29,4.556,28.9,33.0,25.2,0.1,9,8.3
2021-09-30,4.339,28.4,32.0,25.0,0.1,13,7.9
2021-10-01,4.733,28.4,32.7,24.6,0.7,15,8.8
2021-10-02,4.492,27.9,32.5,24.5,1.3,23,6.8
2021-10-03,4.608,28.7,33.0,25.1,0.9,24,9.0
2021-10-04,4.444,27.8,32.6,25.0,2.5,23,11.5
2021-10-05,4.431,27.5,31.9,24.1,0.3,11,9.4
2021-10-06,5.114,27.6,33.3,23.2,0.0,0,10.7
2021-10-07,5.067,27.2,33.2,22.3,0.0,0,10.0
2021-10-08,5.019,27.7,34.2,22.0,0.0,0,8.9
2021-10-09,4.975,27.7,34.3,22.6,0.0,0,8.0
2021-10-10,4.867,28.2,34.7,23.1,0.0,0,14.7
2021-10-11,4.875,27.7,34.7,22.4,0.0,2,14.7
2021-10-12,4.767,26.4,34.1,21.2,0.0,3,9.8
2021-10-13,4.617,25.3,32.5,19.4,0.0,0,9.1
2021-10-14,4.606,24.8,33.0,18.2,0.0,0,10.9
2021-10-15,4.547,25.4,34.0,17.7,0.0,0,9.8
2021-10-16,4.375,26.6,33.7,21.1,0.0,2,9.0
2021-10-17,3.142,25.4,30.9,22.2,0.3,51,19.4
2021-10-18,3.05,23.3,27.4,19.9,7.6,51,11.8
2021-10-19,4.261,24.7,31.3,19.7,0.0,0,13.0
2021-10-20,4.297,24.7,32.9,18.3,0.0,0,10.0
2021-10-21,4.314,24.4,33.0,17.4,0.0,0,8.1
2021-10-22,4.181,24.3,32.2,16.7,0.0,2,14.0
2021-10-23,2.722,20.8,27.5,18.3,59.1,58,25.6
2021-10-24,2.211,18.5,21.4,16.6,15.0,70,19.5
2021-10-25,3.986,19.4,25.8,15.1,0.0,2,12.3
2021-10-26,4.075,19.4,25.6,13.8,0.0,0,9.0
2021-10-27,3.961,19.6,27.1,13.6,0.0,0,10.8
2021-10-28,3.967,19.4,27.4,14.1,0.0,0,9.8
2021-10-29,3.95,19.9,28.0,13.6,0.0,0,10.5
2021-10-30,3.894,19.8,28.6,13.9,0.0,0,12.8
2021-10-31,3.939,19.6,27.4,13.4,0.0,0,9.7
2021-11-01,3.8,19.6,27.8,13.3,0.1,7,12.5
2021-11-02,3.492,19.8,24.1,17.3,1.2,33,25.6
2021-11-03,3.669,19.8,27.8,14.6,0.0,2,13.0
2021-11-04,3.714,19.0,27.4,12.6,0.0,0,10.1
2021-11-05,3.644,19.3,27.3,13.1,0.0,0,9.2
2021-11-06,3.6,19.2,27.6,13.5,0.0,0,14.5
2021-11-07,3.647,18.2,26.5,12.6,0.0,0,10.6
2021-11-08,3.575,19.3,27.2,13.4,0.0,0,11.8
2021-11-09,3.581,18.6,27.6,11.8,0.0,0,10.2
2021-11-10,3.5,18.8,28.1,12.7,0.0,0,10.4
2021-11-11,3.453,19.2,27.6,12.6,0.0,0,10.0
2021-11-12,3.469,19.4,27.6,12.0,0.0,0,10.9
2021-11-13,3.5,18.4,26.8,10.9,0.0,0,10.9
2021-11-14,3.425,18.4,26.7,10.8,0.0,0,7.4
2021-11-15,3.386,17.6,26.0,10.1,0.0,0,10.2
2021-11-16,3.45,16.9,24.9,9.6,0.0,0,10.6
2021-11-17,3.356,16.7,25.4,10.0,0.0,0,10.0
2021-11-18,3.314,16.8,24.3,11.9,0.0,1,8.8
2021-11-19,3.297,16.6,24.7,9.2,0.0,0,10.4
2021-11-20,3.283,16.7,24.6,9.0,0.0,0,9.5
2021-11-21,3.278,16.4,25.3,9.2,0.0,0,9.8
2021-11-22,3.297,15.9,24.4,8.6,0.0,0,10.9
2021-11-23,3.283,15.7,24.9,8.5,0.0,0,10.0
2021-11-24,3.183,16.2,24.9,9.3,0.0,0,10.5
2021-11-25,3.1,16.3,25.1,10.6,0.0,1,9.9
2021-11-26,3.114,16.6,24.1,11.3,0.0,0,8.9
2021-11-27,3.078,16.0,24.2,9.5,0.0,0,9.8
2021-11-28,3.033,16.5,24.2,10.5,0.0,0,9.9
2021-11-29,3.058,16.1,24.5,9.6,0.0,1,12.5
2021-11-30,3.103,15.6,23.7,9.2,0.0,14,9.7
2021-12-01,2.728,15.1,22.9,8.6,0.0,87,7.4
2021-12-02,1.614,15.3,21.0,10.8,1.0,72,8.9
2021-12-03,2.919,15.1,22.9,9.1,0.0,12,9.7
2021-12-04,2.917,16.4,24.1,10.5,0.0,1,9.0
2021-12-05,2.722,15.5,22.9,12.1,5.5,23,15.0
2021-12-06,2.878,15.3,22.7,10.4,0.0,3,9.8
2021-12-07,3.017,14.2,22.0,8.5,0.0,15,10.0
2021-12-08,3.033,14.4,22.3,8.3,0.0,11,10.0
2021-12-09,2.986,14.8,22.7,8.3,0.0,0,8.9
2021-12-10,2.983,14.0,22.6,8.1,0.0,0,10.8
2021-12-11,3.097,13.1,21.6,5.5,0.0,23,9.3
2021-12-12,2.828,12.8,21.1,6.3,0.0,69,9.5
2021-12-13,2.756,11.7,19.8,5.3,0.0,33,8.8
2021-12-14,2.922,12.2,19.7,7.0,0.0,1,9.2
2021-12-15,3.0,11.3,19.6,5.3,0.0,0,9.8
2021-12-16,2.792,9.8,17.5,4.7,0.0,8,10.6
2021-12-17,2.992,9.0,17.2,3.9,0.0,9,11.3
2021-12-18,3.022,8.7,16.4,3.3,0.0,0,12.6
2021-12-19,3.081,9.1,16.1,2.3,0.0,21,9.2
2021-12-20,2.883,9.6,16.9,4.1,0.6,60,10.0
2021-12-21,2.956,10.9,18.2,4.6,0.0,20,8.9
2021-12-22,2.958,11.9,18.5,5.3,0.1,49,9.0
2021-12-23,2.814,12.3,18.9,6.8,0.4,25,9.0
2021-12-24,2.953,12.0,19.2,5.8,0.0,0,9.2
2021-12-25,2.725,12.4,19.1,5.6,0.0,57,9.5
2021-12-26,1.239,11.2,16.6,7.3,0.0,76,11.0
2021-12-27,2.875,11.5,18.1,6.5,0.0,1,10.1
2021-12-28,3.014,10.8,18.4,6.1,0.0,0,10.2
2021-12-29,3.103,9.8,17.3,3.8,0.0,3,10.3
2021-12-30,2.892,11.7,17.7,6.1,0.0,84,7.7
2021-12-31,3.0,11.4,17.8,4.9,0.0,50,7.3
2022-01-01,2.847,10.5,17.8,3.0,0.0,84,10.3
2022-01-02,2.947,10.4,18.3,4.7,0.0,85,10.7
2022-01-03,2.397,11.8,18.5,6.4,0.0,100,9.0
2022-01-04,0.953,12.4,14.5,11.2,0.8,96,12.0
2022-01-05,0.339,12.2,13.4,10.6,25.7,96,14.0
2022-01-06,1.8,13.1,16.8,9.9,1.9,73,15.7
2022-01-07,0.747,13.0,15.0,10.6,13.4,100,20.3
2022-01-08,1.094,12.9,15.4,9.8,24.8,70,18.9
2022-01-09,2.147,11.7,16.1,7.9,0.3,62,8.5
2022-01-10,2.694,10.9,15.9,7.0,1.0,46,9.3
2022-01-11,2.697,9.9,16.5,5.6,0.0,30,9.4
2022-01-12,3.217,10.5,17.0,5.9,0.0,38,9.4
2022-01-13,2.464,10.3,15.8,5.9,0.0,56,8.7
2022-01-14,2.381,9.1,15.4,4.4,0.0,71,7.3
2022-01-15,2.069,9.7,14.7,4.2,0.0,100,6.2
2022-01-16,1.936,9.8,14.0,6.4,0.0,99,8.2
2022-01-17,1.731,9.6,13.7,6.1,0.0,79,7.1
2022-01-18,2.686,10.1,15.6,5.3,0.0,61,10.0
2022-01-19,1.55,11.1,15.6,6.6,4.5,97,7.0
2022-01-20,2.014,12.0,15.3,9.2,0.6,75,9.0
2022-01-21,2.783,11.5,16.8,8.1,0.3,67,10.8
2022-01-22,0.769,11.4,13.3,9.6,18.6,100,20.4
2022-01-23,2.011,11.6,15.6,8.8,8.5,78,19.6
2022-01-24,2.506,10.3,15.4,7.5,0.0,53,7.2
2022-01-25,2.825,9.9,15.7,4.4,0.0,53,7.1
2022-01-26,3.033,10.3,15.9,5.9,0.0,48,10.2
2022-01-27,3.75,9.8,16.9,5.5,0.0,0,10.6
2022-01-28,3.739,10.6,17.1,4.8,0.0,0,10.2
2022-01-29,3.717,11.9,18.5,5.3,0.0,0,9.2
2022-01-30,3.55,11.7,18.3,6.0,0.0,21,10.6
2022-01-31,3.492,11.8,19.2,6.0,0.0,25,9.2
2022-02-01,3.561,11.8,19.3,6.8,0.0,26,12.0
2022-02-02,2.678,11.2,17.1,5.2,1.5,62,13.9
2022-02-03,1.061,10.8,12.2,6.8,9.5,88,14.2
2022-02-04,3.725,9.5,15.9,4.7,0.3,20,9.4
2022-02-05,3.714,9.9,16.4,4.3,0.1,54,7.3
2022-02-06,3.539,10.8,17.3,5.6,0.2,44,9.4
2022-02-07,3.858,12.8,20.0,7.2,0.2,17,9.4
2022-02-08,4.072,13.2,20.2,6.8,0.0,10,9.8
2022-02-09,4.05,13.1,19.4,8.5,0.0,32,11.3
2022-02-10,4.236,12.1,19.4,6.3,0.0,0,10.4
2022-02-11,4.375,12.0,19.6,6.2,0.0,4,15.3
2022-02-12,4.375,13.1,20.2,5.8,0.0,0,9.8
2022-02-13,4.317,13.1,21.0,6.4,0.0,28,8.7
2022-02-14,4.136,14.2,21.3,8.7,0.0,41,9.4
2022-02-15,4.236,14.8,21.3,8.2,0.0,4,9.2
2022-02-16,4.106,14.4,21.5,7.8,0.0,13,10.7
2022-02-17,4.397,14.4,21.9,7.5,0.0,10,10.5
2022-02-18,3.983,13.7,20.8,8.1,0.0,23,11.6
2022-02-19,4.608,14.1,22.0,7.9,0.0,1,13.8
2022-02-20,4.747,14.4,22.1,8.6,0.0,0,16.9
2022-02-21,4.808,13.8,22.0,7.0,0.0,34,11.5
2022-02-22,3.831,17.0,23.3,12.6,21.9,81,25.5
2022-02-23,4.303,15.7,21.0,11.1,0.6,43,23.3
2022-02-24,4.231,14.3,20.8,9.8,2.0,16,19.3
2022-02-25,3.067,13.6,18.2,9.2,6.6,59,22.5
2022-02-26,3.589,13.0,17.2,9.5,32.5,55,26.6
2022-02-27,4.95,12.8,19.8,7.1,0.0,0,10.5
2022-02-28,4.631,13.5,20.1,8.0,0.0,61,9.4
2022-03-01,4.678,16.3,21.4,10.6,0.0,48,10.5
2022-03-02,4.342,16.6,22.7,10.1,0.0,66,9.5
2022-03-03,1.883,14.4,17.3,11.0,20.4,68,18.0
2022-03-04,5.083,15.4,22.1,10.6,0.0,16,11.2
2022-03-05,4.942,16.4,23.5,10.9,0.0,62,9.4
2022-03-06,3.908,18.1,24.0,12.4,0.0,97,13.1
2022-03-07,4.919,18.3,24.5,14.0,0.0,57,18.9
2022-03-08,5.347,18.0,25.9,12.4,0.0,15,11.0
2022-03-09,5.114,18.2,26.1,11.4,0.0,77,10.6
2022-03-10,5.344,19.1,26.3,14.1,0.0,34,11.3
2022-03-11,5.497,19.1,27.4,12.7,0.0,4,11.9
2022-03-12,5.447,20.1,28.6,12.7,0.0,31,11.2
2022-03-13,5.5,21.8,29.7,14.7,0.0,2,10.0
2022-03-14,5.444,22.4,30.7,15.2,0.0,0,8.8
2022-03-15,5.464,23.9,31.6,17.1,0.0,0,10.8
2022-03-16,5.625,25.1,33.6,17.6,0.0,0,18.4
2022-03-17,5.719,24.4,32.4,18.6,0.0,13,10.9
2022-03-18,5.589,25.5,32.5,20.4,0.0,6,13.8
2022-03-19,5.647,25.6,33.0,19.9,0.0,0,13.4
2022-03-20,5.403,24.6,32.7,19.4,8.5,18,22.2
2022-03-21,5.842,23.6,31.9,16.9,0.0,1,10.0
2022-03-22,6.008,23.6,32.1,16.9,0.0,0,14.5
2022-03-23,5.439,23.4,31.2,16.0,0.0,21,11.5
2022-03-24,5.789,24.1,31.4,17.9,0.0,8,14.5
2022-03-25,6.008,22.9,31.5,15.1,0.0,3,12.6
2022-03-26,6.178,23.6,32.6,16.8,0.0,0,14.1
2022-03-27,6.169,23.7,33.2,15.7,0.0,0,12.2
2022-03-28,6.125,25.6,33.7,17.5,0.0,0,13.6
2022-03-29,6.189,25.4,34.4,16.9,0.0,0,10.9
2022-03-30,6.247,25.8,34.2,18.1,0.0,0,11.3
2022-03-31,6.217,25.6,34.5,17.5,0.0,0,11.4
2022-04-01,6.4,25.1,33.9,17.5,0.0,0,11.6
2022-04-02,6.392,25.2,34.9,16.0,0.0,0,12.4
2022-04-03,6.381,25.3,34.3,18.2,0.0,0,12.8
2022-04-04,6.486,25.8,35.5,17.1,0.0,25,11.0
2022-04-05,6.458,26.7,36.0,18.4,0.0,28,13.3
2022-04-06,6.444,27.6,36.5,17.7,0.0,0,11.9
2022-04-07,6.503,28.6,38.2,21.1,0.0,0,13.2
2022-04-08,6.486,28.5,38.1,20.1,0.0,0,12.0
2022-04-09,6.328,27.9,38.1,18.7,0.0,7,10.8
2022-04-10,6.547,29.3,39.0,19.4,0.0,0,10.6
2022-04-11,6.156,29.7,39.6,20.9,0.0,75,11.6
2022-04-12,5.367,29.9,38.1,23.1,0.0,66,11.6
2022-04-13,6.606,29.2,37.8,21.2,0.0,7,15.1
2022-04-14,5.847,27.3,35.6,20.6,0.1,41,17.1
2022-04-15,5.825,27.3,35.4,19.6,0.1,27,15.9
2022-04-16,6.583,28.0,37.0,19.3,0.0,2,11.7
2022-04-17,6.383,28.6,37.9,19.3,0.0,30,10.5
2022-04-18,6.153,29.7,39.1,20.1,0.0,22,10.4
2022-04-19,6.119,30.7,39.3,21.9,0.0,37,16.3
2022-04-20,5.828,30.5,38.5,22.7,0.0,18,19.9
2022-04-21,5.494,28.5,37.2,21.4,0.2,49,26.3
2022-04-22,6.511,27.9,35.6,19.5,0.0,18,13.8
2022-04-23,6.425,28.0,36.1,20.8,0.0,14,12.7
2022-04-24,6.647,28.5,37.0,19.7,0.0,28,15.3
2022-04-25,5.833,29.3,37.9,21.6,0.0,26,26.1
2022-04-26,6.728,29.7,38.5,21.3,0.0,1,13.8
2022-04-27,6.742,31.1,40.3,22.0,0.0,4,13.4
2022-04-28,6.619,32.6,42.0,23.2,0.0,15,10.8
2022-04-29,6.3,32.8,42.4,23.3,0.0,10,18.1
2022-04-30,6.3,32.4,41.8,24.0,0.0,13,16.6
2022-05-01,6.067,31.5,40.7,23.4,0.0,19,31.6
2022-05-02,6.064,32.7,41.1,25.5,0.0,25,22.3
2022-05-03,6.061,31.9,37.4,26.3,0.1,13,17.2
2022-05-04,4.597,29.2,35.4,24.4,1.0,38,19.0
2022-05-05,6.467,29.6,37.2,22.0,0.0,4,12.9
2022-05-06,6.217,30.0,38.5,22.0,0.0,10,13.4
2022-05-07,6.553,30.9,38.9,22.2,0.0,3,15.9
2022-05-08,6.567,31.7,40.2,23.1,0.0,2,12.8
2022-05-09,6.172,31.7,38.9,25.9,0.1,12,23.5
2022-05-10,5.989,32.1,38.6,26.6,0.3,11,19.7
2022-05-11,6.253,32.8,42.1,25.5,0.0,4,18.1
2022-05-12,6.431,33.5,42.7,26.2,0.0,5,19.4
2022-05-13,6.472,33.8,43.0,25.7,0.0,4,16.5
2022-05-14,6.917,34.1,44.1,24.5,0.0,0,13.5
2022-05-15,6.653,35.2,45.2,24.4,0.0,8,15.9
2022-05-16,6.092,34.2,42.5,26.3,0.0,40,21.2
2022-05-17,5.969,33.3,40.8,26.3,0.2,30,22.3
2022-05-18,6.444,33.8,41.9,25.8,0.0,7,17.1
2022-05-19,6.478,34.6,43.3,26.5,0.0,10,22.4
2022-05-20,6.258,34.9,44.3,26.9,0.0,17,19.1
2022-05-21,6.317,33.6,41.1,25.9,0.0,19,16.3
2022-05-22,6.522,33.2,41.1,24.5,0.0,9,16.3
2022-05-23,4.789,28.2,33.8,20.2,17.7,60,29.6
2022-05-24,6.167,24.9,31.4,19.3,7.3,13,23.0
2022-05-25,6.586,28.3,36.3,20.5,0.0,1,16.6
2022-05-26,6.328,31.6,38.8,23.9,0.0,8,11.8
2022-05-27,6.267,33.4,40.9,26.0,0.0,8,11.2
2022-05-28,5.956,33.4,40.1,27.2,0.0,14,14.5
2022-05-29,6.053,33.5,40.2,26.4,0.0,25,16.6
2022-05-30,5.567,31.5,35.9,27.3,1.5,18,18.9
2022-05-31,6.072,32.7,40.1,24.7,0.0,11,18.6
2022-06-01,6.242,33.2,41.6,24.0,0.0,10,12.5
2022-06-02,6.494,33.6,42.1,25.0,0.0,4,15.6
2022-06-03,6.286,34.0,42.8,24.5,0.0,11,15.6
2022-06-04,6.325,34.8,43.7,24.4,0.0,20,13.8
2022-06-05,6.531,35.3,44.3,25.4,0.0,4,17.2
2022-06-06,6.628,35.9,45.1,26.4,0.0,10,14.6
2022-06-07,6.417,36.7,45.2,27.9,0.0,18,17.2
2022-06-08,5.808,37.3,44.5,30.2,0.0,19,17.4
2022-06-09,6.036,37.0,45.2,28.4,0.0,23,17.3
2022-06-10,5.414,35.3,44.0,28.3,0.5,18,37.9
2022-06-11,5.317,36.1,42.6,29.5,0.3,26,36.3
2022-06-12,5.758,36.3,43.4,30.1,0.4,13,25.8
2022-06-13,6.156,36.9,44.2,29.8,0.0,10,16.3
2022-06-14,6.392,37.7,44.7,29.5,0.0,12,14.5
2022-06-15,6.067,37.7,44.8,30.2,0.0,13,14.5
2022-06-16,5.833,33.8,40.3,30.1,0.4,26,16.3
2022-06-17,4.022,29.8,34.1,26.8,0.0,49,15.5
2022-06-18,4.533,26.0,31.7,21.8,23.5,57,19.7
2022-06-19,5.383,26.8,32.3,21.3,0.8,43,8.7
2022-06-20,5.508,27.8,32.6,23.4,0.6,24,9.3
2022-06-21,2.511,24.5,26.9,22.4,6.8,87,16.6
2022-06-22,5.953,26.3,31.2,20.1,6.7,31,11.8
2022-06-23,6.714,27.9,34.3,22.4,0.0,7,13.9
2022-06-24,6.681,29.0,35.9,22.4,0.0,0,9.3
2022-06-25,6.603,30.6,37.3,23.6,0.0,0,9.0
2022-06-26,6.419,32.1,38.0,25.9,0.0,2,8.8
2022-06-27,6.072,33.1,37.8,28.0,0.0,5,9.9
2022-06-28,6.161,34.2,40.0,29.1,0.0,4,11.6
2022-06-29,6.061,34.3,39.9,29.4,0.0,8,19.5
2022-06-30,3.361,29.0,33.7,25.9,2.1,84,23.7
2022-07-01,3.561,27.7,32.0,24.7,35.4,78,15.2
2022-07-02,5.814,30.3,34.7,26.3,0.1,13,8.9
2022-07-03,4.886,29.8,33.7,25.9,9.0,69,17.4
2022-07-04,5.458,31.5,35.8,27.4,0.7,40,8.0
2022-07-05,5.631,32.1,36.6,27.1,11.1,87,9.0
2022-07-06,5.011,30.5,34.7,27.2,11.9,82,14.5
2022-07-07,5.303,31.4,35.1,27.5,0.6,58,10.8
2022-07-08,4.433,30.4,34.7,25.8,20.3,92,14.5
2022-07-09,5.508,30.2,36.7,26.5,41.5,74,14.2
2022-07-10,4.361,28.4,32.0,25.6,0.6,88,14.8
2022-07-11,4.647,29.9,33.4,26.2,0.1,70,6.1
2022-07-12,6.058,31.0,35.5,26.2,1.5,20,14.8
2022-07-13,5.786,29.5,34.5,25.1,11.0,43,25.0
2022-07-14,3.192,28.5,31.3,26.8,6.5,82,13.6
2022-07-15,2.811,27.0,30.0,25.4,7.4,99,16.5
2022-07-16,5.828,30.2,35.6,25.3,0.0,82,9.5
2022-07-17,3.761,27.8,32.0,24.9,18.3,69,13.6
2022-07-18,6.236,30.3,35.0,25.4,0.0,20,5.9
2022-07-19,5.883,31.8,36.1,27.7,0.0,14,6.6
2022-07-20,4.722,29.8,32.7,25.7,23.5,69,12.5
2022-07-21,1.658,26.2,28.9,24.6,49.5,98,15.0
2022-07-22,5.339,28.4,32.4,24.8,6.9,96,14.3
2022-07-23,4.325,28.4,31.9,25.8,2.5,97,14.9
2022-07-24,5.028,28.9,33.2,26.3,16.5,89,12.2
2022-07-25,5.028,28.7,32.7,25.6,13.9,89,16.4
2022-07-26,5.65,29.0,32.8,26.0,0.2,49,12.8
2022-07-27,4.061,27.9,31.8,25.8,10.9,92,11.2
2022-07-28,2.944,27.2,30.7,25.4,33.6,93,15.5
2022-07-29,3.267,26.7,30.4,24.7,19.2,100,11.4
2022-07-30,3.789,27.1,31.0,24.8,6.7,90,13.1
2022-07-31,3.456,27.0,30.4,24.7,17.8,97,8.9
2022-08-01,4.058,27.1,30.3,24.4,7.0,66,10.2
2022-08-02,5.875,29.3,33.5,24.5,0.1,15,6.2
2022-08-03,6.033,29.0,34.0,26.0,1.4,21,10.8
2022-08-04,4.983,28.7,32.7,25.2,5.9,67,12.9
2022-08-05,3.642,27.4,30.7,24.9,9.4,90,13.4
2022-08-06,5.233,28.4,32.3,25.1,6.5,80,7.6
2022-08-07,5.075,28.3,32.7,25.9,5.3,95,12.1
2022-08-08,6.036,29.4,33.7,25.4,0.0,51,7.6
2022-08-09,5.636,30.5,34.1,27.4,0.1,60,7.3
2022-08-10,6.206,30.9,35.4,26.6,0.0,10,8.3
2022-08-11,2.644,27.3,29.3,25.0,13.7,87,20.9
2022-08-12,4.911,28.6,34.0,25.2,0.0,55,10.8
2022-08-13,6.356,29.9,34.9,25.5,0.0,0,7.1
2022-08-14,5.694,29.9,34.0,26.7,4.9,37,15.3
2022-08-15,3.231,26.9,30.7,25.6,20.2,93,15.3
2022-08-16,4.592,28.5,32.4,25.3,0.0,92,8.4
2022-08-17,5.811,29.2,32.2,27.1,0.1,43,17.1
2022-08-18,5.847,29.5,33.1,26.0,0.3,8,8.9
2022-08-19,5.642,29.6,33.0,27.0,0.5,16,12.3
2022-08-20,5.578,28.5,32.7,25.7,1.1,38,13.3
2022-08-21,5.869,28.6,33.4,24.6,0.7,47,7.6
2022-08-22,5.992,29.8,34.5,25.6,0.0,15,7.2
2022-08-23,5.744,30.6,34.4,26.2,0.2,15,9.6
2022-08-24,5.033,29.1,33.6,26.5,10.1,54,17.9
2022-08-25,5.539,29.1,32.8,26.3,0.6,59,12.4
2022-08-26,5.561,28.9,33.0,25.2,3.1,13,11.5
2022-08-27,5.169,28.9,33.4,26.0,2.4,23,11.5
2022-08-28,4.781,28.7,33.8,25.8,2.1,31,14.1
2022-08-29,4.114,27.5,31.7,25.7,21.1,53,12.9
2022-08-30,5.611,28.5,33.2,24.3,10.0,30,12.8
2022-08-31,5.756,30.0,35.1,25.7,0.0,6,7.3
2022-09-01,5.903,30.5,36.5,25.7,0.0,5,8.1
2022-09-02,4.997,29.6,34.5,26.4,2.3,19,9.0
2022-09-03,5.456,29.9,34.9,25.7,0.2,12,10.3
2022-09-04,5.428,29.5,34.2,25.4,0.5,22,16.9
2022-09-05,4.397,27.7,34.5,24.5,10.5,46,18.1
2022-09-06,5.372,28.4,33.6,24.6,0.7,20,6.9
2022-09-07,5.592,29.2,34.6,24.3,0.0,5,7.6
2022-09-08,5.5,30.0,35.0,25.1,0.0,9,5.9
2022-09-09,5.208,29.7,35.2,26.7,0.5,11,14.8
2022-09-10,5.231,29.5,34.1,26.3,0.8,25,10.4
2022-09-11,5.292,28.6,33.6,24.7,0.4,25,13.3
2022-09-12,5.625,29.2,34.7,24.0,0.0,4,10.9
2022-09-13,5.253,29.8,35.4,24.8,0.0,32,10.0
2022-09-14,5.372,29.7,34.8,25.3,0.0,24,10.6
2022-09-15,5.211,29.5,34.2,25.2,0.8,16,10.5
2022-09-16,5.289,28.5,33.8,23.2,9.3,22,10.3
2022-09-17,4.953,28.9,34.4,24.9,1.8,16,15.7
2022-09-18,5.436,29.5,35.7,25.0,0.0,2,9.4
2022-09-19,5.508,29.8,36.5,24.4,0.0,3,10.1
2022-09-20,4.853,29.2,34.5,25.2,1.1,15,10.3
2022-09-21,4.397,28.0,31.4,25.2,7.2,16,16.8
2022-09-22,4.433,28.1,33.8,24.4,0.2,19,13.8
2022-09-23,4.286,27.3,33.3,23.7,1.3,45,11.6
2022-09-24,1.947,24.5,26.2,23.3,5.6,97,9.0
2022-09-25,4.008,24.9,29.2,22.6,3.2,55,11.1
2022-09-26,5.044,26.0,30.9,21.2,0.0,12,7.7
2022-09-27,4.794,26.5,31.3,22.6,0.0,7,7.4
2022-09-28,4.939,26.9,31.6,22.6,0.0,3,6.2
2022-09-29,5.022,27.1,32.7,22.2,0.0,4,6.7
2022-09-30,4.878,27.8,33.6,23.1,0.0,3,7.1
2022-10-01,4.875,27.5,33.9,22.7,0.0,6,8.3
2022-10-02,4.811,27.9,34.2,22.4,0.1,4,9.4
2022-10-03,4.975,27.4,34.5,20.9,0.0,2,9.0
2022-10-04,4.972,27.6,34.7,21.4,0.0,0,9.0
2022-10-05,4.989,26.4,34.4,20.6,0.0,0,8.9
2022-10-06,4.783,26.3,33.0,20.2,0.0,2,10.8
2022-10-07,4.703,26.4,32.3,21.8,0.0,2,11.3
2022-10-08,4.519,25.8,31.6,21.4,0.1,8,12.9
2022-10-09,4.439,25.5,31.1,21.0,0.3,13,12.1
2022-10-10,3.544,24.0,28.6,21.1,5.7,53,9.8
2022-10-11,4.314,23.3,28.5,19.4,1.3,19,8.8
2022-10-12,4.478,23.3,29.4,17.9,0.0,3,8.3
2022-10-13,4.508,24.3,31.0,18.2,0.0,1,9.7
2022-10-14,4.467,24.5,31.5,18.2,0.0,0,11.3
2022-10-15,4.469,24.0,31.6,18.2,0.0,0,8.9
2022-10-16,4.389,24.3,31.9,17.9,0.0,0,9.8
2022-10-17,4.378,24.2,32.0,17.9,0.0,0,11.5
2022-10-18,4.331,23.8,32.2,17.2,0.0,3,12.5
2022-10-19,4.267,23.4,31.6,17.0,0.0,0,10.5
2022-10-20,3.8,22.1,27.9,18.4,1.1,32,28.6
2022-10-21,4.167,22.3,29.7,16.0,0.0,0,11.8
2022-10-22,4.214,22.2,29.7,15.6,0.0,1,8.1
2022-10-23,4.219,21.2,29.8,14.3,0.0,0,9.4
2022-10-24,4.203,21.6,29.7,13.8,0.0,0,9.3
2022-10-25,4.111,22.0,30.1,14.9,0.0,0,9.7
2022-10-26,4.031,22.3,31.0,15.9,0.0,0,8.7
2022-10-27,3.997,22.7,30.9,15.7,0.0,0,9.7
2022-10-28,3.983,22.5,30.3,15.9,0.0,0,8.5
2022-10-29,3.908,22.3,30.6,16.6,0.0,0,8.8
2022-10-30,3.844,22.7,30.5,16.3,0.0,0,8.8
2022-10-31,3.764,22.8,30.5,16.6,0.0,1,9.2
2022-11-01,3.025,22.5,28.4,18.2,2.6,25,26.1
2022-11-02,3.644,22.6,29.9,17.4,0.0,29,10.8
2022-11-03,3.081,21.6,29.3,16.6,0.0,33,8.7
2022-11-04,3.506,21.7,29.7,15.8,0.0,62,8.8
2022-11-05,3.131,21.2,28.2,17.5,0.0,47,36.0
2022-11-06,2.861,21.1,27.3,17.0,22.0,85,29.0
2022-11-07,3.017,20.1,25.0,16.3,0.0,46,20.5
2022-11-08,3.372,19.6,27.1,15.3,3.7,17,12.9
2022-11-09,2.839,17.8,24.8,14.5,5.9,37,18.4
2022-11-10,3.392,18.7,25.4,13.6,0.0,27,12.2
2022-11-11,3.45,18.0,25.2,13.6,0.0,0,9.2
2022-11-12,3.414,17.6,24.8,12.5,0.0,0,9.0
2022-11-13,3.164,18.2,25.1,11.8,0.0,57,7.7
2022-11-14,2.45,17.9,23.1,14.2,6.1,61,21.2
2022-11-15,3.211,17.3,24.1,12.1,0.0,7,9.6
2022-11-16,3.181,16.5,23.2,12.3,0.0,12,9.2
2022-11-17,3.3,16.3,23.8,11.8,0.0,0,13.7
2022-11-18,3.236,15.4,23.6,9.6,0.0,47,9.7
2022-11-19,3.158,15.8,23.2,9.9,0.0,40,9.7
2022-11-20,3.228,15.9,23.5,10.7,0.0,0,12.2
2022-11-21,3.267,15.4,23.5,9.3,0.0,0,10.3
2022-11-22,3.267,15.6,23.9,8.8,0.0,0,10.6
2022-11-23,3.275,15.7,23.6,8.2,0.0,0,12.0
2022-11-24,3.219,15.5,24.2,8.6,0.0,30,9.8
2022-11-25,3.167,15.4,25.2,9.3,0.0,6,9.8
2022-11-26,3.183,15.5,24.6,8.9,0.0,0,10.0
2022-11-27,3.186,16.0,24.6,11.0,0.0,5,9.2
2022-11-28,3.067,15.6,24.4,8.5,0.0,10,8.7
2022-11-29,3.014,15.3,23.7,8.7,0.0,10,9.5
2022-11-30,3.006,15.6,23.9,8.1,0.0,13,8.9
2022-12-01,3.006,15.7,23.7,7.3,0.0,50,8.4
2022-12-02,2.336,15.7,22.7,9.9,0.0,100,8.3
2022-12-03,2.897,14.7,23.1,8.9,0.0,21,9.8
2022-12-04,3.064,15.1,23.0,8.0,0.0,0,11.0
2022-12-05,3.039,14.7,22.8,8.8,0.0,1,10.3
2022-12-06,3.011,14.4,22.7,8.2,0.0,0,9.8
2022-12-07,3.056,14.0,22.5,8.0,0.0,0,11.0
2022-12-08,2.653,14.1,22.5,7.7,0.0,32,10.5
2022-12-09,2.906,15.4,23.9,9.3,0.0,3,10.5
2022-12-10,2.747,16.3,23.8,10.9,0.0,36,10.2
2022-12-11,2.956,16.4,24.1,11.2,0.0,7,10.5
2022-12-12,3.003,15.2,22.9,9.7,0.0,25,9.2
2022-12-13,2.983,16.0,23.8,11.0,0.0,0,17.8
2022-12-14,3.05,13.5,21.6,7.0,0.0,0,10.2
2022-12-15,3.039,13.8,22.1,6.3,0.0,0,8.4
2022-12-16,3.039,13.0,21.9,6.3,0.0,0,10.3
2022-12-17,3.017,13.6,22.2,7.9,0.0,0,9.2
2022-12-18,2.975,13.5,21.6,9.0,0.0,0,8.6
2022-12-19,2.719,12.4,20.7,5.5,0.0,32,7.4
2022-12-20,2.775,12.9,20.7,5.5,0.0,46,8.0
2022-12-21,2.889,12.2,19.8,5.4,0.0,17,7.9
2022-12-22,2.547,10.4,17.8,5.5,0.0,58,5.4
2022-12-23,2.272,9.1,15.8,6.3,0.0,68,8.5
2022-12-24,2.422,8.6,15.0,4.9,0.0,56,10.7
2022-12-25,2.408,10.0,16.4,4.7,0.0,91,9.4
2022-12-26,2.867,9.7,17.5,5.1,0.0,21,10.7
2022-12-27,2.656,9.7,17.3,5.5,0.0,42,11.2
2022-12-28,2.967,10.6,18.2,3.8,0.0,71,10.6
2022-12-29,0.689,10.6,13.9,7.0,4.2,93,8.8
2022-12-30,2.942,12.8,18.7,8.3,0.0,17,11.2
2022-12-31,3.044,11.0,17.9,6.7,0.0,9,9.9
2023-01-01,2.225,10.9,17.1,5.3,0.0,69,9.2
2023-01-02,2.547,8.6,15.2,1.9,0.0,43,6.8
2023-01-03,2.472,8.8,15.3,2.8,0.0,52,7.3
2023-01-04,2.769,8.9,15.3,4.4,0.0,50,6.9
2023-01-05,2.589,6.9,14.7,1.7,0.0,61,5.4
2023-01-06,1.878,6.7,12.3,2.8,0.2,100,7.9
2023-01-07,2.183,8.4,14.0,4.6,0.6,93,11.5
2023-01-08,2.342,9.6,15.7,5.4,0.0,94,9.2
2023-01-09,2.3,9.7,15.1,5.2,0.0,96,9.5
2023-01-10,2.578,10.1,16.6,6.6,0.0,76,8.8
2023-01-11,1.092,10.5,14.0,7.5,1.1,93,11.3
2023-01-12,3.175,11.4,18.1,7.3,0.1,10,9.7
2023-01-13,2.108,11.3,16.2,7.3,0.8,54,10.2
2023-01-14,2.922,10.1,15.4,6.0,0.0,49,9.7
2023-01-15,3.439,7.7,15.1,2.0,0.0,0,10.3
2023-01-16,3.492,7.6,15.2,1.6,0.0,0,10.8
2023-01-17,3.486,7.7,15.4,0.4,0.0,3,10.5
2023-01-18,2.572,9.1,15.3,4.3,0.0,100,10.2
2023-01-19,3.275,12.3,18.4,7.2,0.0,69,10.0
2023-01-20,0.903,10.2,12.2,6.5,1.0,75,8.9
2023-01-21,3.431,10.6,17.8,5.9,0.0,22,9.2
2023-01-22,3.433,11.0,18.1,5.5,0.0,15,10.2
2023-01-23,3.161,12.8,18.7,8.8,0.0,31,15.5
2023-01-24,3.078,11.8,18.7,6.6,0.0,59,10.0
2023-01-25,2.333,12.8,17.8,8.8,3.4,62,13.0
2023-01-26,2.964,11.1,17.1,8.2,0.0,52,11.2
2023-01-27,3.772,10.6,18.5,3.8,0.0,1,10.0
2023-01-28,3.439,11.1,18.9,4.6,0.0,78,11.5
2023-01-29,3.389,11.9,18.5,5.6,3.2,83,18.2
2023-01-30,1.886,13.1,17.8,10.5,5.8,68,18.7
2023-01-31,3.783,12.1,18.6,7.2,0.0,4,13.3
2023-02-01,3.872,11.8,19.1,6.3,0.0,28,11.2
2023-02-02,3.458,12.6,19.9,7.1,0.0,62,11.3
2023-02-03,3.486,13.6,21.5,6.8,0.0,50,10.2
2023-02-04,3.928,14.3,22.4,7.4,0.0,1,10.1
2023-02-05,4.042,14.8,22.1,8.1,0.0,9,9.0
2023-02-06,3.558,15.8,21.8,10.7,0.6,26,16.9
2023-02-07,4.131,15.1,22.2,10.6,0.0,0,16.3
2023-02-08,3.278,14.3,22.2,8.4,0.0,63,9.1
2023-02-09,2.114,14.1,20.7,7.4,0.5,55,20.5
2023-02-10,4.003,17.2,24.5,12.4,0.3,13,18.4
2023-02-11,4.131,13.9,21.6,8.7,0.0,3,11.9
2023-02-12,4.286,12.6,20.2,6.8,0.0,19,14.9
2023-02-13,4.389,13.0,20.9,7.7,0.0,2,13.9
2023-02-14,4.222,15.1,23.0,7.8,0.0,44,10.5
2023-02-15,4.347,17.3,27.0,9.3,0.0,21,12.0
2023-02-16,4.192,19.3,29.2,10.5,0.0,89,11.2
2023-02-17,4.358,18.7,27.8,11.2,0.0,98,8.6
2023-02-18,4.436,18.8,28.6,10.6,0.0,84,7.1
2023-02-19,4.064,19.9,27.8,13.8,0.0,99,9.4
2023-02-20,3.806,21.1,29.0,15.8,0.0,89,14.7
2023-02-21,4.675,19.4,27.4,14.1,0.0,1,14.6
2023-02-22,3.775,18.3,26.3,10.6,0.0,37,9.7
2023-02-23,4.858,18.5,27.9,11.6,0.0,1,15.3
2023-02-24,4.858,18.3,28.2,10.7,0.0,11,11.5
2023-02-25,4.833,19.4,28.1,11.1,0.0,28,11.3
2023-02-26,3.708,18.4,26.5,12.6,2.4,48,10.2
2023-02-27,4.736,19.8,28.4,11.8,0.0,31,12.0
2023-02-28,2.825,18.1,22.8,13.7,6.7,100,16.4
2023-03-01,4.569,19.4,25.7,14.8,1.3,84,13.9
2023-03-02,4.144,19.7,27.3,14.6,3.8,72,20.6
2023-03-03,4.728,19.9,27.8,12.7,0.0,50,11.0
2023-03-04,4.797,20.2,27.7,13.5,0.0,62,8.5
2023-03-05,4.608,20.2,27.8,13.6,0.2,19,9.6
2023-03-06,5.114,20.5,29.2,13.8,0.0,10,10.2
2023-03-07,5.081,21.3,29.4,14.2,0.0,30,11.7
2023-03-08,5.042,20.9,29.4,13.3,0.0,7,9.9
2023-03-09,5.278,20.7,29.3,13.7,0.0,0,10.6
2023-03-10,5.347,22.3,30.4,15.3,0.0,16,11.5
2023-03-11,5.317,22.3,30.4,14.9,0.0,0,8.3
2023-03-12,5.081,22.4,30.7,15.5,0.0,56,19.1
2023-03-13,5.147,22.4,30.9,16.0,0.5,60,12.9
2023-03-14,5.442,22.6,31.6,15.5,0.0,4,13.8
2023-03-15,5.064,23.2,31.1,15.2,0.0,58,9.2
2023-03-16,5.069,22.2,29.8,16.6,0.0,78,18.1
2023-03-17,3.961,18.9,23.7,16.2,0.8,94,22.8
2023-03-18,4.792,18.6,24.2,15.1,3.7,46,14.4
2023-03-19,4.769,18.3,25.2,13.3,2.3,65,12.2
2023-03-20,4.85,18.2,24.2,15.2,18.9,72,11.9
2023-03-21,5.403,18.3,24.7,13.2,1.2,47,10.8
2023-03-22,4.783,19.2,25.6,13.4,0.3,78,9.6
2023-03-23,5.158,19.3,24.9,14.0,1.0,73,13.9
2023-03-24,2.344,17.2,21.8,14.5,39.7,95,18.6
2023-03-25,3.314,17.3,23.0,14.0,16.4,62,19.0
2023-03-26,5.669,18.2,24.3,11.8,0.0,8,11.2
2023-03-27,5.628,19.6,25.3,12.5,0.0,19,8.0
2023-03-28,5.272,20.5,27.2,13.6,0.0,74,8.6
2023-03-29,5.394,21.3,28.4,14.2,0.0,73,11.0
2023-03-30,4.911,21.5,27.3,17.7,5.3,96,18.1
2023-03-31,3.297,18.2,22.5,16.4,29.5,99,18.2
2023-04-01,3.625,17.5,22.7,14.7,29.3,69,18.5
2023-04-02,5.786,18.8,25.3,12.9,0.0,28,8.7
2023-04-03,3.425,19.1,23.0,15.2,2.9,74,14.0
2023-04-04,6.031,19.6,26.1,14.7,0.7,21,11.2
2023-04-05,5.722,20.0,27.4,13.1,0.0,38,9.7
2023-04-06,6.172,20.2,27.8,13.4,0.0,13,10.4
2023-04-07,6.561,21.1,29.2,14.6,0.0,0,12.8
2023-04-08,6.553,22.4,30.8,14.1,0.0,0,9.2
2023-04-09,6.45,23.8,32.1,15.1,0.0,2,10.5
2023-04-10,6.336,24.4,33.3,15.1,0.0,5,12.7
2023-04-11,5.942,24.7,33.9,17.0,0.0,62,15.6
2023-04-12,6.361,26.9,35.7,18.1,0.0,34,12.5
2023-04-13,6.525,27.5,35.8,18.8,0.0,0,13.5
2023-04-14,6.486,28.5,37.9,19.3,0.0,12,11.6
2023-04-15,6.325,29.1,38.2,19.1,0.0,11,12.0
2023-04-16,5.444,29.4,38.7,23.4,0.0,83,16.6
2023-04-17,6.239,29.4,38.9,20.0,0.0,30,12.8
2023-04-18,5.181,28.7,36.0,22.9,2.8,95,23.7
2023-04-19,4.617,23.8,29.6,20.2,9.0,83,12.3
2023-04-20,5.564,23.2,30.3,18.2,1.6,37,18.9
2023-04-21,5.4,22.6,30.0,17.2,2.1,26,20.1
2023-04-22,5.703,22.4,29.6,16.4,0.0,37,23.6
2023-04-23,6.703,23.7,32.8,14.8,0.0,11,9.4
2023-04-24,6.483,25.8,34.5,16.7,0.0,13,10.0
2023-04-25,6.481,27.0,35.1,19.0,0.0,7,17.3
2023-04-26,5.875,26.9,35.9,19.5,3.9,83,20.3
2023-04-27,5.5,26.7,34.3,21.2,0.5,81,27.6
2023-04-28,5.303,26.3,34.7,19.2,2.1,62,15.0
2023-04-29,5.692,27.4,36.1,20.1,0.0,96,23.9
2023-04-30,5.486,26.3,32.4,21.1,1.5,83,13.8
2023-05-01,3.764,22.4,26.7,19.2,7.3,96,25.2
2023-05-02,4.567,22.0,27.8,18.4,0.6,79,14.2
2023-05-03,5.711,22.1,28.9,17.7,2.1,50,16.7
2023-05-04,5.711,24.1,29.8,18.0,0.3,45,13.8
2023-05-05,6.094,25.1,31.6,19.4,0.0,36,11.3
2023-05-06,5.744,26.8,33.4,19.9,0.0,51,15.4
2023-05-07,6.686,26.4,34.6,20.4,0.6,12,20.4
2023-05-08,6.317,26.0,34.3,18.5,0.0,10,23.1
2023-05-09,6.617,26.4,34.0,17.3,0.0,2,20.1
2023-05-10,6.9,27.3,36.1,19.3,0.0,0,16.6
2023-05-11,6.864,28.9,38.2,20.5,0.0,51,10.8
2023-05-12,6.761,30.1,39.9,20.3,0.0,13,10.2
2023-05-13,6.039,31.1,39.2,22.3,0.0,45,17.6
2023-05-14,6.244,31.0,39.2,23.4,0.0,20,18.9
2023-05-15,6.642,31.1,40.1,21.9,0.0,6,13.3
2023-05-16,6.333,31.3,39.6,23.0,0.0,35,16.3
2023-05-17,6.131,32.3,40.4,23.3,0.0,42,15.0
2023-05-18,6.208,28.5,34.4,21.9,0.4,42,18.4
2023-05-19,6.608,29.9,37.1,22.4,0.0,2,15.1
2023-05-20,6.692,32.0,40.7,22.9,0.0,2,17.9
2023-05-21,6.419,33.0,42.3,22.6,0.0,29,11.8
2023-05-22,5.883,33.6,42.4,24.3,0.0,52,16.4
2023-05-23,5.258,32.7,40.0,26.3,1.4,73,15.5
2023-05-24,4.114,27.6,32.1,24.4,6.1,69,25.9
2023-05-25,5.486,27.1,34.0,22.1,2.3,27,18.8
2023-05-26,4.222,25.6,30.7,21.4,2.7,51,20.9
2023-05-27,6.169,27.1,34.0,20.0,0.0,25,12.7
2023-05-28,5.733,28.6,35.8,21.2,0.0,73,9.7
2023-05-29,3.733,26.4,32.6,23.5,3.6,100,30.0
2023-05-30,6.219,27.0,32.3,21.7,0.0,75,13.4
2023-05-31,3.275,23.2,28.0,20.2,17.0,99,13.0
2023-06-01,3.994,21.9,27.4,19.4,26.6,83,10.8
2023-06-02,6.061,23.7,29.0,18.8,0.5,17,15.4
2023-06-03,6.561,26.8,32.8,19.4,0.0,6,8.2
2023-06-04,6.019,28.2,34.4,21.8,0.0,50,8.3
2023-06-05,5.825,28.6,35.8,22.4,0.0,20,14.1
2023-06-06,5.619,27.4,35.6,22.2,1.1,34,17.1
2023-06-07,5.469,27.6,33.5,22.4,3.2,25,16.3
2023-06-08,5.928,29.4,36.2,23.2,0.0,18,18.9
2023-06-09,6.103,30.7,38.7,23.3,0.0,12,15.0
2023-06-10,5.489,31.9,38.4,25.1,0.3,25,26.8
2023-06-11,5.833,30.7,37.2,25.1,0.0,19,10.8
2023-06-12,5.961,32.0,38.7,25.9,0.0,12,9.7
2023-06-13,5.819,33.1,39.7,27.4,0.3,19,12.6
2023-06-14,5.056,30.4,36.7,25.8,16.6,27,29.4
2023-06-15,4.058,28.3,33.6,23.5,8.5,69,14.8
2023-06-16,5.756,30.0,35.5,24.5,0.7,20,7.8
2023-06-17,6.017,31.8,37.7,25.8,0.0,11,7.4
2023-06-18,5.925,32.1,38.1,26.4,0.3,8,13.7
2023-06-19,6.2,32.6,38.3,27.1,0.0,3,7.4
2023-06-20,6.161,33.6,40.0,27.8,0.0,5,7.5
2023-06-21,5.753,34.0,39.1,29.1,0.0,14,18.8
2023-06-22,6.236,34.8,41.0,29.5,0.0,9,20.6
2023-06-23,6.086,35.1,40.9,30.2,0.0,12,15.9
2023-06-24,6.219,33.6,39.3,28.7,0.0,22,19.8
2023-06-25,5.967,31.8,39.2,27.8,0.0,29,24.1
2023-06-26,4.147,27.6,32.3,25.3,16.8,59,14.7
2023-06-27,5.917,29.7,34.0,25.1,0.0,9,12.7
2023-06-28,5.814,30.2,36.2,26.2,1.0,18,18.4
2023-06-29,5.411,30.0,34.9,26.2,6.5,30,15.1
2023-06-30,5.95,30.6,35.8,26.4,0.9,32,7.6
2023-07-01,6.342,30.6,35.8,25.5,0.2,8,16.1
2023-07-02,6.106,31.2,36.5,26.8,0.4,5,12.8
2023-07-03,6.039,32.7,38.5,27.9,0.5,11,17.0
2023-07-04,5.197,31.3,38.1,26.1,20.0,30,26.8
2023-07-05,2.933,27.0,29.9,25.4,60.9,71,18.7
2023-07-06,4.892,28.1,33.0,24.7,2.9,59,12.6
2023-07-07,5.403,28.1,32.5,25.0,2.1,47,13.5
2023-07-08,1.392,25.8,27.2,24.5,32.0,77,15.9
2023-07-09,3.592,26.4,30.4,24.1,7.0,90,14.9
2023-07-10,3.736,26.8,29.5,24.4,0.3,70,12.1
2023-07-11,6.322,28.8,34.0,23.5,0.0,1,6.2
2023-07-12,6.133,29.2,34.6,25.2,2.5,12,22.1
2023-07-13,6.039,29.4,33.8,25.4,1.3,19,9.7
2023-07-14,5.783,29.6,33.5,26.3,4.1,23,14.0
2023-07-15,5.833,29.7,34.4,26.1,0.5,40,19.0
2023-07-16,4.147,28.6,32.3,25.7,12.6,65,15.6
2023-07-17,5.792,29.7,34.1,26.1,0.2,29,10.0
2023-07-18,4.581,29.1,33.8,26.5,4.8,54,15.1
2023-07-19,4.567,29.0,32.9,26.4,0.6,80,16.0
2023-07-20,5.794,30.2,34.0,26.7,0.6,71,10.0
2023-07-21,4.108,29.7,34.1,27.7,6.7,80,9.6
2023-07-22,2.283,27.7,30.2,26.3,26.4,93,16.9
2023-07-23,5.603,29.5,33.9,26.2,7.7,40,10.7
2023-07-24,5.467,29.5,32.6,26.9,7.4,47,7.9
2023-07-25,4.336,29.7,33.2,26.8,1.0,96,9.4
2023-07-26,4.575,28.1,32.3,25.3,18.3,90,11.8
2023-07-27,4.694,28.0,31.6,25.1,12.5,66,10.1
2023-07-28,5.122,27.6,32.1,25.5,27.0,50,13.0
2023-07-29,4.558,27.4,32.1,24.3,19.3,58,8.3
2023-07-30,6.061,28.9,33.5,24.3,0.0,15,4.8
2023-07-31,6.117,29.6,33.7,25.7,0.1,8,6.8
2023-08-01,6.006,30.4,34.9,26.4,0.2,7,9.9
2023-08-02,6.003,30.5,35.6,27.5,7.2,26,14.0
2023-08-03,6.025,29.6,33.8,25.4,4.1,18,9.7
2023-08-04,5.636,29.7,34.8,26.2,2.1,19,10.0
2023-08-05,5.844,29.0,33.4,26.0,8.7,27,9.4
2023-08-06,5.881,28.9,33.2,26.2,7.1,23,9.8
2023-08-07,5.986,29.6,33.8,25.5,1.7,26,8.2
2023-08-08,6.211,30.1,34.2,26.6,2.5,15,12.1
2023-08-09,5.928,29.8,34.6,25.8,4.1,48,15.1
2023-08-10,5.525,28.7,33.3,25.4,5.9,54,12.1
2023-08-11,5.903,29.2,33.8,25.4,1.4,30,16.5
2023-08-12,5.822,30.4,34.9,27.2,1.0,33,10.4
2023-08-13,6.2,30.4,35.1,26.3,0.3,43,17.3
2023-08-14,5.547,28.4,33.6,25.1,11.9,44,21.6
2023-08-15,5.083,28.3,33.5,24.5,27.0,52,14.7
2023-08-16,6.128,29.6,33.9,26.0,0.1,11,5.9
2023-08-17,6.008,29.9,34.7,26.7,0.2,11,10.5
2023-08-18,5.972,30.1,34.8,26.5,1.1,15,12.3
2023-08-19,5.458,29.9,33.6,26.8,4.5,35,8.1
2023-08-20,4.875,30.4,34.4,27.0,0.0,39,9.4
2023-08-21,5.803,31.2,35.5,27.7,0.0,8,9.9
2023-08-22,6.1,31.8,37.2,26.7,0.0,37,13.3
2023-08-23,5.653,30.4,35.2,26.8,0.4,85,20.4
2023-08-24,5.5,28.9,32.4,25.4,0.8,40,13.9
2023-08-25,5.628,28.1,33.2,23.4,4.2,47,19.8
2023-08-26,3.992,26.8,31.0,23.2,4.6,69,15.6
2023-08-27,5.853,28.5,33.5,24.2,0.2,17,7.0
2023-08-28,5.792,27.7,32.7,22.7,4.7,20,15.9
2023-08-29,5.878,28.4,33.1,23.8,1.8,15,8.3
2023-08-30,6.164,29.1,35.0,24.4,0.0,0,8.4
2023-08-31,5.847,29.9,35.4,25.0,0.0,5,6.8
2023-09-01,5.892,30.9,36.7,26.2,0.0,3,11.7
2023-09-02,6.019,30.4,35.9,25.3,0.0,1,10.3
2023-09-03,6.033,30.2,35.2,25.8,0.0,0,8.5
2023-09-04,6.058,30.2,36.0,25.3,0.0,0,8.4
2023-09-05,5.758,29.9,35.0,25.2,0.0,8,11.5
2023-09-06,5.919,30.3,35.2,24.8,0.0,3,8.0
2023-09-07,6.036,30.7,36.8,24.6,0.0,0,8.4
2023-09-08,5.867,30.6,36.6,24.7,0.0,1,11.0
2023-09-09,5.65,30.3,34.9,25.9,0.0,4,12.0
2023-09-10,5.286,28.4,33.5,24.6,4.2,19,15.9
2023-09-11,5.333,28.7,33.5,25.1,3.6,20,13.4
2023-09-12,5.517,30.0,34.4,26.1,0.0,10,10.7
2023-09-13,5.103,30.0,34.6,26.3,0.1,13,15.6
2023-09-14,5.1,30.4,35.2,26.7,1.4,20,13.3
2023-09-15,4.797,28.5,33.9,25.8,25.9,84,19.4
2023-09-16,5.267,28.7,33.1,25.1,0.2,21,6.3
2023-09-17,4.808,27.6,32.1,24.7,7.3,25,14.7
2023-09-18,4.039,26.2,29.8,23.6,16.9,46,17.7
2023-09-19,5.05,27.1,31.7,23.4,14.7,46,9.4
2023-09-20,5.222,28.4,32.8,24.6,0.0,24,6.4
2023-09-21,5.256,28.9,33.5,24.7,0.0,4,7.6
2023-09-22,4.875,28.3,33.0,25.4,0.1,21,14.4
2023-09-23,3.928,27.3,31.3,23.7,21.9,45,13.0
2023-09-24,4.386,26.8,31.7,23.8,4.3,35,10.9
2023-09-25,4.667,25.4,30.8,20.6,7.4,32,14.6
2023-09-26,5.286,26.3,31.6,21.3,0.0,0,8.0
2023-09-27,5.331,26.1,32.1,21.4,0.0,0,11.0
2023-09-28,5.247,27.0,32.9,21.0,0.0,0,9.3
2023-09-29,5.231,26.7,33.1,21.0,0.0,2,13.4
2023-09-30,5.161,25.6,32.6,20.3,0.0,0,10.6
2023-10-01,5.272,24.5,31.8,18.4,0.0,0,10.3
2023-10-02,5.192,24.3,32.4,17.1,0.0,0,11.0
2023-10-03,5.097,24.9,32.3,18.4,0.0,0,11.6
2023-10-04,5.053,25.2,33.0,19.1,0.0,0,10.0
2023-10-05,5.025,25.3,32.3,19.8,0.0,0,11.0
2023-10-06,4.969,25.5,33.2,18.5,0.0,0,9.5
2023-10-07,4.758,26.6,33.7,20.8,0.0,0,8.8
2023-10-08,4.658,27.7,33.4,22.4,0.0,2,8.0
2023-10-09,4.533,26.9,33.9,22.5,1.0,15,20.8
2023-10-10,4.664,24.5,30.8,19.4,0.0,4,21.1
2023-10-11,4.7,24.1,30.9,18.7,0.0,0,10.5
2023-10-12,4.614,24.2,31.8,17.5,0.0,0,10.1
2023-10-13,4.517,24.8,32.3,18.8,0.0,0,8.8
2023-10-14,3.542,23.3,28.8,20.2,10.5,34,16.3
2023-10-15,4.4,23.0,28.8,17.5,6.5,44,23.7
2023-10-16,1.831,19.9,22.9,17.4,23.2,76,17.5
2023-10-17,2.492,18.1,22.7,15.4,10.7,59,16.1
2023-10-18,4.317,18.9,25.5,14.4,0.0,0,9.7
2023-10-19,4.275,19.9,26.5,14.6,0.0,0,9.3
2023-10-20,4.275,20.6,28.0,14.5,0.0,0,10.2
2023-10-21,3.481,21.0,27.2,15.2,0.0,56,9.2
2023-10-22,2.975,20.8,26.6,16.2,2.0,63,20.9
2023-10-23,4.044,21.3,28.1,15.5,0.0,7,11.1
2023-10-24,4.011,21.6,28.1,15.4,0.0,2,9.0
2023-10-25,4.053,21.3,29.0,14.9,0.0,0,10.2
2023-10-26,4.078,21.4,28.7,14.7,0.0,0,8.4
2023-10-27,3.944,21.5,29.3,14.8,0.0,15,7.8
2023-10-28,3.711,22.4,29.0,16.5,0.0,89,9.2
2023-10-29,3.825,22.8,29.3,17.6,0.0,1,8.3
2023-10-30,3.6,22.4,29.5,17.2,0.0,21,8.7
2023-10-31,3.697,22.8,29.5,16.6,0.0,2,7.7
2023-11-01,3.658,22.3,28.7,17.7,0.0,35,8.2
2023-11-02,3.289,21.4,28.9,17.0,0.0,38,33.4
2023-11-03,3.522,21.2,27.7,16.6,0.0,20,11.3
2023-11-04,3.658,20.8,28.8,14.2,0.0,10,10.9
2023-11-05,3.678,21.1,28.2,13.9,0.0,3,9.2
2023-11-06,3.403,20.8,28.0,14.6,0.0,55,9.2
2023-11-07,3.375,20.5,27.9,15.6,0.0,56,16.1
2023-11-08,3.158,19.4,27.0,14.9,1.3,19,13.3
2023-11-09,3.367,19.8,27.1,14.4,0.0,15,14.1
2023-11-10,1.983,17.0,20.7,14.3,16.1,60,20.3
2023-11-11,3.375,17.0,23.9,12.1,0.0,0,9.5
2023-11-12,3.4,17.1,24.0,11.9,0.0,9,9.9
2023-11-13,3.383,17.3,24.6,11.6,0.0,4,9.8
2023-11-14,3.358,17.4,24.5,12.0,0.0,0,9.7
2023-11-15,3.367,17.4,24.8,11.3,0.0,3,9.7
2023-11-16,2.861,17.9,24.6,11.4,0.0,55,7.6
2023-11-17,3.281,17.5,25.0,11.9,0.0,38,10.0
2023-11-18,3.006,17.3,24.6,11.7,0.0,31,9.8
2023-11-19,3.217,16.9,24.8,11.1,0.0,1,9.8
2023-11-20,3.181,17.0,24.5,11.7,0.0,0,10.4
2023-11-21,3.189,16.6,23.8,11.0,0.0,0,12.9
2023-11-22,3.214,16.6,23.5,10.6,0.0,0,9.4
2023-11-23,3.186,15.9,23.9,9.9,0.0,0,10.1
2023-11-24,3.156,15.8,23.7,10.5,0.0,20,10.5
2023-11-25,2.875,15.2,23.0,9.0,0.0,74,10.5
2023-11-26,2.383,16.6,23.3,12.2,0.0,100,8.6
2023-11-27,1.758,16.4,22.7,12.5,0.8,92,12.5
2023-11-28,2.903,16.8,23.0,11.1,0.0,18,8.6
2023-11-29,2.944,17.5,23.9,13.2,0.0,25,8.9
2023-11-30,2.453,15.8,20.9,12.5,27.3,41,17.0
2023-12-01,2.958,15.0,21.8,10.2,0.0,0,10.1
2023-12-02,2.989,15.0,22.4,9.7,0.0,0,10.2
2023-12-03,2.928,15.8,22.3,9.7,0.0,6,9.5
2023-12-04,2.558,14.7,21.2,9.7,0.0,37,10.8
2023-12-05,2.697,14.3,21.1,9.6,0.0,21,10.7
2023-12-06,2.978,14.2,21.9,9.2,0.0,2,10.7
2023-12-07,3.017,14.4,21.7,8.8,0.0,0,10.9
2023-12-08,2.983,13.9,21.5,7.2,0.0,13,10.1
2023-12-09,2.897,12.9,20.8,7.3,0.0,12,11.1
2023-12-10,3.039,13.2,20.7,6.8,0.0,11,11.8
2023-12-11,2.961,12.7,20.3,6.5,0.0,37,9.1
2023-12-12,2.922,12.7,20.1,7.0,0.0,0,10.6
2023-12-13,2.947,12.4,19.8,6.6,0.0,13,9.1
2023-12-14,2.889,12.8,19.6,6.0,0.0,84,9.5
2023-12-15,2.758,12.9,19.7,7.1,0.0,59,9.4
2023-12-16,2.858,12.2,19.6,6.3,0.1,12,9.2
2023-12-17,2.722,11.7,18.8,7.3,0.0,38,9.6
2023-12-18,3.0,12.1,19.2,7.5,0.0,0,11.2
2023-12-19,3.056,11.0,19.2,4.9,0.0,0,11.6
2023-12-20,3.061,11.5,18.7,4.6,0.0,4,10.7
2023-12-21,2.772,11.0,18.4,4.1,0.0,44,6.2
2023-12-22,2.331,11.3,18.0,5.8,0.0,95,8.3
2023-12-23,2.442,13.9,20.0,9.6,0.0,48,11.6
2023-12-24,2.4,13.1,19.9,7.2,0.0,46,9.0
2023-12-25,2.917,12.8,19.9,7.6,0.0,41,9.7
2023-12-26,2.692,12.0,20.3,6.4,0.0,46,8.9
2023-12-27,2.714,11.2,19.3,6.0,0.0,47,8.9
2023-12-28,2.489,11.5,17.6,8.3,0.0,52,9.8
2023-12-29,2.0,11.0,17.1,8.0,0.0,88,8.6
2023-12-30,1.847,10.2,15.2,6.8,0.0,89,5.4
2023-12-31,2.097,9.1,15.3,5.6,0.0,68,5.4
2024-01-01,1.667,9.2,14.6,5.4,0.0,76,5.7
2024-01-02,1.758,8.2,13.8,4.5,0.0,65,8.8
2024-01-03,2.128,7.1,13.6,3.6,0.0,66,8.9
2024-01-04,2.778,7.7,15.2,3.2,0.0,66,8.4
2024-01-05,2.056,7.3,13.1,4.1,0.0,77,7.4
2024-01-06,2.2,7.4,13.2,3.7,0.0,71,7.7
2024-01-07,2.117,7.3,13.2,3.6,0.0,76,6.2
2024-01-08,2.633,6.7,13.1,3.4,0.0,67,6.9
2024-01-09,2.244,6.9,13.6,3.4,0.0,63,7.4
2024-01-10,2.611,6.7,13.4,2.3,0.0,54,10.5
2024-01-11,2.478,7.1,13.4,3.3,0.0,61,10.1
2024-01-12,2.275,6.9,13.8,2.2,0.0,93,9.7
2024-01-13,2.442,8.0,14.0,3.6,0.0,76,5.2
2024-01-14,2.525,6.8,13.2,2.9,0.0,76,8.4
2024-01-15,2.142,6.8,13.3,3.3,0.0,71,8.4
2024-01-16,2.678,6.4,12.7,1.8,0.0,61,8.0
2024-01-17,2.708,8.4,15.2,3.3,0.0,70,5.7
2024-01-18,2.525,9.1,15.7,4.1,0.0,74,9.7
2024-01-19,2.086,8.6,14.2,5.5,0.0,70,7.6
2024-01-20,2.219,8.8,14.2,5.5,0.0,65,6.4
2024-01-21,3.147,7.4,14.5,3.5,0.0,64,8.7
2024-01-22,2.106,7.1,13.0,3.6,0.0,72,9.5
2024-01-23,3.0,7.0,13.8,2.2,0.0,56,9.7
2024-01-24,3.1,7.5,15.0,2.9,0.0,62,6.9
2024-01-25,1.919,7.8,12.5,3.3,0.0,100,6.2
2024-01-26,3.564,10.5,17.3,4.4,0.0,44,11.3
2024-01-27,3.575,11.0,19.2,5.1,0.0,24,10.8
2024-01-28,3.403,11.9,18.9,6.5,0.0,53,9.8
2024-01-29,3.531,12.3,18.7,6.8,0.0,4,8.5
2024-01-30,3.45,12.3,18.0,7.1,0.7,27,11.1
2024-01-31,2.564,13.5,17.7,10.7,25.1,69,15.0
2024-02-01,1.903,12.2,14.9,9.2,16.4,64,20.6
2024-02-02,3.831,10.8,17.0,5.3,0.0,36,10.0
2024-02-03,1.722,11.5,14.9,9.4,1.6,89,11.2
2024-02-04,2.536,11.5,15.6,7.2,3.5,55,11.2
2024-02-05,3.753,9.9,16.6,4.8,0.0,17,10.4
2024-02-06,3.981,10.4,17.1,4.3,0.0,1,10.6
2024-02-07,3.597,10.1,17.3,3.7,0.0,31,14.0
2024-02-08,4.244,11.4,18.2,6.6,0.0,0,14.1
2024-02-09,4.233,11.4,19.2,3.9,0.0,0,10.3
2024-02-10,4.178,12.8,20.0,5.1,0.0,0,9.2
2024-02-11,4.258,13.4,20.6,5.9,0.0,0,9.2
2024-02-12,3.689,14.0,20.2,5.9,0.0,76,9.2
2024-02-13,4.258,14.3,21.0,8.9,0.0,33,8.1
2024-02-14,4.367,13.8,21.2,7.7,0.0,1,11.5
2024-02-15,4.506,14.2,21.8,6.4,0.0,0,11.0
2024-02-16,4.497,14.7,22.5,6.2,0.0,0,10.3
2024-02-17,4.45,15.6,22.7,7.6,0.0,52,9.4
2024-02-18,1.547,15.3,20.4,9.7,0.0,90,17.5
2024-02-19,3.303,17.4,22.6,13.6,17.3,63,26.6
2024-02-20,4.178,15.9,21.5,11.6,1.1,19,25.2
2024-02-21,4.475,13.2,20.3,8.5,0.1,18,10.6
2024-02-22,4.692,12.8,20.2,6.0,0.0,5,10.4
2024-02-23,4.828,12.6,20.0,6.1,0.0,18,11.0
2024-02-24,4.642,13.3,19.7,6.8,0.0,16,10.8
2024-02-25,4.447,12.6,20.4,5.0,0.0,31,10.2
2024-02-26,3.483,12.9,20.9,6.4,0.0,86,10.9
2024-02-27,4.122,15.6,21.2,11.4,0.0,65,13.2
2024-02-28,4.928,14.3,21.9,7.9,0.0,0,10.8
2024-02-29,4.375,15.9,23.6,8.5,0.0,63,10.3
2024-03-01,1.703,16.7,21.1,13.8,6.8,100,16.6
2024-03-02,3.172,16.8,20.9,13.9,28.7,73,33.8
2024-03-03,5.375,12.2,18.1,7.2,0.0,1,18.5
2024-03-04,5.208,11.0,17.8,4.2,0.0,30,9.8
2024-03-05,4.825,11.6,19.2,6.1,0.0,65,11.5
2024-03-06,5.358,13.3,20.5,5.0,0.0,15,10.8
2024-03-07,5.136,14.9,21.7,8.9,0.2,25,15.4
2024-03-08,5.397,14.6,22.4,8.1,0.0,5,10.3
2024-03-09,5.544,15.6,24.4,9.2,0.0,10,11.7
2024-03-10,4.956,17.1,25.7,8.1,0.0,67,10.3
2024-03-11,2.964,16.3,22.1,10.9,1.7,61,13.7
2024-03-12,5.428,17.6,25.5,9.7,0.0,14,11.4
2024-03-13,2.958,16.2,21.8,12.3,1.1,72,14.5
2024-03-14,5.528,17.7,25.1,11.2,0.0,5,15.9
2024-03-15,5.875,17.4,25.7,11.4,0.0,2,13.3
2024-03-16,5.839,17.8,27.1,9.3,0.0,28,12.5
2024-03-17,5.244,18.7,27.6,10.2,0.0,91,11.0
2024-03-18,5.889,19.9,28.6,10.9,0.0,21,10.4
2024-03-19,5.778,20.1,29.5,10.8,0.0,9,9.0
2024-03-20,5.878,21.0,30.5,12.0,0.0,34,10.5
2024-03-21,5.517,22.9,29.2,17.5,0.0,62,15.1
2024-03-22,5.111,22.3,27.6,18.1,0.1,33,18.4
2024-03-23,5.814,22.6,30.8,16.0,0.0,61,11.8
2024-03-24,4.564,22.3,28.6,17.8,0.8,62,21.4
2024-03-25,6.006,23.2,31.4,16.2,0.0,3,12.2
2024-03-26,3.25,22.4,28.9,16.2,0.0,98,8.9
2024-03-27,3.436,23.9,29.2,19.7,0.2,100,17.7
2024-03-28,3.239,24.1,30.6,20.3,0.0,93,21.7
2024-03-29,5.531,24.3,31.0,18.5,0.2,65,16.1
2024-03-30,5.397,22.9,29.5,17.6,5.7,64,23.1
2024-03-31,6.008,21.7,28.3,16.8,0.0,25,19.0
2024-04-01,6.019,20.3,27.6,15.5,0.0,69,10.1
2024-04-02,6.35,21.6,29.3,13.4,0.0,13,11.6
2024-04-03,6.161,23.1,31.5,15.1,0.1,38,15.3
2024-04-04,6.1,23.2,32.2,14.8,0.0,36,10.9
2024-04-05,6.325,23.5,31.6,16.4,0.0,12,12.0
2024-04-06,6.528,22.6,31.6,14.7,0.0,0,11.3
2024-04-07,6.486,23.6,32.8,14.5,0.0,1,13.6
2024-04-08,6.369,24.2,33.3,15.0,0.0,6,8.7
2024-04-09,6.469,24.8,33.8,15.9,0.0,45,11.5
2024-04-10,5.817,25.1,34.3,17.5,0.0,32,14.8
2024-04-11,6.339,25.5,32.8,17.8,0.0,43,17.2
2024-04-12,6.364,26.0,34.7,17.3,0.0,60,12.4
2024-04-13,4.764,24.7,32.9,20.0,0.7,79,22.4
2024-04-14,4.978,23.5,29.3,18.3,1.4,82,13.8
2024-04-15,4.292,23.2,31.4,19.2,13.1,64,23.0
2024-04-16,6.533,23.5,30.7,17.1,0.0,23,13.0
2024-04-17,6.622,24.5,31.8,16.0,0.0,76,16.0
2024-04-18,5.608,25.2,29.3,19.4,0.0,44,20.6
2024-04-19,4.936,24.2,32.7,21.3,16.6,50,30.0
2024-04-20,6.078,24.3,30.9,17.8,0.0,10,13.1
2024-04-21,6.461,25.1,32.9,17.9,0.0,8,18.4
2024-04-22,6.094,25.8,34.1,17.3,0.0,24,16.6
2024-04-23,5.436,25.3,33.1,18.5,0.6,33,18.7
2024-04-24,6.05,25.6,33.3,17.6,0.0,14,17.0
2024-04-25,6.536,27.4,36.8,17.6,0.0,17,13.0
2024-04-26,5.622,27.6,36.5,19.4,0.0,66,19.1
2024-04-27,5.853,26.3,32.6,20.7,0.1,42,19.1
2024-04-28,5.85,26.1,31.9,18.9,0.0,66,15.1
2024-04-29,4.661,23.5,30.5,18.5,3.6,53,20.0
2024-04-30,6.744,22.7,31.4,16.0,0.2,9,26.9
2024-05-01,6.569,21.6,28.3,14.6,0.0,2,14.0
2024-05-02,6.85,24.3,33.0,14.7,0.0,4,14.3
2024-05-03,5.397,26.3,35.7,17.2,0.0,81,9.9
2024-05-04,5.483,28.5,35.2,20.2,0.0,47,14.4
2024-05-05,6.569,29.5,37.2,21.0,0.0,7,15.5
2024-05-06,6.547,30.1,38.8,21.4,0.0,5,10.3
2024-05-07,6.736,31.4,39.7,22.6,0.0,0,13.0
2024-05-08,6.731,31.8,40.1,22.4,0.0,0,11.6
2024-05-09,6.561,31.3,39.1,23.5,0.0,13,19.7
2024-05-10,5.858,30.4,39.3,24.0,0.8,27,16.8
2024-05-11,6.261,29.4,36.5,23.1,0.0,37,10.0
2024-05-12,5.489,28.1,33.7,22.2,0.0,27,18.1
2024-05-13,6.661,29.4,37.8,20.3,0.0,8,12.7
2024-05-14,6.808,30.0,38.3,21.0,0.0,0,14.3
2024-05-15,6.15,31.8,40.3,22.3,0.0,14,11.5
2024-05-16,6.139,32.6,40.6,22.6,0.0,15,16.0
2024-05-17,5.997,33.1,41.5,24.6,0.0,21,17.7
2024-05-18,6.253,33.8,42.8,24.4,0.0,11,20.1
2024-05-19,5.997,33.9,42.2,25.0,0.0,28,17.3
2024-05-20,6.481,33.6,42.4,24.9,0.0,3,16.3
2024-05-21,6.658,34.2,42.2,25.5,0.0,0,16.0
2024-05-22,6.372,34.7,42.7,26.2,0.0,3,13.6
2024-05-23,6.269,33.9,41.3,26.4,0.0,5,19.6
2024-05-24,5.839,33.9,41.0,27.0,1.0,10,15.5
2024-05-25,6.661,34.9,42.7,25.6,0.0,0,18.4
2024-05-26,6.697,35.8,44.5,26.4,0.0,0,16.2
2024-05-27,6.878,35.3,44.2,25.2,0.0,0,16.1
2024-05-28,6.947,35.7,45.1,25.5,0.0,0,13.3
2024-05-29,6.253,37.1,45.8,26.6,0.0,19,13.1
2024-05-30,6.819,35.9,44.1,27.3,0.0,3,12.6
2024-05-31,6.55,35.7,44.4,26.4,0.0,11,12.3
2024-06-01,6.406,35.8,43.8,26.8,0.0,14,21.0
2024-06-02,6.247,35.7,42.7,29.2,0.0,8,14.0
2024-06-03,6.397,36.8,44.7,29.2,0.0,14,16.0
2024-06-04,5.961,35.1,43.4,28.1,0.6,19,20.8
2024-06-05,4.8,32.9,41.3,27.4,0.4,46,27.4
2024-06-06,5.6,31.4,38.1,25.9,0.1,29,17.2
2024-06-07,6.089,32.3,39.4,26.6,0.0,23,25.8
2024-06-08,5.386,32.1,39.2,24.4,0.0,67,11.5
2024-06-09,6.633,33.4,40.9,25.2,0.0,3,15.1
2024-06-10,6.65,33.6,41.7,24.6,0.0,2,14.5
2024-06-11,6.611,34.4,42.6,24.6,0.0,2,15.4
2024-06-12,6.633,35.5,43.4,26.9,0.0,1,12.7
2024-06-13,6.086,35.5,43.2,28.2,0.0,18,35.0
2024-06-14,6.239,35.6,42.4,28.2,0.0,10,17.6
2024-06-15,6.086,36.3,42.9,28.3,0.0,8,19.2
2024-06-16,6.386,36.7,44.0,30.2,0.0,2,15.5
2024-06-17,6.325,37.6,44.8,30.6,0.0,2,16.1
2024-06-18,6.181,37.2,43.6,30.7,0.0,15,17.7
2024-06-19,5.594,36.3,42.0,30.9,0.0,21,16.7
2024-06-20,5.339,32.8,38.4,27.6,0.8,52,15.6
2024-06-21,5.442,31.1,35.7,26.7,0.0,59,15.8
2024-06-22,5.661,32.5,38.5,27.4,0.0,40,8.4
2024-06-23,6.294,34.2,40.2,27.0,0.0,4,11.3
2024-06-24,6.339,35.1,42.1,28.0,0.0,3,11.5
2024-06-25,6.219,34.7,41.4,28.5,0.0,4,12.8
2024-06-26,5.608,35.8,41.7,28.8,0.1,22,14.4
2024-06-27,5.633,32.2,36.9,26.0,1.3,29,20.4
2024-06-28,6.133,33.6,38.9,29.1,0.1,9,12.7
2024-06-29,5.828,33.5,38.7,29.4,0.1,20,12.9
2024-06-30,5.85,33.7,39.4,28.7,0.1,15,9.6
2024-07-01,5.728,32.8,39.2,27.1,1.6,43,15.3
2024-07-02,6.014,32.9,38.6,27.8,0.4,46,16.0
2024-07-03,6.114,31.7,38.5,26.3,8.0,40,21.9
2024-07-04,3.547,29.2,33.3,25.8,9.1,78,20.7
2024-07-05,4.831,29.9,34.5,27.2,3.9,46,12.8
2024-07-06,3.569,28.3,32.1,25.0,5.8,88,17.0
2024-07-07,4.875,28.4,33.4,24.9,8.2,75,17.4
2024-07-08,6.097,30.0,34.4,26.0,0.4,18,11.3
2024-07-09,6.142,30.4,35.0,26.1,0.1,12,12.4
2024-07-10,6.033,30.6,35.3,25.7,4.5,13,8.9
2024-07-11,5.953,31.4,35.3,27.2,0.6,8,10.2
2024-07-12,5.417,29.9,34.8,26.3,2.4,45,12.0
2024-07-13,6.272,29.4,34.3,24.8,0.0,24,7.1
2024-07-14,5.869,30.0,34.6,26.5,0.0,20,19.9
2024-07-15,6.389,31.9,36.4,26.5,0.0,2,7.0
2024-07-16,6.056,32.4,36.6,27.6,0.1,4,9.6
2024-07-17,5.814,32.5,36.7,28.5,0.2,14,14.6
2024-07-18,5.789,30.8,35.4,25.1,3.0,19,16.1
2024-07-19,6.236,32.5,37.6,28.0,0.0,10,6.8
2024-07-20,6.025,32.6,37.2,27.0,0.1,25,14.4
2024-07-21,5.981,32.4,37.3,25.9,3.0,22,25.3
2024-07-22,5.136,31.8,35.9,27.7,1.0,37,16.7
2024-07-23,6.053,30.7,36.4,25.3,2.9,23,17.3
2024-07-24,6.017,31.4,35.9,27.1,0.4,16,10.6
2024-07-25,5.258,31.5,36.7,26.5,4.5,46,10.5
2024-07-26,5.175,31.4,36.1,26.3,0.0,36,14.6
2024-07-27,5.514,32.0,36.9,28.3,1.7,63,14.6
2024-07-28,5.633,31.6,36.6,27.7,5.9,76,12.8
2024-07-29,3.847,29.9,33.6,27.1,5.4,72,14.9
2024-07-30,5.589,31.6,35.8,28.2,0.0,68,10.6
2024-07-31,5.575,31.6,36.4,26.8,19.2,98,11.5
2024-08-01,0.575,26.7,30.4,25.5,77.6,100,17.4
2024-08-02,6.044,29.6,33.9,25.1,1.3,40,9.5
2024-08-03,4.919,29.1,32.9,26.7,6.1,49,16.4
2024-08-04,3.981,28.5,32.0,26.6,16.0,73,10.5
2024-08-05,5.653,29.8,33.7,26.7,0.5,46,9.0
2024-08-06,5.947,30.4,33.8,27.3,0.3,40,8.9
2024-08-07,4.919,29.0,32.3,25.9,5.8,55,13.0
2024-08-08,4.844,28.4,32.6,24.9,0.4,48,13.4
2024-08-09,5.378,28.9,32.5,26.3,0.3,46,10.0
2024-08-10,4.456,28.7,32.7,26.5,4.9,95,12.0
2024-08-11,2.131,26.5,28.2,25.1,18.4,88,14.4
2024-08-12,4.733,27.9,31.8,24.7,4.2,69,11.0
2024-08-13,5.803,29.3,33.2,25.6,0.3,43,8.0
2024-08-14,5.603,30.1,33.8,26.5,0.2,34,9.0
2024-08-15,2.844,29.0,31.1,27.0,20.5,77,10.5
2024-08-16,4.953,28.8,32.8,25.8,33.2,82,13.1
2024-08-17,3.339,27.5,31.4,25.8,16.4,100,13.7
2024-08-18,5.503,28.4,33.1,25.1,4.4,80,11.1
2024-08-19,5.017,28.0,32.2,25.0,22.6,71,8.7
2024-08-20,5.4,28.3,32.1,24.5,2.3,34,13.7
2024-08-21,5.417,28.6,32.7,24.1,3.2,36,8.4
2024-08-22,5.739,29.2,33.2,25.3,0.2,12,6.0
2024-08-23,5.728,29.3,33.3,25.9,0.7,15,7.0
2024-08-24,5.983,28.9,33.4,23.4,1.3,14,15.7
2024-08-25,5.647,29.2,33.2,25.0,0.2,14,8.8
2024-08-26,5.4,29.3,33.4,26.4,3.2,49,7.6
2024-08-27,4.367,28.0,32.1,25.8,1.8,79,13.0
2024-08-28,3.678,27.4,31.0,24.7,12.7,100,11.6
2024-08-29,2.744,25.9,28.5,24.5,32.8,89,25.8
2024-08-30,5.456,27.6,31.6,24.5,0.6,55,13.3
2024-08-31,5.947,28.4,32.7,24.5,0.0,3,10.5
2024-09-01,5.781,29.4,33.5,25.4,0.0,5,7.0
2024-09-02,5.261,28.2,32.1,24.9,4.4,42,15.6
2024-09-03,4.014,26.8,30.3,24.2,26.7,82,10.4
2024-09-04,5.4,27.2,31.1,24.0,7.7,49,6.6
2024-09-05,4.978,27.0,31.1,23.9,1.8,38,5.5
2024-09-06,5.322,27.2,31.4,23.6,2.8,21,16.8
2024-09-07,4.697,27.0,31.3,22.5,3.8,33,12.7
2024-09-08,5.336,28.0,32.3,23.3,0.4,22,6.3
2024-09-09,5.522,29.0,33.3,24.6,0.0,4,6.9
2024-09-10,5.092,27.7,32.3,24.4,21.5,25,16.4
2024-09-11,5.508,28.4,32.3,24.7,0.3,4,14.5
2024-09-12,5.803,29.3,34.8,24.7,0.0,2,11.6
2024-09-13,5.581,28.2,33.2,23.5,0.0,4,11.8
2024-09-14,5.572,27.9,32.3,24.5,0.2,11,16.2
2024-09-15,5.572,28.1,33.2,23.9,0.0,4,8.4
2024-09-16,5.742,28.2,33.5,22.7,0.0,1,5.8
2024-09-17,5.55,28.4,33.8,22.8,0.0,2,8.6
2024-09-18,5.233,28.1,33.2,23.6,0.3,8,8.7
2024-09-19,2.919,26.6,31.5,23.3,0.8,74,16.6
2024-09-20,5.436,27.5,33.0,21.7,0.0,0,7.5
2024-09-21,5.406,28.5,33.6,23.5,0.0,0,7.6
2024-09-22,5.1,29.7,34.6,25.2,0.0,4,6.7
2024-09-23,5.247,30.1,35.8,26.1,0.0,1,8.4
2024-09-24,5.192,30.4,35.6,25.5,0.0,1,7.5
2024-09-25,4.553,29.8,34.0,25.8,0.2,10,8.4
2024-09-26,3.417,27.8,31.0,24.9,3.6,46,19.3
2024-09-27,4.622,27.7,32.0,24.1,0.1,17,11.7
2024-09-28,4.578,27.0,31.8,21.7,7.9,28,9.9
2024-09-29,4.85,26.8,32.1,22.9,0.0,7,7.9
2024-09-30,4.822,27.4,33.3,22.4,0.0,7,11.7
2024-10-01,4.961,28.7,33.9,23.1,0.0,0,8.8
2024-10-02,4.989,28.7,34.7,23.4,0.0,0,8.1
2024-10-03,4.989,28.3,34.6,22.4,0.0,0,6.7
2024-10-04,4.914,28.1,34.7,22.4,0.0,1,9.8
2024-10-05,4.689,26.6,34.6,22.6,2.5,21,18.3
2024-10-06,4.319,25.1,31.4,20.8,0.0,15,9.6
2024-10-07,4.767,25.1,32.0,19.0,0.0,12,8.6
2024-10-08,3.781,24.2,30.8,20.5,1.4,39,16.9
2024-10-09,4.658,24.7,31.9,19.7,0.0,3,10.3
2024-10-10,4.667,24.5,31.8,18.8,0.0,0,11.8
2024-10-11,4.631,24.6,31.8,18.5,0.0,0,11.5
2024-10-12,4.589,24.9,32.1,18.3,0.0,0,10.9
2024-10-13,4.506,24.8,31.8,18.2,0.0,0,9.5
2024-10-14,4.447,24.5,31.5,19.0,0.0,1,11.5
2024-10-15,4.433,24.6,32.4,18.9,0.0,0,10.0
2024-10-16,4.328,24.8,32.8,18.2,0.0,11,8.1
2024-10-17,4.347,25.0,32.8,19.0,0.0,0,8.2
2024-10-18,4.239,25.7,32.9,19.3,0.0,0,7.6
2024-10-19,4.211,25.3,31.9,19.0,0.0,0,8.2
2024-10-20,4.114,25.0,31.6,19.1,0.0,1,8.3
2024-10-21,4.081,25.0,31.1,18.9,0.0,1,8.0
2024-10-22,4.061,25.0,31.2,19.1,0.0,1,7.8
2024-10-23,3.978,25.1,31.7,19.1,0.3,6,18.0
2024-10-24,4.008,24.5,31.3,18.6,0.0,0,11.9
2024-10-25,4.039,24.0,31.3,17.7,0.0,0,10.9
2024-10-26,3.961,23.5,31.0,17.8,0.0,0,9.0
2024-10-27,3.903,23.7,31.6,17.1,0.0,0,8.5
2024-10-28,3.839,24.5,31.4,19.0,0.0,6,8.1
2024-10-29,3.739,25.1,31.7,19.8,0.0,3,9.9
2024-10-30,3.731,24.8,31.9,20.5,0.0,27,9.3
2024-10-31,3.811,23.9,31.2,19.0,0.0,0,12.2
2024-11-01,3.875,22.6,30.2,15.3,0.0,0,8.8
2024-11-02,3.767,22.5,30.3,14.9,0.0,6,7.8
2024-11-03,3.653,21.9,30.0,15.8,0.0,2,10.2
2024-11-04,3.611,22.6,29.7,16.5,0.0,0,8.9
2024-11-05,3.533,22.3,29.5,17.0,0.0,2,8.7
2024-11-06,3.472,22.4,29.4,16.5,0.0,0,8.4
2024-11-07,3.439,22.5,29.4,17.3,0.0,0,8.4
2024-11-08,3.378,22.3,29.0,17.4,0.0,9,7.9
2024-11-09,3.361,22.0,28.5,17.0,0.0,0,8.5
2024-11-10,3.303,22.2,28.7,17.1,0.0,1,7.2
2024-11-11,3.114,21.3,29.0,17.1,0.6,10,17.1
2024-11-12,3.314,21.1,27.2,16.7,0.0,0,10.9
2024-11-13,3.267,20.6,26.5,16.6,0.0,16,6.0
2024-11-14,3.175,20.3,26.8,16.3,0.0,59,6.0
2024-11-15,3.186,19.5,26.2,14.9,0.0,29,10.3
2024-11-16,3.197,18.6,24.6,14.2,0.0,22,13.2
2024-11-17,3.017,17.4,24.2,12.9,0.0,19,7.9
2024-11-18,3.283,17.2,24.5,12.4,0.0,16,6.9
2024-11-19,3.272,16.7,24.2,11.2,0.0,0,7.9
2024-11-20,3.267,16.8,23.9,10.7,0.0,0,8.1
2024-11-21,3.175,17.3,24.2,11.6,0.0,1,7.6
2024-11-22,3.122,17.5,24.7,11.6,0.0,8,7.1
2024-11-23,2.706,17.8,23.8,13.3,0.7,42,17.3
2024-11-24,3.083,18.0,24.0,13.8,0.3,3,18.1
2024-11-25,3.142,16.9,23.3,11.8,0.0,0,8.4
2024-11-26,3.131,16.3,23.4,11.3,0.0,0,6.4
2024-11-27,3.119,16.2,22.8,10.3,0.0,0,5.3
2024-11-28,3.067,16.5,23.2,11.1,0.0,7,4.4
2024-11-29,2.986,16.4,23.0,10.8,0.0,8,5.9
2024-11-30,2.869,16.3,21.7,12.6,1.4,28,8.6
2024-12-01,3.017,15.8,22.5,10.6,0.0,0,6.5
2024-12-02,2.961,16.6,23.2,11.7,0.0,6,8.2
2024-12-03,2.619,17.3,22.9,12.9,0.5,33,10.2
2024-12-04,3.108,15.4,21.9,11.3,0.0,0,11.1
2024-12-05,3.136,14.2,21.5,8.4,0.0,0,8.5
2024-12-06,3.128,13.5,21.0,8.0,0.0,0,8.4
2024-12-07,3.108,12.5,20.1,6.2,0.0,0,6.7
2024-12-08,2.258,11.7,18.5,8.7,0.9,34,13.3
2024-12-09,2.964,11.9,18.8,6.8,0.0,0,7.0
2024-12-10,3.1,10.8,18.1,4.8,0.0,0,9.6
2024-12-11,3.033,10.9,18.3,4.8,0.0,7,10.3
2024-12-12,3.025,11.0,18.2,6.0,0.0,0,11.5
2024-12-13,3.111,11.8,19.4,5.7,0.0,27,14.8
2024-12-14,3.075,10.9,18.5,4.8,0.0,9,9.2
2024-12-15,2.75,10.7,18.5,4.6,0.0,88,6.7
2024-12-16,3.136,10.2,18.2,3.9,0.0,0,5.6
2024-12-17,3.133,10.0,18.3,2.9,0.0,0,6.7
2024-12-18,2.906,10.7,19.0,4.0,0.0,47,6.9
2024-12-19,3.047,10.6,18.2,4.4,0.0,1,7.3
2024-12-20,2.983,11.4,19.5,5.2,0.0,1,7.7
2024-12-21,3.042,11.3,18.1,4.9,0.0,18,6.8
2024-12-22,3.025,11.6,18.1,6.7,0.0,39,9.4
2024-12-23,0.833,10.5,13.4,8.2,2.3,67,11.2
2024-12-24,2.969,11.5,19.0,6.3,0.0,0,8.3
2024-12-25,2.969,12.2,20.1,6.5,0.0,0,8.6
2024-12-26,2.997,12.3,20.0,6.4,0.0,13,6.6
2024-12-27,1.364,11.7,16.7,7.0,3.3,70,10.8
2024-12-28,2.531,12.1,17.3,8.9,1.2,43,5.7
2024-12-29,2.725,11.3,17.9,7.8,0.0,46,8.7
2024-12-30,3.0,10.4,17.4,6.2,0.0,24,7.1
2024-12-31,2.503,9.5,16.1,4.6,0.0,79,5.8
2025-01-01,2.414,9.6,15.9,6.1,0.0,74,7.5
2025-01-02,2.303,10.4,16.3,6.1,0.0,100,5.6
2025-01-03,2.325,11.1,17.3,7.1,0.0,92,5.4
2025-01-04,2.636,11.3,18.7,7.0,0.0,52,10.3
2025-01-05,2.269,11.8,16.6,8.5,2.3,41,8.8
2025-01-06,2.447,11.6,16.1,8.9,0.0,45,7.2
2025-01-07,3.194,11.3,17.5,7.4,0.0,0,9.4
2025-01-08,3.272,10.5,17.2,4.9,0.0,3,8.4
2025-01-09,2.672,9.6,16.9,4.1,0.0,43,3.9
2025-01-10,2.425,8.5,15.2,3.3,0.0,75,6.2
2025-01-11,1.522,10.5,14.3,6.5,0.5,100,10.4
2025-01-12,2.822,12.7,17.2,9.5,0.1,36,12.3
2025-01-13,3.206,11.1,17.7,6.4,0.0,10,8.9
2025-01-14,3.361,10.8,17.2,5.2,0.0,11,7.3
2025-01-15,3.264,10.3,17.3,4.1,0.0,10,6.6
2025-01-16,2.647,10.5,16.3,7.3,0.0,44,10.0
2025-01-17,3.364,10.6,17.1,6.0,0.0,55,9.6
2025-01-18,2.394,11.6,16.7,7.8,0.0,82,5.3
2025-01-19,2.053,10.6,16.5,5.4,0.0,93,7.6
2025-01-20,3.322,13.3,19.7,9.1,0.0,39,10.7
2025-01-21,3.417,12.7,19.5,7.7,0.0,11,10.4
2025-01-22,3.514,13.4,20.5,7.9,0.0,0,9.2
2025-01-23,3.542,13.3,19.8,8.0,0.0,3,10.4
2025-01-24,3.678,12.6,19.1,7.5,0.0,0,9.9
2025-01-25,3.806,12.2,19.6,6.8,0.0,0,9.4
2025-01-26,3.853,11.6,20.2,4.6,0.0,0,7.2
2025-01-27,3.847,12.2,20.8,5.0,0.0,0,7.5
2025-01-28,3.872,13.0,21.7,6.0,0.0,1,7.3
2025-01-29,3.436,14.5,21.8,8.5,0.0,33,12.5
2025-01-30,3.636,16.0,23.4,9.4,0.0,22,9.0
2025-01-31,3.608,15.5,22.6,8.4,0.0,13,11.2
2025-02-01,3.353,14.7,21.6,10.7,8.1,23,14.4
2025-02-02,3.483,13.4,21.2,8.2,0.0,30,9.7
2025-02-03,4.042,13.0,20.5,7.4,0.0,10,8.3
2025-02-04,3.586,13.6,20.8,7.4,0.0,34,9.4
2025-02-05,3.553,12.4,19.1,7.4,0.0,23,6.4
2025-02-06,4.075,13.5,20.6,7.3,0.0,0,13.3
2025-02-07,4.1,13.4,20.3,7.7,0.0,44,12.4
2025-02-08,4.122,14.7,21.7,8.9,0.0,48,9.7
2025-02-09,4.197,15.6,23.8,8.0,0.0,4,7.5
2025-02-10,3.903,16.4,23.9,9.3,0.0,26,6.8
2025-02-11,3.394,16.4,23.4,10.4,0.1,28,13.0
2025-02-12,4.344,16.0,23.4,9.8,0.0,1,13.7
2025-02-13,4.397,15.5,23.4,9.0,0.0,38,12.8
2025-02-14,4.392,15.7,23.7,8.5,0.0,58,10.7
2025-02-15,4.2,17.8,24.1,12.4,1.3,45,17.5
2025-02-16,3.733,18.0,25.0,11.1,0.0,75,8.4
2025-02-17,4.528,18.5,26.2,11.2,0.0,33,10.2
2025-02-18,4.564,18.4,26.1,12.1,0.0,32,11.8
2025-02-19,4.083,17.9,26.1,10.9,3.0,65,13.2
2025-02-20,1.969,14.0,16.8,10.1,45.0,67,15.9
2025-02-21,4.569,14.0,20.3,9.1,0.0,41,8.3
2025-02-22,4.644,15.6,21.8,10.4,0.0,22,8.8
2025-02-23,4.742,16.6,23.9,10.2,0.0,0,8.6
2025-02-24,4.808,17.5,25.7,10.5,0.0,36,10.5
2025-02-25,1.475,16.4,19.3,13.4,1.8,97,11.1
2025-02-26,3.783,19.8,26.0,16.1,3.1,99,21.4
2025-02-27,2.197,17.2,19.9,15.2,27.3,100,22.5
2025-02-28,2.844,16.2,20.4,13.8,22.8,68,14.5
2025-03-01,4.611,15.8,21.6,11.9,0.0,22,7.3
2025-03-02,5.214,15.2,21.7,9.7,0.0,0,9.2
2025-03-03,4.011,15.0,20.6,10.3,2.4,34,14.0
2025-03-04,5.119,14.3,19.3,10.5,0.0,9,15.3
2025-03-05,5.408,14.8,20.9,9.5,0.0,1,18.9
2025-03-06,5.375,15.7,22.8,9.4,0.0,18,9.6
2025-03-07,5.253,16.7,24.0,9.7,0.0,20,9.1
2025-03-08,5.436,18.0,25.5,11.2,0.0,14,10.2
2025-03-09,5.378,19.0,27.0,12.1,0.0,43,8.2
2025-03-10,4.706,21.1,27.2,16.7,0.1,62,16.3
2025-03-11,4.675,20.8,28.3,14.6,0.0,59,12.3
2025-03-12,5.147,20.7,27.2,15.8,0.0,35,12.0
2025-03-13,5.119,19.9,25.6,15.5,0.2,9,15.3
2025-03-14,3.942,19.2,25.4,13.6,7.0,54,14.1
2025-03-15,4.428,18.0,23.5,13.9,6.9,39,12.6
2025-03-16,5.042,18.4,25.5,12.2,0.0,35,8.3
2025-03-17,5.664,20.0,27.6,11.6,0.0,3,7.8
2025-03-18,5.769,21.4,29.9,13.1,0.0,29,9.8
2025-03-19,4.514,21.6,29.0,17.0,0.0,70,11.7
2025-03-20,5.808,22.1,31.0,14.7,0.0,3,12.1
2025-03-21,5.714,22.6,31.3,15.0,0.0,2,15.5
2025-03-22,5.978,22.5,31.3,13.7,0.0,4,8.3
2025-03-23,5.983,23.5,33.1,14.4,0.0,6,7.6
2025-03-24,5.889,24.5,33.5,16.1,0.0,16,7.9
2025-03-25,5.522,25.4,34.0,17.3,0.0,68,13.1
2025-03-26,3.986,26.9,32.6,21.0,0.0,64,18.7
2025-03-27,6.131,27.1,35.2,20.9,0.0,1,23.8
2025-03-28,6.464,21.5,27.5,15.9,0.0,0,16.8
2025-03-29,6.467,21.1,29.2,13.4,0.0,13,18.8
2025-03-30,6.428,22.2,31.0,13.0,0.0,6,14.0
2025-03-31,6.453,24.0,33.1,14.4,0.0,0,15.3
2025-04-01,6.5,24.7,33.0,15.7,0.0,0,15.1
2025-04-02,6.308,25.5,34.9,15.9,0.0,18,14.0
2025-04-03,5.347,25.7,34.6,16.5,0.3,60,14.7
2025-04-04,6.361,25.8,34.7,17.4,0.0,1,13.2
2025-04-05,6.436,27.2,35.9,17.7,0.0,20,10.8
2025-04-06,6.378,28.9,38.4,18.9,0.0,24,10.3
2025-04-07,5.972,30.5,40.0,21.7,0.0,37,15.6
2025-04-08,5.686,30.7,40.3,23.1,0.0,39,29.1
2025-04-09,5.583,30.8,39.7,23.4,0.0,73,16.2
2025-04-10,5.039,29.5,37.1,22.7,0.0,41,12.5
2025-04-11,5.122,25.9,32.0,21.8,1.2,52,22.8
2025-04-12,6.039,26.3,34.5,19.5,0.0,8,15.1
2025-04-13,6.447,27.2,35.8,18.9,0.0,0,12.5
2025-04-14,6.425,29.4,37.7,20.7,0.0,0,12.8
2025-04-15,6.181,30.5,38.3,23.8,0.0,8,13.2
2025-04-16,5.828,30.6,38.9,23.8,0.0,30,21.2
2025-04-17,6.469,30.6,38.8,22.8,0.0,1,13.1
2025-04-18,5.767,30.4,39.2,23.7,0.0,22,20.2
2025-04-19,6.292,31.3,40.5,23.7,0.0,58,26.7
2025-04-20,6.356,30.8,40.7,24.7,0.0,6,27.8
2025-04-21,6.369,30.3,39.7,21.3,0.0,17,13.3
2025-04-22,6.708,30.2,38.6,21.7,0.0,1,13.9
2025-04-23,6.869,30.5,39.1,21.5,0.0,2,11.3
2025-04-24,6.658,31.0,39.9,21.0,0.0,10,12.1
2025-04-25,6.725,31.5,40.7,21.3,0.0,17,19.2
2025-04-26,6.839,31.7,41.0,22.7,0.0,8,19.3
2025-04-27,6.875,31.7,40.9,21.1,0.0,0,13.4
2025-04-28,6.875,33.0,42.2,23.7,0.0,0,14.5
2025-04-29,6.714,32.5,40.7,25.0,0.0,3,18.4
2025-04-30,6.253,33.2,40.1,26.3,0.0,26,15.2
2025-05-01,5.125,31.2,39.1,26.6,1.5,47,17.5
2025-05-02,4.989,28.1,33.3,24.6,0.8,75,15.2
2025-05-03,5.581,27.7,33.8,22.5,0.2,61,15.0
2025-05-04,3.531,26.8,34.4,22.6,17.8,74,10.6
2025-05-05,3.553,25.5,29.5,22.5,5.2,83,14.1
2025-05-06,6.244,27.9,34.4,21.5,0.1,61,9.2
2025-05-07,5.536,28.7,34.9,23.5,0.0,45,15.5
2025-05-08,5.256,28.3,35.0,23.7,1.4,54,18.4
2025-05-09,5.406,27.9,33.8,22.8,0.0,40,16.3
2025-05-10,5.494,29.3,34.0,23.7,0.2,60,7.0
2025-05-11,5.094,29.1,36.9,24.4,3.2,35,17.8
2025-05-12,6.256,29.5,36.7,23.3,0.2,9,22.9
2025-05-13,6.228,30.9,38.1,22.1,0.0,9,11.8
2025-05-14,6.489,32.1,40.3,22.5,0.0,6,12.9
2025-05-15,6.5,33.3,41.7,25.0,0.0,5,15.0
2025-05-16,6.053,33.5,42.4,26.0,0.0,16,19.9
2025-05-17,6.6,33.9,42.1,25.2,0.0,3,9.0
2025-05-18,6.458,35.0,43.1,26.6,0.0,7,9.6
2025-05-19,5.533,31.4,40.0,27.4,0.6,16,26.6
2025-05-20,6.239,34.6,42.4,24.6,0.0,11,14.4
2025-05-21,5.506,34.0,41.9,27.8,1.4,24,30.5
2025-05-22,6.633,33.2,40.6,27.2,0.0,0,18.8
2025-05-23,6.558,33.7,39.6,28.1,0.0,26,18.8
2025-05-24,4.508,31.1,38.2,24.3,14.0,75,19.0
2025-05-25,6.472,28.7,34.7,22.7,0.3,18,24.3
2025-05-26,6.586,30.5,36.7,23.5,0.0,0,9.1
2025-05-27,6.35,31.5,37.2,25.0,0.0,7,8.8
2025-05-28,6.389,31.7,39.3,26.5,0.0,15,19.3
2025-05-29,5.883,31.1,37.8,24.8,0.0,15,9.5
2025-05-30,5.708,29.9,35.5,24.3,0.0,16,19.2
2025-05-31,5.967,29.6,37.0,25.0,0.0,21,18.7
2025-06-01,6.253,29.5,36.2,23.2,0.2,22,25.2
2025-06-02,6.408,29.4,36.1,22.0,0.0,15,13.1
2025-06-03,6.333,28.4,34.8,23.9,0.0,16,15.3
2025-06-04,6.236,27.3,33.5,21.7,0.2,11,11.4
2025-06-05,6.414,28.7,35.2,21.7,0.0,3,8.5
2025-06-06,6.583,30.5,37.6,22.9,0.0,0,11.4
2025-06-07,6.528,32.6,39.7,24.5,0.0,2,10.2
2025-06-08,6.375,34.4,42.1,26.7,0.0,3,16.4
2025-06-09,6.506,35.1,41.8,28.2,0.0,3,14.7
2025-06-10,6.689,35.5,41.4,29.7,0.0,0,13.0
2025-06-11,6.611,36.1,43.3,27.8,0.0,1,18.5
2025-06-12,6.567,36.4,43.6,29.6,0.0,2,8.7
2025-06-13,6.044,35.5,41.3,29.6,0.1,7,12.6
2025-06-14,6.242,35.3,41.4,29.3,0.0,11,11.2
2025-06-15,5.158,34.9,41.7,30.5,0.0,86,10.3
2025-06-16,3.558,30.8,36.3,26.8,3.3,90,11.2
2025-06-17,4.908,29.0,32.6,24.7,18.6,57,10.6
2025-06-18,6.311,32.0,37.6,25.7,0.0,3,11.3
2025-06-19,5.989,32.9,37.2,28.2,0.2,10,12.3
2025-06-20,5.506,32.9,36.9,29.4,0.2,26,14.4
2025-06-21,5.467,32.1,36.3,27.9,0.9,63,14.3
2025-06-22,4.236,30.1,34.4,27.4,6.8,74,13.2
2025-06-23,5.378,30.7,35.6,27.3,4.5,28,14.2
2025-06-24,5.864,31.6,36.5,26.6,0.7,28,12.1
2025-06-25,3.783,29.9,33.3,26.4,6.0,89,17.1
2025-06-26,3.261,28.6,32.8,25.3,10.5,94,16.3
2025-06-27,4.05,29.3,33.3,24.9,15.5,84,14.1
2025-06-28,5.853,30.7,35.4,26.3,6.5,36,15.5
2025-06-29,5.667,29.3,35.2,24.5,6.9,59,14.9
2025-06-30,4.969,28.8,32.9,24.9,8.8,49,15.4
2025-07-01,4.822,28.4,32.8,24.9,1.4,69,17.9
2025-07-02,6.144,30.2,34.2,26.0,0.1,7,8.4
2025-07-03,5.731,30.5,33.7,27.3,1.0,21,14.5
2025-07-04,5.678,30.7,34.2,26.8,7.0,25,13.8
2025-07-05,5.786,30.8,35.5,25.4,8.8,90,14.6
2025-07-06,3.797,29.0,33.4,25.6,11.1,89,18.2
2025-07-07,5.742,29.7,34.5,25.6,3.4,70,10.4
2025-07-08,4.783,29.1,33.3,25.4,8.9,98,10.7
2025-07-09,4.319,28.7,31.9,25.3,18.5,88,13.2
2025-07-10,3.428,27.0,30.7,24.7,16.5,73,13.0
2025-07-11,5.942,29.0,33.1,24.6,0.0,20,9.4
2025-07-12,5.933,29.8,33.9,25.8,0.1,33,8.0
2025-07-13,2.122,28.7,31.4,26.0,1.2,66,7.5
2025-07-14,3.667,28.7,31.9,26.4,1.8,92,8.9
2025-07-15,4.431,28.0,32.3,25.0,29.6,92,13.3
2025-07-16,3.789,27.7,31.3,25.4,38.9,97,20.3
2025-07-17,4.239,28.3,31.7,26.3,6.0,75,16.6
2025-07-18,4.9,29.0,32.1,26.1,5.9,80,11.6
2025-07-19,6.111,30.3,34.2,26.2,0.1,12,9.3
2025-07-20,6.022,30.5,34.5,26.8,0.0,36,8.8
2025-07-21,4.439,29.1,32.7,26.7,0.6,98,14.9
2025-07-22,4.481,28.1,31.1,26.1,2.5,62,13.0
2025-07-23,3.669,27.7,32.4,24.7,8.4,76,14.0
2025-07-24,4.897,28.7,33.0,25.2,3.4,54,10.5
2025-07-25,5.464,29.4,33.2,25.3,2.2,66,8.5
2025-07-26,6.133,30.9,34.7,27.0,0.9,39,6.5
2025-07-27,5.811,31.3,34.5,28.4,1.2,47,7.9
2025-07-28,6.053,30.8,34.9,25.9,0.6,31,17.8
2025-07-29,5.111,29.2,32.7,25.4,3.2,76,20.0
2025-07-30,3.889,28.3,31.4,24.9,13.5,78,17.8
2025-07-31,2.717,27.9,30.9,26.2,15.0,91,12.5
2025-08-01,2.233,27.3,29.6,26.0,23.7,100,12.1
2025-08-02,4.378,28.3,32.2,25.5,0.7,77,10.8
2025-08-03,5.672,28.8,33.0,25.4,9.0,32,8.8
2025-08-04,5.933,29.2,33.5,24.8,1.8,66,18.8
2025-08-05,5.786,28.8,32.9,25.2,4.6,58,18.7
2025-08-06,5.861,27.7,32.7,24.3,0.4,14,14.8
2025-08-07,6.1,28.7,33.0,25.3,0.4,14,15.0
2025-08-08,6.053,29.9,34.3,24.5,10.7,29,13.4
2025-08-09,5.425,29.0,33.4,24.5,2.8,49,13.7
2025-08-10,5.847,30.0,33.9,26.6,0.6,30,8.7
2025-08-11,5.1,30.8,35.2,27.5,0.5,78,10.5
2025-08-12,2.217,28.1,30.6,26.7,26.2,100,14.3
2025-08-13,5.503,29.8,33.5,26.4,0.3,92,7.6
2025-08-14,1.419,27.9,29.3,26.3,30.1,100,14.4
2025-08-15,4.439,28.2,31.5,25.6,0.4,95,6.2
2025-08-16,5.792,29.3,32.7,26.2,1.7,61,10.4
2025-08-17,5.586,29.0,32.9,25.9,0.4,84,14.3
2025-08-18,3.275,27.5,29.9,24.8,19.5,89,13.8
2025-08-19,5.408,29.2,33.2,25.7,0.0,49,9.5
2025-08-20,5.553,27.9,31.7,24.1,12.3,22,11.7
2025-08-21,5.919,29.1,33.0,25.1,0.4,6,7.1
2025-08-22,5.686,29.7,33.3,26.1,0.4,9,8.7
2025-08-23,5.139,28.4,31.9,26.0,10.0,51,13.2
2025-08-24,3.053,26.6,29.2,24.3,11.8,100,16.0
2025-08-25,1.039,24.1,24.9,23.4,84.5,100,18.7
2025-08-26,2.172,25.2,27.9,23.1,92.5,99,20.7
2025-08-27,4.292,27.2,31.6,24.5,24.5,71,13.4
2025-08-28,5.65,28.7,32.9,25.4,0.6,17,10.5
2025-08-29,4.933,28.0,32.1,25.0,11.7,73,13.6
2025-08-30,2.972,26.7,28.7,25.2,9.4,97,15.2
2025-08-31,1.153,25.1,26.0,24.4,33.2,99,11.9
2025-09-01,4.1,25.3,28.7,22.6,45.0,83,19.7
2025-09-02,3.333,24.4,26.8,22.9,55.3,77,17.1
2025-09-03,3.133,24.4,28.3,22.2,20.4,72,20.5
2025-09-04,5.725,26.5,30.6,23.3,1.8,11,12.4
2025-09-05,4.506,27.8,32.2,23.5,0.0,52,6.2
2025-09-06,4.214,28.6,32.4,25.7,0.0,73,8.6
2025-09-07,4.864,27.6,31.6,25.1,3.9,98,10.4
2025-09-08,4.072,26.7,30.5,24.2,12.3,73,10.7
2025-09-09,5.303,27.9,32.2,24.0,0.3,11,6.9
2025-09-10,5.508,28.5,32.4,25.2,0.1,3,13.5
2025-09-11,5.553,28.0,31.9,24.4,0.0,4,8.9
2025-09-12,5.258,28.3,32.3,25.0,1.2,15,9.8
2025-09-13,5.442,28.9,32.8,24.9,0.2,7,5.6
2025-09-14,5.494,29.3,33.5,25.4,0.0,3,7.6
2025-09-15,5.439,29.1,33.3,25.3,0.1,8,10.1
2025-09-16,5.442,28.9,32.9,24.6,0.0,4,12.7
2025-09-17,5.444,29.5,33.6,25.0,0.0,4,6.9
2025-09-18,5.364,29.3,33.5,24.1,0.0,5,12.8
2025-09-19,5.197,28.5,33.4,24.6,0.1,14,8.7
2025-09-20,5.397,28.8,33.5,24.0,0.0,1,7.0
2025-09-21,5.208,29.3,34.2,24.6,0.0,4,8.0
2025-09-22,5.192,29.4,34.1,24.6,0.0,3,6.3
2025-09-23,5.408,29.3,34.9,24.6,0.0,0,9.3
2025-09-24,5.339,29.1,34.0,24.6,0.0,1,8.1
2025-09-25,5.236,29.2,34.0,24.7,0.0,2,9.0
2025-09-26,5.233,29.1,34.1,24.7,0.0,0,9.9
2025-09-27,5.25,29.6,35.1,24.4,0.0,0,7.1
2025-09-28,5.042,29.9,34.7,24.6,0.0,1,7.8
2025-09-29,4.447,29.5,34.1,25.6,0.2,10,8.4
2025-09-30,4.817,29.3,34.5,24.2,0.0,4,7.7
2025-10-01,4.708,28.0,32.1,23.4,0.4,14,20.9
2025-10-02,4.758,28.2,33.1,22.5,6.4,10,10.8
2025-10-03,4.797,26.5,31.2,21.7,1.7,16,21.5
2025-10-04,4.372,25.7,30.3,22.3,1.0,12,21.0
2025-10-05,4.794,24.2,29.0,19.8,14.8,20,14.7
2025-10-06,1.85,20.7,23.3,17.9,47.1,85,24.5
2025-10-07,4.214,20.5,25.3,17.4,5.7,35,12.7
2025-10-08,4.686,21.4,27.1,16.9,0.0,14,8.2
2025-10-09,4.586,22.3,27.8,17.9,0.0,4,6.7
2025-10-10,4.647,23.1,29.0,18.0,0.0,0,6.9
2025-10-11,4.628,23.5,29.9,18.8,0.0,0,10.4
2025-10-12,4.678,23.6,30.0,18.2,0.0,0,7.9
2025-10-13,4.633,23.3,30.2,17.7,0.0,0,6.3
2025-10-14,4.511,23.9,30.3,18.3,0.0,0,8.9
2025-10-15,4.003,24.2,30.1,19.8,0.0,6,6.6
2025-10-16,4.428,24.2,30.5,19.2,0.0,0,6.4
2025-10-17,4.406,24.1,30.7,18.7,0.0,0,6.5
2025-10-18,4.361,23.9,30.7,18.1,0.0,0,6.6
2025-10-19,4.303,24.1,30.6,18.0,0.0,0,6.8
2025-10-20,4.317,23.8,30.9,17.2,0.0,2,6.8
2025-10-21,4.069,23.9,31.0,18.3,0.0,6,9.8
2025-10-22,4.222,23.0,30.4,17.5,0.0,0,11.7
2025-10-23,4.125,23.1,30.1,16.9,0.0,1,7.4
2025-10-24,4.075,23.7,30.6,18.6,0.0,0,6.6
2025-10-25,4.086,22.9,30.1,17.3,0.0,0,7.2
2025-10-26,4.031,22.9,29.5,17.0,0.0,0,6.0
2025-10-27,3.972,23.0,28.8,17.3,0.0,0,7.0
2025-10-28,3.911,23.0,29.0,18.1,0.0,0,7.6
2025-10-29,3.861,22.7,28.1,17.6,0.0,0,8.8
2025-10-30,3.828,22.7,29.0,17.5,0.0,1,6.7
2025-10-31,3.8,22.6,29.1,17.8,0.0,0,9.7
2025-11-01,3.822,22.1,29.2,16.9,0.0,0,10.3
2025-11-02,3.814,21.8,28.7,16.2,0.0,0,8.8
2025-11-03,3.642,21.1,28.4,14.6,0.0,21,8.0
2025-11-04,3.553,21.8,29.3,16.9,8.1,16,25.0
2025-11-05,3.775,19.7,26.3,16.1,0.0,2,14.7
2025-11-06,3.778,17.9,25.1,12.8,0.0,0,10.7
2025-11-07,3.758,17.5,25.8,11.2,0.0,0,7.6
2025-11-08,3.686,17.5,25.6,11.5,0.0,0,9.7
2025-11-09,3.669,17.2,25.2,11.1,0.0,0,9.2
2025-11-10,3.628,17.4,25.3,10.8,0.0,0,9.0
2025-11-11,3.558,17.6,25.4,11.3,0.0,0,8.9
2025-11-12,3.528,16.9,24.8,10.4,0.0,0,8.0
2025-11-13,3.497,16.7,24.9,11.0,0.0,0,10.2
2025-11-14,3.486,16.4,24.6,10.2,0.0,0,8.0
2025-11-15,3.436,16.7,25.0,9.9,0.0,0,6.9
2025-11-16,3.381,16.5,24.3,10.4,0.0,6,7.1
2025-11-17,3.356,16.4,24.0,9.9,0.0,30,5.2
2025-11-18,3.283,16.4,24.3,10.6,0.0,37,7.1
2025-11-19,3.286,16.8,24.2,11.3,0.0,19,5.6
2025-11-20,3.258,16.8,24.0,10.8,0.0,8,6.0
2025-11-21,3.203,16.8,24.1,11.5,0.0,0,6.9
2025-11-22,3.194,16.1,22.9,9.9,0.0,0,6.1
2025-11-23,3.181,15.6,23.1,10.1,0.0,0,6.7
2025-11-24,3.219,14.8,22.5,9.2,0.0,0,7.8
2025-11-25,3.2,14.3,21.9,8.1,0.0,0,8.4
2025-11-26,3.197,14.0,21.6,7.5,0.0,0,7.3
2025-11-27,3.203,13.8,21.0,7.8,0.0,0,5.3
2025-11-28,3.192,13.4,21.3,7.4,0.0,0,7.1
2025-11-29,3.239,13.0,21.1,7.3,0.0,0,7.3
2025-11-30,2.961,12.4,20.2,6.0,0.0,38,9.5
2025-12-01,3.047,13.2,21.0,7.6,0.0,38,5.5
2025-12-02,3.122,12.6,20.3,5.9,0.0,0,6.0
2025-12-03,3.103,12.3,20.0,6.8,0.0,0,7.3
2025-12-04,3.053,12.3,20.0,6.8,0.0,39,5.8
2025-12-05,3.042,12.4,20.6,6.0,0.0,15,7.0
2025-12-06,2.767,12.6,19.7,6.6,0.0,53,8.9
2025-12-07,3.006,13.2,21.5,6.5,0.0,7,6.3
2025-12-08,3.061,13.6,22.0,7.2,0.0,0,10.1
2025-12-09,3.036,13.7,20.9,6.8,0.0,35,9.2
2025-12-10,3.0,13.7,21.3,7.3,0.0,29,5.9
2025-12-11,3.014,13.9,21.2,7.3,0.0,2,5.4
2025-12-12,2.783,13.6,21.0,7.1,0.0,72,5.6
2025-12-13,2.214,14.0,19.9,9.5,0.0,100,8.0
2025-12-14,2.786,14.5,20.7,9.5,0.0,93,6.1
2025-12-15,2.933,14.4,21.1,8.7,0.0,33,9.1
2025-12-16,2.958,14.3,20.7,9.4,0.0,59,9.6
2025-12-17,2.972,14.3,20.5,8.5,0.0,67,7.0
2025-12-18,2.472,14.7,20.7,10.6,0.0,99,3.1
2025-12-19,2.336,12.9,18.6,9.1,0.0,100,4.3
2025-12-20,1.85,12.9,17.7,10.0,0.0,100,7.1
2025-12-21,2.061,13.8,18.1,11.6,0.0,99,8.0
2025-12-22,2.289,13.9,19.6,10.2,0.1,58,7.2
2025-12-23,2.786,14.4,20.2,10.9,0.1,21,10.4
2025-12-24,3.053,12.9,19.4,7.7,0.0,2,9.3
2025-12-25,2.994,11.8,18.8,6.0,0.0,67,5.8
2025-12-26,2.958,13.2,19.6,9.2,0.0,56,5.4
2025-12-27,2.661,12.1,18.2,6.0,0.0,84,7.2
2025-12-28,2.708,11.4,17.4,5.7,0.0,67,3.9
2025-12-29,2.203,10.4,15.9,6.2,0.0,82,7.4
2025-12-30,2.439,10.7,16.8,6.6,0.0,72,6.8
2025-12-31,1.353,11.1,15.1,8.0,0.0,90,9.0
2026-01-01,1.183,11.6,14.3,9.5,2.1,73,14.9
2026-01-02,1.894,10.9,15.3,8.5,0.0,64,8.2
2026-01-03,2.478,10.6,16.2,8.0,0.0,57,5.2
2026-01-04,2.178,10.5,15.5,8.0,0.0,68,6.4
2026-01-05,2.194,10.9,16.0,8.3,0.1,68,8.7
2026-01-06,2.556,10.0,15.4,6.0,0.1,44,5.6
2026-01-07,2.447,9.6,14.8,7.2,0.0,57,5.2
2026-01-08,2.211,8.4,12.9,5.3,0.0,69,5.8
2026-01-09,2.5,7.3,12.0,4.3,0.0,56,6.3
2026-01-10,2.747,6.5,12.6,3.2,0.0,49,6.3
2026-01-11,2.872,6.7,13.1,3.3,0.0,52,8.5
2026-01-12,2.794,6.6,12.7,2.8,0.0,83,5.6
2026-01-13,2.467,7.0,13.1,3.6,0.0,88,5.4
2026-01-14,2.6,7.2,13.5,4.0,0.0,58,3.8
2026-01-15,2.683,7.5,14.0,4.6,0.0,63,3.5
2026-01-16,2.114,7.5,13.8,3.3,0.0,97,5.5
2026-01-17,2.761,8.7,15.7,4.3,0.0,65,6.2
2026-01-18,2.725,9.4,16.7,4.8,0.0,63,6.3
2026-01-19,2.853,10.6,17.9,5.7,0.0,51,7.2
2026-01-20,3.425,11.8,19.6,6.8,0.0,5,9.2
2026-01-21,3.286,11.3,18.7,5.3,0.0,31,6.7
2026-01-22,2.8,12.0,18.7,5.2,3.2,85,21.4
2026-01-23,2.625,12.3,14.9,6.8,12.6,53,20.4
2026-01-24,3.625,7.8,12.9,3.4,0.0,41,12.5
2026-01-25,3.633,10.2,16.9,4.8,0.0,32,10.2
2026-01-26,1.997,11.3,17.1,6.3,1.3,99,12.0
2026-01-27,1.911,11.7,14.5,8.8,20.6,66,14.1
2026-01-28,3.622,11.2,17.2,6.4,0.0,3,7.0
2026-01-29,3.753,11.2,17.6,5.9,0.0,31,8.7
2026-01-30,3.714,12.6,18.9,8.3,0.0,67,7.2
2026-01-31,3.375,12.1,17.8,6.5,0.0,82,7.4
2026-02-01,3.442,12.6,18.4,7.6,0.0,35,11.3
2026-02-02,2.622,12.7,17.8,9.2,0.0,91,6.7
2026-02-03,3.839,13.1,19.2,8.0,0.0,32,6.5
2026-02-04,3.814,13.0,20.2,7.1,0.0,21,10.3
2026-02-05,4.003,13.3,20.0,7.6,0.0,6,10.0
2026-02-06,3.969,13.6,21.0,6.2,0.0,19,5.6
2026-02-07,4.1,14.7,21.4,10.2,0.0,15,12.1
2026-02-08,4.183,14.0,21.4,7.8,0.0,45,10.4
2026-02-09,3.353,15.4,21.7,10.1,0.0,95,8.5
2026-02-10,3.85,15.4,21.0,10.2,0.1,60,11.9
2026-02-11,4.122,16.0,23.5,10.8,0.0,21,12.9
2026-02-12,4.319,15.5,22.9,9.2,0.0,37,9.8
2026-02-13,4.214,15.7,24.5,6.9,0.0,34,6.9
2026-02-14,4.181,17.0,25.7,8.7,0.0,34,8.9
2026-02-15,4.433,17.9,26.2,11.1,0.0,8,8.2
2026-02-16,4.322,17.0,25.3,9.9,0.0,16,6.1
2026-02-17,3.681,17.8,24.4,12.1,0.0,83,8.6
2026-02-18,3.053,17.6,23.4,13.7,0.7,57,11.7
2026-02-19,4.389,18.0,25.0,11.8,0.0,4,7.3
2026-02-20,4.386,18.5,25.8,12.4,0.0,15,7.8
2026-02-21,4.628,18.3,24.8,12.0,0.0,1,9.9
2026-02-22,4.436,18.2,25.5,11.1,0.0,19,6.6
2026-02-23,4.586,18.8,25.6,12.8,0.0,3,5.7
2026-02-24,4.5,18.1,25.6,11.2,0.0,23,5.4
2026-02-25,4.542,18.5,27.0,10.2,0.0,29,6.9
2026-02-26,4.775,19.3,27.2,12.4,0.0,6,11.1
2026-02-27,4.408,19.2,27.0,12.3,0.0,31,10.3
2026-02-28,4.872,20.9,28.2,14.7,0.0,11,11.1
2026-03-01,5.117,20.3,28.2,13.4,0.0,0,11.5
2026-03-02,5.15,20.9,28.6,14.7,0.0,26,12.3
2026-03-03,5.144,22.0,30.4,14.7,0.0,21,12.8
2026-03-04,5.086,23.1,31.6,15.9,0.0,0,12.4
2026-03-05,5.167,24.1,32.9,17.3,0.0,21,10.2
2026-03-06,5.144,24.2,32.6,17.0,0.0,37,8.0
2026-03-07,5.131,24.5,31.6,18.4,0.0,32,10.8
2026-03-08,5.081,25.3,32.5,18.8,0.0,18,6.3
2026-03-09,5.011,25.0,32.7,17.3,0.0,68,6.8
2026-03-10,4.642,25.7,31.8,21.0,0.0,91,9.4
2026-03-11,4.539,25.7,31.7,19.3,0.0,86,12.2
2026-03-12,4.844,22.9,27.6,18.8,9.9,50,18.3
2026-03-13,5.078,22.2,29.3,17.0,0.0,87,12.7
2026-03-14,5.064,22.2,28.9,16.3,0.0,93,11.1
2026-03-15,3.389,18.2,21.6,15.0,11.1,76,19.1
2026-03-16,4.628,16.2,20.9,13.3,1.7,42,16.5
2026-03-17,5.0,18.1,25.1,12.1,0.0,89,10.2
2026-03-18,1.653,17.4,21.0,15.6,2.8,98,14.5
2026-03-19,2.689,17.3,23.1,14.6,10.2,96,13.9
2026-03-20,4.944,17.4,22.1,14.3,7.5,67,17.8
2026-03-21,4.567,17.4,23.2,12.8,0.1,81,8.7
2026-03-22,5.611,20.1,26.5,14.6,0.0,44,11.8
2026-03-23,5.122,22.0,27.8,16.9,0.0,34,11.0
2026-03-24,5.567,22.9,30.0,16.1,0.0,36,15.6
2026-03-25,5.503,23.7,30.4,16.4,0.1,66,12.2
2026-03-26,4.708,23.6,29.2,18.7,1.1,88,13.9
2026-03-27,5.592,23.2,28.1,19.1,0.3,45,13.5
2026-03-28,4.658,24.2,29.8,17.8,0.0,91,7.9
2026-03-29,5.35,23.3,27.8,19.0,19.4,68,19.6
2026-03-30,4.219,24.1,30.1,20.2,0.5,78,19.0
2026-03-31,4.747,24.0,30.9,16.9,0.0,64,16.2
2026-04-01,5.564,24.4,30.5,17.5,0.0,80,12.1
2026-04-02,5.808,26.9,34.2,20.0,0.0,83,12.6
2026-04-03,3.3,22.2,26.7,18.2,24.9,83,16.5
2026-04-04,5.022,19.7,26.0,16.7,12.6,78,13.8
2026-04-05,5.639,20.9,27.3,15.3,2.5,23,9.5
2026-04-06,6.028,23.2,29.8,16.7,0.0,22,8.9
2026-04-07,2.475,19.4,24.8,14.9,12.7,95,18.7
2026-04-08,5.089,17.5,23.5,14.4,8.4,55,15.2
2026-04-09,5.853,18.7,24.6,13.8,0.0,26,11.6
2026-04-10,6.428,21.9,29.0,14.3,0.0,38,16.6
2026-04-11,5.886,22.4,29.0,17.6,1.6,40,24.3
2026-04-12,6.458,22.8,30.9,15.3,0.0,9,13.4
2026-04-13,5.983,24.8,32.8,17.2,0.0,44,11.0
2026-04-14,6.661,26.2,35.7,17.7,0.0,2,12.1
2026-04-15,6.617,27.8,37.1,18.9,0.0,12,15.8
2026-04-16,6.267,29.0,37.3,20.7,0.0,91,12.9
2026-04-17,5.019,28.0,33.9,23.5,0.0,69,28.0
2026-04-18,6.356,28.4,36.1,21.0,0.0,69,23.1
2026-04-19,4.878,27.6,34.9,22.2,0.0,76,17.6
2026-04-20,6.639,28.2,36.7,21.0,0.0,24,12.9
2026-04-21,6.711,29.1,37.5,21.2,0.0,29,16.2
2026-04-22,6.592,30.7,39.0,22.2,0.0,33,10.1
2026-04-23,6.422,32.0,40.3,23.6,0.0,40,12.4
2026-04-24,6.286,32.7,40.6,24.7,0.0,61,18.7
2026-04-25,5.619,32.7,39.7,25.7,0.0,38,14.9
2026-04-26,6.686,32.7,39.5,25.5,0.0,26,17.1
2026-04-27,6.197,32.3,40.0,24.7,0.0,33,16.8
2026-04-28,3.936,30.6,35.0,26.7,0.0,78,16.4
2026-04-29,5.711,27.4,33.4,22.7,0.4,45,19.1
2026-04-30,5.872,27.6,35.2,21.5,1.1,15,13.4
2026-05-01,6.267,29.3,36.3,22.5,0.0,11,12.3
2026-05-02,6.392,31.2,38.0,23.7,0.0,9,11.1
2026-05-03,5.786,28.2,33.3,23.0,0.0,52,23.6
2026-05-04,5.581,26.1,32.4,21.9,0.0,67,26.6
2026-05-05,6.403,25.7,32.8,20.0,0.0,34,20.2
2026-05-06,6.306,27.1,34.0,20.2,0.0,11,10.5
2026-05-07,6.328,27.6,34.4,20.5,0.0,15,13.9
2026-05-08,6.189,28.1,33.8,22.1,0.0,15,12.1
2026-05-09,6.261,30.1,36.1,23.3,0.1,7,8.7
2026-05-10,5.861,31.5,37.2,25.3,0.0,51,14.1
2026-05-11,5.797,28.8,34.9,22.8,4.7,39,19.6
2026-05-12,6.144,30.0,35.4,24.1,0.1,8,14.9
2026-05-13,6.144,30.4,36.7,25.0,0.0,19,12.5
2026-05-14,6.289,29.3,37.2,21.7,0.3,53,18.2
2026-05-15,6.156,29.1,34.6,22.7,0.0,59,16.9
2026-05-16,6.572,30.7,37.4,23.9,0.1,12,12.5
2026-05-17,6.817,31.8,38.8,25.4,0.0,9,14.9
2026-05-18,6.814,33.7,40.7,26.4,0.0,4,10.5
2026-05-19,6.981,34.6,41.7,28.3,0.0,0,12.4
2026-05-20,6.947,34.3,42.6,26.3,0.0,7,15.0
2026-05-21,6.381,34.8,41.2,29.1,0.0,20,22.0
2026-05-22,6.142,32.6,37.8,26.4,0.5,38,23.9
2026-05-23,6.617,32.4,38.1,26.1,0.0,17,15.7
2026-05-24,6.45,32.4,38.8,27.3,0.0,19,21.0
2026-05-25,6.783,33.5,39.9,27.8,0.0,7,17.9
2026-05-26,7.097,33.5,40.2,25.4,0.0,0,16.5
2026-05-27,6.961,34.9,42.3,27.3,0.0,3,14.8
2026-05-28,6.058,34.3,40.1,28.4,0.0,27,18.7
2026-05-29,6.636,31.7,38.0,24.4,0.2,23,19.1
2026-05-30,4.817,25.8,28.7,21.7,1.8,44,23.9
2026-05-31,6.222,27.8,33.1,22.1,0.0,13,16.3
2026-06-01,6.136,30.3,35.2,25.0,0.4,18,7.5
2026-06-02,6.461,31.8,36.8,26.1,0.2,17,10.1
2026-06-03,6.389,31.3,35.8,26.2,0.5,32,10.4
2026-06-04,5.95,31.3,37.9,26.8,5.6,20,24.4
2026-06-05,6.756,30.5,36.2,24.2,0.0,15,9.8
2026-06-06,6.85,33.6,39.2,27.8,0.0,2,10.2
2026-06-07,6.936,33.9,39.5,27.6,0.0,1,7.7
2026-06-08,6.753,35.0,40.7,28.3,0.0,3,18.8
2026-06-09,6.572,35.7,41.7,28.6,0.0,10,12.9
2026-06-10,6.8,36.6,42.5,30.7,0.2,6,8.2
2026-06-11,6.414,34.5,41.7,26.0,0.0,16,22.4
2026-06-12,5.767,28.6,33.2,23.0,1.0,27,20.7
2026-06-13,5.081,25.7,30.4,21.2,20.2,49,23.2
2026-06-14,6.761,28.9,34.8,22.6,0.0,1,6.3
2026-06-15,6.075,29.7,34.8,25.5,0.8,15,19.5
2026-06-16,5.197,28.8,33.8,25.3,0.2,33,14.2
2026-06-17,6.339,30.8,35.3,26.3,0.2,9,7.9
2026-06-18,6.317,31.4,36.4,26.9,0.5,17,12.9
2026-06-19,5.431,29.3,33.4,26.6,1.0,42,14.3
2026-06-20,6.661,30.9,36.1,25.7,0.0,20,8.9
2026-06-21,6.242,30.9,36.3,26.5,0.8,31,18.5
2026-06-22,5.872,29.2,33.6,25.0,0.1,50,10.6
2026-06-23,6.544,31.4,35.5,27.1,0.5,4,11.9
2026-06-24,6.547,31.8,37.2,26.0,0.5,24,16.3
2026-06-25,3.367,27.7,31.5,24.1,7.0,54,18.6
2026-06-26,6.331,31.2,35.0,27.1,0.1,8,7.7
2026-06-27,6.639,32.8,36.9,28.4,0.0,3,6.9
2026-06-28,6.483,32.7,37.7,26.1,7.5,15,9.9
2026-06-29,6.564,33.4,38.0,29.3,0.0,17,14.2
2026-06-30,5.861,33.0,36.6,28.5,0.2,26,19.5
2026-07-01,5.761,31.1,34.8,26.4,6.2,41,19.6
2026-07-02,5.911,29.5,34.0,25.8,2.2,36,15.0
2026-07-03,6.281,31.8,35.2,28.2,0.7,13,13.0
2026-07-04,6.275,32.2,36.1,27.5,0.4,16,11.0
2026-07-05,5.914,32.0,35.8,24.5,2.2,39,10.1
2026-07-06,6.386,31.3,34.4,27.3,6.2,42,14.4
2026-07-07,5.644,31.1,35.2,25.3,7.1,35,17.9
2026-07-08,5.583,30.3,33.8,26.1,4.6,52,14.2
2026-07-09,5.906,30.4,34.8,26.4,0.3,23,16.9
2026-07-10,6.075,30.1,34.1,26.2,1.2,26,12.8
2026-07-11,4.897,29.1,33.1,25.6,2.7,52,13.2
2026-07-12,3.614,27.2,31.1,24.3,21.1,56,19.9
2026-07-13,3.853,29.0,32.9,25.3,0.3,45,9.5
2026-07-14,4.919,30.9,34.5,27.0,0.0,59,8.9
2026-07-15,5.617,30.4,33.7,26.9,0.2,30,9.4
2026-07-16,6.311,31.7,34.8,27.9,0.3,13,6.9
2026-07-17,6.35,32.4,36.6,29.2,0.1,16,10.2
2026-07-18,6.325,32.9,36.6,29.0,0.0,60,9.8
2026-07-19,4.483,31.9,34.2,29.8,0.2,98,10.9
2026-07-20,4.683,29.7,32.3,27.4,2.5,87,13.5
2026-07-21,2.792,27.4,29.2,25.9,28.0,92,19.7
2026-07-22,3.689,26.7,29.2,24.3,24.0,95,17.7
2026-07-23,1.789,26.7,29.2,25.0,53.1,93,13.5
2026-07-24,5.431,28.9,32.4,25.5,5.7,74,9.8
2026-07-25,3.842,27.8,31.6,25.2,30.7,80,12.5
2026-07-26,5.803,30.1,33.9,26.6,0.7,48,8.2
2026-07-27,6.161,31.1,34.3,26.4,1.4,44,14.3
2026-07-28,5.603,30.4,32.9,26.6,5.1,86,13.4
2026-07-29,4.292,28.5,31.7,25.7,1.5,55,13.0
2026-07-30,5.831,29.5,33.1,26.0,2.2,65,11.7
2026-07-31,4.853,28.3,32.0,24.8,19.1,74,16.5
2026-08-01,6.075,29.5,33.1,25.8,6.7,33,15.1
2026-08-02,5.678,30.6,33.7,27.8,1.0,28,10.8
2026-08-03,5.675,30.0,34.2,27.6,2.8,46,11.0
2026-08-04,5.514,29.2,32.5,27.0,3.7,56,11.3
2026-08-05,6.083,29.9,33.6,26.1,4.6,18,11.1
2026-08-06,6.172,29.4,33.3,25.1,8.9,32,17.9
2026-08-07,5.608,28.9,32.7,24.0,1.0,25,13.0
2026-08-08,3.228,28.0,30.7,26.9,3.7,73,10.5
2026-08-09,4.886,29.1,31.8,26.5,1.8,63,7.2
2026-08-10,5.753,30.3,33.6,27.6,1.8,68,11.4
2026-08-11,4.4,29.1,32.6,26.7,2.8,72,11.2
2026-08-12,5.964,30.5,33.9,26.7,0.0,26,7.8
2026-08-13,5.783,31.7,35.2,29.0,0.8,18,7.0
2026-08-14,5.247,29.8,32.5,26.8,13.6,41,10.0
2026-08-15,5.931,29.6,33.0,25.9,3.1,29,9.7
2026-08-16,5.933,29.2,33.7,24.8,6.0,23,7.6
2026-08-17,5.769,29.4,33.7,24.9,11.8,20,11.8
2026-08-18,5.692,30.0,33.9,25.0,4.2,23,10.8
2026-08-19,5.369,28.6,32.1,25.5,9.5,59,14.8
2026-08-20,5.664,28.9,32.5,25.5,8.8,24,11.5
2026-08-21,5.772,29.7,33.1,26.7,1.0,12,8.2
2026-08-22,5.853,29.8,33.6,24.4,6.7,16,10.3
2026-08-23,5.869,30.0,33.9,25.1,2.4,12,16.9
2026-08-24,5.847,30.7,34.1,27.2,0.0,5,8.3
2026-08-25,5.897,31.1,34.7,28.0,0.0,9,7.9
2026-08-26,5.889,31.4,35.2,28.0,0.1,4,7.9
2026-08-27,5.8,31.2,35.5,25.6,0.0,6,10.3
2026-08-28,5.708,31.4,35.1,28.1,0.1,10,16.2
2026-08-29,5.583,31.7,34.8,28.9,0.0,9,8.3
2026-08-30,5.597,31.6,34.9,28.4,0.0,8,9.4
2026-08-31,5.564,30.6,34.5,26.5,0.0,13,12.1
2026-09-01,5.272,30.6,34.2,27.1,0.4,17,13.5
2026-09-02,5.458,29.6,33.8,24.9,6.6,22,9.5
2026-09-03,5.436,29.6,33.8,24.5,4.5,21,13.8
2026-09-04,5.231,29.2,33.7,25.2,6.3,20,11.6
2026-09-05,5.089,28.3,32.6,22.6,5.0,19,17.7
2026-09-06,5.358,27.7,31.2,23.2,1.3,12,24.1
2026-09-07,5.614,28.9,33.2,24.9,0.0,1,5.4
2026-09-08,5.592,29.7,33.9,25.6,0.0,1,7.1
2026-09-09,5.367,30.5,34.5,27.3,0.0,6,9.4
2026-09-10,5.325,30.5,34.6,26.7,0.0,4,6.7
2026-09-11,5.539,30.5,34.5,26.4,0.0,1,12.7
2026-09-12,4.969,29.6,32.9,26.4,1.1,9,13.5
2026-09-13,5.069,29.9,33.7,26.8,0.0,5,11.5
2026-09-14,5.111,28.9,32.6,25.6,0.3,3,11.2
2026-09-15,5.006,28.2,32.2,24.0,1.2,20,11.7
2026-09-16,5.042,28.0,32.1,23.8,2.2,29,19.1
2026-09-17,5.239,26.1,30.0,22.0,10.0,30,18.2
2026-09-18,5.147,26.3,31.0,20.6,1.6,9,11.8
2026-09-19,5.347,27.6,32.0,23.4,0.0,0,6.0
2026-09-20,5.289,28.0,32.4,23.9,0.0,2,8.0
2026-09-21,5.236,28.4,33.0,24.1,0.0,1,8.4
2026-09-22,4.953,29.3,33.6,25.6,0.0,5,8.4
2026-09-23,4.875,29.6,33.8,26.2,0.9,6,7.1
2026-09-24,4.7,28.4,32.8,25.2,0.0,17,15.6
2026-09-25,4.222,27.3,30.4,25.2,5.6,19,11.1
2026-09-26,5.111,27.8,32.3,23.6,0.0,0,7.8
2026-09-27,4.75,27.1,31.4,23.5,0.0,4,14.8
2026-09-28,4.564,25.2,29.3,21.9,0.2,24,15.9
2026-09-29,5.008,26.0,31.1,22.0,0.0,0,10.6
2026-09-30,4.992,26.4,32.0,21.4,0.0,1,9.0
2026-10-01,4.775,27.9,33.2,23.2,0.0,3,8.5
2026-10-02,4.753,28.4,33.6,23.1,0.0,2,6.4
2026-10-03,4.794,28.9,33.8,24.5,0.0,0,6.9
2026-10-04,4.756,28.7,33.5,24.2,0.0,0,6.1
2026-10-05,4.728,29.0,33.5,24.6,0.0,0,6.1
2026-10-06,4.306,28.4,33.3,24.0,1.3,28,18.1
2026-10-07,4.256,27.2,31.8,22.2,26.4,34,15.2
2026-10-08,4.286,26.8,31.4,22.5,4.0,16,18.0
