site,date,generated_kwh,peak_kw,peak_time,conditions,temp_text,source,flags
manalil,2023-06-24,11.624,2.302,11:35AM,Mostly Cloudy,43 to 74C,bmt_full_1164.json,
manalil,2023-06-25,12.07,2.572,2:00PM,Mostly Cloudy,0 to 75C,bmt_full_1164.json,
manalil,2023-06-26,12.95,2.234,12:10PM,Partly Cloudy,0 to 75C,bmt_full_1164.json,
manalil,2023-06-27,4.964,1.412,12:35PM,Cloudy,0 to 53C,bmt_full_1164.json,
manalil,2023-06-28,10.562,2.538,11:30AM,Mostly Cloudy,0 to 74C,bmt_full_1164.json,
manalil,2023-06-29,10.29,2.761,2:10PM,Mostly Cloudy,0 to 70C,bmt_full_1164.json,
manalil,2023-06-30,14.543,2.43,1:20PM,Partly Cloudy,0 to 75C,bmt_full_1164.json,
manalil,2023-07-01,14.133,2.391,11:40AM,Partly Cloudy,0 to 74C,bmt_full_1164.json,
manalil,2023-07-02,10.92,2.042,2:10PM,Mostly Cloudy,0 to 70C,bmt_full_1164.json,
manalil,2023-07-03,0.054,0.011,7:30PM,Showers,38 to 38C,bmt_full_1164.json,
manalil,2023-07-04,3.998,1.025,1:25PM,Cloudy,0 to 50C,bmt_full_1164.json,
manalil,2023-07-05,9.362,2.588,12:35PM,Mostly Cloudy,0 to 74C,bmt_full_1164.json,
manalil,2023-07-06,8.026,2.148,12:35PM,Mostly Cloudy,0 to 66C,bmt_full_1164.json,
manalil,2023-07-07,9.633,2.615,11:50AM,Mostly Cloudy,0 to 68C,bmt_full_1164.json,
manalil,2023-07-08,13.186,2.741,1:00PM,Partly Cloudy,0 to 74C,bmt_full_1164.json,
manalil,2023-07-09,12.19,2.479,10:40AM,Mostly Cloudy,0 to 74C,bmt_full_1164.json,
manalil,2023-07-10,13.472,2.248,1:20PM,Partly Cloudy,0 to 75C,bmt_full_1164.json,
manalil,2023-07-11,12.244,2.254,2:40PM,Mostly Cloudy,0 to 75C,bmt_full_1164.json,
manalil,2023-07-12,14.742,2.226,12:20PM,Partly Cloudy,0 to 75C,bmt_full_1164.json,
manalil,2023-07-13,13.883,2.551,12:10PM,Partly Cloudy,0 to 75C,bmt_full_1164.json,
manalil,2023-07-14,11.16,2.818,12:45PM,Mostly Cloudy,0 to 74C,bmt_full_1164.json,
manalil,2023-07-15,14.703,2.462,12:25PM,Partly Cloudy,0 to 75C,bmt_full_1164.json,
manalil,2023-07-16,13.413,2.544,11:55AM,Partly Cloudy,0 to 72C,bmt_full_1164.json,
manalil,2023-07-17,14.542,2.259,12:25PM,Partly Cloudy,0 to 74C,bmt_full_1164.json,
manalil,2023-07-18,11.06,2.269,11:25AM,Mostly Cloudy,0 to 67C,bmt_full_1164.json,
manalil,2023-07-19,13.724,2.626,11:45AM,Partly Cloudy,0 to 74C,bmt_full_1164.json,
manalil,2023-07-20,15.066,2.493,11:25AM,Partly Cloudy,0 to 75C,bmt_full_1164.json,
manalil,2023-07-21,15.298,2.322,12:35PM,Partly Cloudy,0 to 75C,bmt_full_1164.json,
manalil,2023-07-22,14.528,2.242,11:50AM,Partly Cloudy,0 to 74C,bmt_full_1164.json,
manalil,2023-07-23,13.286,2.685,1:20PM,Partly Cloudy,0 to 75C,bmt_full_1164.json,
manalil,2023-07-24,12.116,2.611,11:30AM,Mostly Cloudy,0 to 75C,bmt_full_1164.json,
manalil,2023-07-25,9.785,2.034,9:55AM,Mostly Cloudy,0 to 67C,bmt_full_1164.json,
manalil,2023-07-26,10.922,2.44,1:15PM,Mostly Cloudy,0 to 70C,bmt_full_1164.json,
manalil,2023-07-27,10.438,2.473,12:15PM,Mostly Cloudy,0 to 71C,bmt_full_1164.json,
manalil,2023-07-28,15.168,2.352,12:00PM,Partly Cloudy,0 to 74C,bmt_full_1164.json,
manalil,2023-07-29,14.884,2.536,11:30AM,Partly Cloudy,0 to 75C,bmt_full_1164.json,
manalil,2023-07-30,13.321,2.312,11:45AM,Partly Cloudy,0 to 75C,bmt_full_1164.json,
manalil,2023-07-31,13.89,2.28,12:00PM,Partly Cloudy,0 to 75C,bmt_full_1164.json,
manalil,2023-08-01,13.994,2.466,12:55PM,Partly Cloudy,0 to 75C,bmt_full_1164.json,
manalil,2023-08-02,13.54,2.39,12:15PM,Partly Cloudy,0 to 75C,bmt_full_1164.json,
manalil,2023-08-03,14.167,2.364,12:15PM,Partly Cloudy,0 to 75C,bmt_full_1164.json,
manalil,2023-08-04,15.046,2.394,12:00PM,Partly Cloudy,0 to 75C,bmt_full_1164.json,
manalil,2023-08-05,12.868,2.383,12:15PM,Partly Cloudy,0 to 76C,bmt_full_1164.json,
manalil,2023-08-06,14.796,2.567,11:45AM,Partly Cloudy,0 to 75C,bmt_full_1164.json,
manalil,2023-08-07,14.122,2.445,12:25PM,Partly Cloudy,0 to 76C,bmt_full_1164.json,
manalil,2023-08-08,14.422,2.373,12:15PM,Partly Cloudy,0 to 74C,bmt_full_1164.json,
manalil,2023-08-09,10.962,2.041,1:15PM,Mostly Cloudy,0 to 70C,bmt_full_1164.json,
manalil,2023-08-10,9.274,2.428,12:30PM,Mostly Cloudy,0 to 72C,bmt_full_1164.json,
manalil,2023-08-11,13.974,2.401,12:35PM,Partly Cloudy,0 to 74C,bmt_full_1164.json,
manalil,2023-08-12,14.828,2.361,12:35PM,Partly Cloudy,0 to 75C,bmt_full_1164.json,
manalil,2023-08-13,14.233,2.441,12:25PM,Partly Cloudy,0 to 74C,bmt_full_1164.json,
manalil,2023-08-14,13.64,2.252,12:50PM,Partly Cloudy,0 to 74C,bmt_full_1164.json,
manalil,2023-08-15,14.304,2.315,12:20PM,Partly Cloudy,0 to 75C,bmt_full_1164.json,
manalil,2023-08-16,14.084,2.325,11:55AM,Partly Cloudy,0 to 75C,bmt_full_1164.json,
manalil,2023-08-17,13.958,2.357,12:05PM,Partly Cloudy,0 to 76C,bmt_full_1164.json,
manalil,2023-08-18,13.248,2.291,1:25PM,Partly Cloudy,0 to 74C,bmt_full_1164.json,
manalil,2023-08-19,14.0,2.473,12:15PM,Partly Cloudy,0 to 77C,bmt_full_1164.json,
manalil,2023-08-20,14.406,2.397,12:35PM,Partly Cloudy,0 to 77C,bmt_full_1164.json,
manalil,2023-08-21,14.103,2.492,11:55AM,Partly Cloudy,0 to 76C,bmt_full_1164.json,
manalil,2023-08-22,14.628,2.351,12:35PM,Partly Cloudy,0 to 76C,bmt_full_1164.json,
manalil,2023-08-23,13.636,2.444,1:05PM,Partly Cloudy,0 to 77C,bmt_full_1164.json,
manalil,2023-08-24,14.274,2.41,12:25PM,Partly Cloudy,0 to 77C,bmt_full_1164.json,
manalil,2023-08-25,13.859,2.383,12:05PM,Partly Cloudy,0 to 77C,bmt_full_1164.json,
manalil,2023-08-26,14.34,2.401,12:15PM,Partly Cloudy,0 to 78C,bmt_full_1164.json,
manalil,2023-08-27,13.596,2.387,12:25PM,Partly Cloudy,0 to 78C,bmt_full_1164.json,
manalil,2023-08-28,14.092,2.362,12:25PM,Partly Cloudy,0 to 78C,bmt_full_1164.json,
manalil,2023-08-29,12.646,2.557,1:05PM,Partly Cloudy,0 to 76C,bmt_full_1164.json,
manalil,2023-08-30,12.862,2.508,1:15PM,Partly Cloudy,0 to 76C,bmt_full_1164.json,
manalil,2023-08-31,11.284,2.576,1:20PM,Mostly Cloudy,0 to 79C,bmt_full_1164.json,
manalil,2023-09-01,14.142,2.425,12:40PM,Partly Cloudy,0 to 78C,bmt_full_1164.json,
manalil,2023-09-02,7.198,1.632,12:30PM,Cloudy,0 to 60C,bmt_full_1164.json,
manalil,2023-09-03,8.174,2.698,2:20PM,Mostly Cloudy,0 to 71C,bmt_full_1164.json,
manalil,2023-09-04,12.242,2.56,12:40PM,Mostly Cloudy,0 to 74C,bmt_full_1164.json,
manalil,2023-09-05,9.608,2.18,2:10PM,Mostly Cloudy,0 to 68C,bmt_full_1164.json,
manalil,2023-09-06,10.316,2.534,12:20PM,Mostly Cloudy,0 to 75C,bmt_full_1164.json,
manalil,2023-09-07,7.917,2.4,1:25PM,Mostly Cloudy,0 to 71C,bmt_full_1164.json,
manalil,2023-09-08,8.49,1.939,2:35PM,Mostly Cloudy,0 to 64C,bmt_full_1164.json,
manalil,2023-09-09,13.531,2.882,12:45PM,Partly Cloudy,0 to 76C,bmt_full_1164.json,
manalil,2023-09-10,10.986,2.415,2:15PM,Mostly Cloudy,0 to 70C,bmt_full_1164.json,
manalil,2023-09-11,8.736,2.769,2:05PM,Mostly Cloudy,0 to 66C,bmt_full_1164.json,
manalil,2023-09-12,12.641,2.736,12:45PM,Partly Cloudy,0 to 73C,bmt_full_1164.json,
manalil,2023-09-13,11.151,2.674,12:20PM,Mostly Cloudy,0 to 76C,bmt_full_1164.json,
manalil,2023-09-14,11.278,2.413,12:35PM,Mostly Cloudy,0 to 76C,bmt_full_1164.json,
manalil,2023-09-15,11.796,2.793,12:05PM,Mostly Cloudy,0 to 76C,bmt_full_1164.json,
manalil,2023-09-16,5.202,1.349,10:35AM,Cloudy,0 to 54C,bmt_full_1164.json,
manalil,2023-09-17,8.672,1.616,1:45PM,Mostly Cloudy,0 to 62C,bmt_full_1164.json,
manalil,2023-09-18,10.73,2.691,1:45PM,Mostly Cloudy,0 to 74C,bmt_full_1164.json,
manalil,2023-09-19,9.058,2.617,12:05PM,Mostly Cloudy,0 to 74C,bmt_full_1164.json,
manalil,2023-09-20,11.772,2.756,12:10PM,Mostly Cloudy,0 to 74C,bmt_full_1164.json,
manalil,2023-09-21,9.118,2.454,12:30PM,Mostly Cloudy,0 to 78C,bmt_full_1164.json,
manalil,2023-09-22,9.488,2.714,12:10PM,Mostly Cloudy,0 to 73C,bmt_full_1164.json,
manalil,2023-09-23,12.824,2.394,12:20PM,Partly Cloudy,0 to 77C,bmt_full_1164.json,
manalil,2023-09-24,12.091,2.418,12:35PM,Mostly Cloudy,0 to 77C,bmt_full_1164.json,
manalil,2023-09-25,12.448,2.507,12:40PM,Partly Cloudy,0 to 77C,bmt_full_1164.json,
manalil,2023-09-26,11.854,2.406,12:10PM,Mostly Cloudy,0 to 77C,bmt_full_1164.json,
manalil,2023-09-27,11.98,2.698,12:15PM,Mostly Cloudy,0 to 79C,bmt_full_1164.json,
manalil,2023-09-28,10.144,2.586,12:00PM,Mostly Cloudy,0 to 74C,bmt_full_1164.json,
manalil,2023-09-29,2.1,0.443,2:30PM,Showers,0 to 43C,bmt_full_1164.json,
manalil,2023-09-30,5.501,1.355,11:40AM,Cloudy,0 to 56C,bmt_full_1164.json,
manalil,2023-10-01,8.958,2.608,1:05PM,Mostly Cloudy,0 to 76C,bmt_full_1164.json,
manalil,2023-10-02,7.92,2.324,12:25PM,Mostly Cloudy,0 to 71C,bmt_full_1164.json,
manalil,2023-10-03,1.535,0.751,9:40AM,Showers,0 to 45C,bmt_full_1164.json,
manalil,2023-10-04,9.214,2.578,12:10PM,Mostly Cloudy,0 to 65C,bmt_full_1164.json,
manalil,2023-10-05,12.365,2.357,12:20PM,Partly Cloudy,0 to 76C,bmt_full_1164.json,
manalil,2023-10-06,12.314,2.404,12:10PM,Mostly Cloudy,0 to 78C,bmt_full_1164.json,
manalil,2023-10-07,11.047,2.363,12:45PM,Mostly Cloudy,0 to 77C,bmt_full_1164.json,
manalil,2023-10-08,8.362,2.259,12:25PM,Mostly Cloudy,0 to 74C,bmt_full_1164.json,
manalil,2023-10-09,11.008,2.409,12:45PM,Mostly Cloudy,0 to 76C,bmt_full_1164.json,
manalil,2023-10-10,9.858,2.528,12:45PM,Mostly Cloudy,0 to 76C,bmt_full_1164.json,
manalil,2023-10-11,10.606,2.358,1:15PM,Mostly Cloudy,0 to 74C,bmt_full_1164.json,
manalil,2023-10-12,6.618,2.284,12:35PM,Cloudy,0 to 63C,bmt_full_1164.json,
manalil,2023-10-13,10.141,2.344,1:25PM,Mostly Cloudy,0 to 74C,bmt_full_1164.json,
manalil,2023-10-14,7.96,2.339,1:00PM,Mostly Cloudy,0 to 70C,bmt_full_1164.json,
manalil,2023-10-15,6.988,1.879,1:25PM,Cloudy,0 to 65C,bmt_full_1164.json,
manalil,2023-10-16,9.494,2.484,12:55PM,Mostly Cloudy,0 to 75C,bmt_full_1164.json,
manalil,2023-10-17,6.99,2.68,1:15PM,Cloudy,0 to 75C,bmt_full_1164.json,
manalil,2023-10-18,8.153,2.342,12:35PM,Mostly Cloudy,0 to 69C,bmt_full_1164.json,
manalil,2023-10-19,8.512,2.229,2:05PM,Mostly Cloudy,0 to 72C,bmt_full_1164.json,
manalil,2023-10-20,9.872,2.048,1:25PM,Mostly Cloudy,0 to 73C,bmt_full_1164.json,
manalil,2023-10-21,10.106,2.069,1:15PM,Mostly Cloudy,0 to 74C,bmt_full_1164.json,
manalil,2023-10-22,9.038,2.061,1:40PM,Mostly Cloudy,0 to 72C,bmt_full_1164.json,
manalil,2023-10-23,5.57,1.932,12:55PM,Cloudy,0 to 68C,bmt_full_1164.json,
manalil,2023-10-24,8.27,2.058,12:55PM,Mostly Cloudy,0 to 71C,bmt_full_1164.json,
manalil,2023-10-25,0.288,0.012,12:00AM,Showers,43 to 43C,bmt_full_1164.json,
manalil,2023-10-26,2.305,1.373,3:05PM,Showers,43 to 62C,bmt_full_1164.json,
manalil,2023-10-27,9.042,2.01,1:25PM,Mostly Cloudy,0 to 74C,bmt_full_1164.json,
manalil,2023-10-28,8.665,1.82,1:35PM,Mostly Cloudy,0 to 71C,bmt_full_1164.json,
manalil,2023-10-29,7.729,2.219,2:10PM,Mostly Cloudy,0 to 69C,bmt_full_1164.json,
manalil,2023-10-30,21.69,1.518,12:15PM,Fine,0 to 62C,bmt_full_1164.json,
manalil,2023-10-31,25.061,1.518,12:00AM,Fine,44 to 62C,bmt_full_1164.json,
manalil,2023-11-01,6.673,1.989,12:35PM,Cloudy,43 to 70C,bmt_full_1164.json,
manalil,2023-11-02,2.261,2.448,2:25PM,Showers,43 to 67C,bmt_full_1164.json,
manalil,2023-11-03,3.539,1.643,12:20PM,Cloudy,40 to 64C,bmt_full_1164.json,
manalil,2023-11-04,7.384,1.405,2:05PM,Cloudy,0 to 58C,bmt_full_1164.json,
manalil,2023-11-05,9.112,2.246,1:25PM,Mostly Cloudy,0 to 77C,bmt_full_1164.json,
manalil,2023-11-06,8.173,2.188,2:05PM,Mostly Cloudy,0 to 77C,bmt_full_1164.json,
manalil,2023-11-07,7.65,1.881,12:35PM,Cloudy,0 to 72C,bmt_full_1164.json,
manalil,2023-11-08,5.585,1.69,1:35PM,Cloudy,0 to 63C,bmt_full_1164.json,
manalil,2023-11-09,8.681,2.23,2:35PM,Mostly Cloudy,0 to 72C,bmt_full_1164.json,
manalil,2023-11-10,6.208,1.924,12:35PM,Cloudy,0 to 64C,bmt_full_1164.json,
manalil,2023-11-11,7.622,2.019,12:55PM,Cloudy,0 to 74C,bmt_full_1164.json,
manalil,2023-11-12,8.181,1.739,1:35PM,Mostly Cloudy,0 to 72C,bmt_full_1164.json,
manalil,2023-11-13,6.459,1.372,11:55AM,Cloudy,0 to 61C,bmt_full_1164.json,
manalil,2023-11-14,5.424,1.45,11:45AM,Cloudy,0 to 58C,bmt_full_1164.json,
manalil,2023-11-15,8.37,1.895,2:05PM,Mostly Cloudy,0 to 72C,bmt_full_1164.json,
manalil,2023-11-16,9.305,1.955,1:25PM,Mostly Cloudy,0 to 75C,bmt_full_1164.json,
manalil,2023-11-17,8.759,1.958,1:25PM,Mostly Cloudy,0 to 73C,bmt_full_1164.json,
manalil,2023-11-18,8.584,1.868,1:05PM,Mostly Cloudy,0 to 73C,bmt_full_1164.json,
manalil,2023-11-19,2.11,0.358,9:05AM,Showers,0 to 48C,bmt_full_1164.json,
manalil,2023-11-20,7.424,2.094,1:35PM,Cloudy,0 to 73C,bmt_full_1164.json,
manalil,2023-11-21,8.156,1.889,1:05PM,Mostly Cloudy,0 to 74C,bmt_full_1164.json,
manalil,2023-11-22,4.298,1.161,12:15PM,Cloudy,0 to 59C,bmt_full_1164.json,
manalil,2023-11-23,6.495,1.864,12:25PM,Cloudy,0 to 69C,bmt_full_1164.json,
manalil,2023-11-24,5.538,2.089,12:45PM,Cloudy,0 to 62C,bmt_full_1164.json,
manalil,2023-11-25,6.135,2.128,1:35PM,Cloudy,0 to 76C,bmt_full_1164.json,
manalil,2023-11-26,8.267,1.978,1:35PM,Mostly Cloudy,0 to 76C,bmt_full_1164.json,
manalil,2023-11-27,6.941,2.019,2:05PM,Cloudy,0 to 75C,bmt_full_1164.json,
manalil,2023-11-28,6.082,0.974,12:35PM,Cloudy,0 to 58C,bmt_full_1164.json,
manalil,2023-11-29,8.347,1.963,1:40PM,Mostly Cloudy,0 to 71C,bmt_full_1164.json,
manalil,2023-11-30,7.941,2.653,1:25PM,Mostly Cloudy,0 to 77C,bmt_full_1164.json,
manalil,2023-12-01,7.601,2.099,2:30PM,Cloudy,0 to 73C,bmt_full_1164.json,
manalil,2023-12-02,8.765,2.4,1:35PM,Mostly Cloudy,0 to 78C,bmt_full_1164.json,
manalil,2023-12-03,8.968,2.158,1:35PM,Mostly Cloudy,0 to 77C,bmt_full_1164.json,
manalil,2023-12-04,8.214,2.03,1:40PM,Mostly Cloudy,0 to 77C,bmt_full_1164.json,
manalil,2023-12-05,7.58,2.226,1:30PM,Cloudy,0 to 77C,bmt_full_1164.json,
manalil,2023-12-06,8.2,2.037,1:40PM,Mostly Cloudy,0 to 80C,bmt_full_1164.json,
manalil,2023-12-07,7.859,1.935,1:50PM,Mostly Cloudy,0 to 77C,bmt_full_1164.json,
manalil,2023-12-08,9.798,2.031,1:30PM,Mostly Cloudy,0 to 76C,bmt_full_1164.json,
manalil,2023-12-09,8.423,1.904,1:35PM,Mostly Cloudy,0 to 71C,bmt_full_1164.json,
manalil,2023-12-10,5.621,1.014,11:40AM,Cloudy,0 to 59C,bmt_full_1164.json,
manalil,2023-12-11,8.436,1.902,1:40PM,Mostly Cloudy,0 to 79C,bmt_full_1164.json,
manalil,2023-12-12,5.835,1.212,2:00PM,Cloudy,0 to 60C,bmt_full_1164.json,
manalil,2023-12-13,8.308,1.844,1:50PM,Mostly Cloudy,0 to 74C,bmt_full_1164.json,
manalil,2023-12-14,8.577,1.994,1:40PM,Mostly Cloudy,0 to 79C,bmt_full_1164.json,
manalil,2023-12-15,4.728,1.369,11:55AM,Cloudy,0 to 68C,bmt_full_1164.json,
manalil,2023-12-16,2.535,0.514,9:10AM,Showers,0 to 46C,bmt_full_1164.json,
manalil,2023-12-17,0.556,0.3,12:50PM,Showers,0 to 40C,bmt_full_1164.json,
manalil,2023-12-18,8.624,2.003,2:50PM,Mostly Cloudy,0 to 71C,bmt_full_1164.json,
manalil,2023-12-19,8.112,1.915,1:30PM,Mostly Cloudy,0 to 78C,bmt_full_1164.json,
manalil,2023-12-20,8.569,2.009,1:40PM,Mostly Cloudy,0 to 80C,bmt_full_1164.json,
manalil,2023-12-21,7.006,1.823,2:00PM,Cloudy,0 to 72C,bmt_full_1164.json,
manalil,2023-12-22,6.892,1.881,12:40PM,Cloudy,0 to 74C,bmt_full_1164.json,
manalil,2023-12-23,8.706,1.902,1:20PM,Mostly Cloudy,0 to 74C,bmt_full_1164.json,
manalil,2023-12-24,8.113,1.925,1:30PM,Mostly Cloudy,0 to 74C,bmt_full_1164.json,
manalil,2023-12-25,6.204,1.702,3:00PM,Cloudy,0 to 74C,bmt_full_1164.json,
manalil,2023-12-26,8.776,1.958,1:50PM,Mostly Cloudy,0 to 80C,bmt_full_1164.json,
manalil,2023-12-27,8.262,2.071,1:40PM,Mostly Cloudy,0 to 79C,bmt_full_1164.json,
manalil,2023-12-28,8.33,2.112,1:30PM,Mostly Cloudy,0 to 77C,bmt_full_1164.json,
manalil,2023-12-29,7.916,2.213,1:20PM,Mostly Cloudy,0 to 79C,bmt_full_1164.json,
manalil,2023-12-30,8.423,1.947,2:25PM,Mostly Cloudy,0 to 74C,bmt_full_1164.json,
manalil,2023-12-31,8.107,1.942,1:50PM,Mostly Cloudy,0 to 79C,bmt_full_1164.json,
manalil,2024-01-01,5.18,1.097,1:35PM,Cloudy,0 to 58C,bmt_full_1164.json,
manalil,2024-01-02,7.537,1.949,1:45PM,Cloudy,0 to 77C,bmt_full_1164.json,
manalil,2024-01-03,7.408,2.113,1:25PM,Cloudy,0 to 76C,bmt_full_1164.json,
manalil,2024-01-04,8.774,1.742,2:05PM,Mostly Cloudy,0 to 76C,bmt_full_1164.json,
manalil,2024-01-05,8.391,1.822,2:10PM,Mostly Cloudy,0 to 70C,bmt_full_1164.json,
manalil,2024-01-06,6.263,2.069,2:20PM,Cloudy,0 to 74C,bmt_full_1164.json,
manalil,2024-01-07,8.199,2.171,2:00PM,Mostly Cloudy,0 to 73C,bmt_full_1164.json,
manalil,2024-01-08,6.39,1.638,2:00PM,Cloudy,0 to 57C,bmt_full_1164.json,
manalil,2024-01-09,4.531,2.243,1:40PM,Cloudy,0 to 62C,bmt_full_1164.json,
manalil,2024-01-10,6.528,1.903,2:20PM,Cloudy,0 to 67C,bmt_full_1164.json,
manalil,2024-01-11,8.291,2.034,1:30PM,Mostly Cloudy,0 to 76C,bmt_full_1164.json,
manalil,2024-01-12,7.994,1.736,1:50PM,Mostly Cloudy,0 to 68C,bmt_full_1164.json,
manalil,2024-01-13,8.296,1.889,2:10PM,Mostly Cloudy,0 to 77C,bmt_full_1164.json,
manalil,2024-01-14,8.681,1.826,2:10PM,Mostly Cloudy,0 to 77C,bmt_full_1164.json,
manalil,2024-01-15,9.15,1.938,1:40PM,Mostly Cloudy,0 to 74C,bmt_full_1164.json,
manalil,2024-01-16,9.319,1.894,2:05PM,Mostly Cloudy,0 to 74C,bmt_full_1164.json,
manalil,2024-01-17,9.353,1.963,1:10PM,Mostly Cloudy,0 to 75C,bmt_full_1164.json,
manalil,2024-01-18,8.726,2.018,1:40PM,Mostly Cloudy,0 to 76C,bmt_full_1164.json,
manalil,2024-01-19,8.106,2.169,1:10PM,Mostly Cloudy,0 to 74C,bmt_full_1164.json,
manalil,2024-01-20,6.788,1.874,2:50PM,Cloudy,0 to 68C,bmt_full_1164.json,
manalil,2024-01-21,8.074,1.942,2:00PM,Mostly Cloudy,0 to 77C,bmt_full_1164.json,
manalil,2024-01-22,8.975,2.013,2:00PM,Mostly Cloudy,0 to 78C,bmt_full_1164.json,
manalil,2024-01-23,8.862,1.942,2:10PM,Mostly Cloudy,0 to 76C,bmt_full_1164.json,
manalil,2024-01-24,9.112,1.96,2:00PM,Mostly Cloudy,0 to 75C,bmt_full_1164.json,
manalil,2024-01-25,8.7,1.806,2:00PM,Mostly Cloudy,0 to 74C,bmt_full_1164.json,
manalil,2024-01-26,8.972,1.951,2:30PM,Mostly Cloudy,0 to 79C,bmt_full_1164.json,
manalil,2024-01-27,8.952,2.062,1:30PM,Mostly Cloudy,0 to 78C,bmt_full_1164.json,
manalil,2024-01-28,8.862,2.081,1:40PM,Mostly Cloudy,0 to 77C,bmt_full_1164.json,
manalil,2024-01-29,8.348,1.976,2:20PM,Mostly Cloudy,0 to 77C,bmt_full_1164.json,
manalil,2024-01-30,8.694,1.995,1:50PM,Mostly Cloudy,0 to 74C,bmt_full_1164.json,
manalil,2024-01-31,9.455,1.839,2:15PM,Mostly Cloudy,0 to 73C,bmt_full_1164.json,
manalil,2024-02-01,9.129,2.034,2:40PM,Mostly Cloudy,0 to 76C,bmt_full_1164.json,
manalil,2024-02-02,9.048,1.788,2:30PM,Mostly Cloudy,0 to 72C,bmt_full_1164.json,
manalil,2024-02-03,7.402,1.856,2:30PM,Cloudy,0 to 72C,bmt_full_1164.json,
manalil,2024-02-04,9.187,2.076,2:00PM,Mostly Cloudy,0 to 75C,bmt_full_1164.json,
manalil,2024-02-05,9.464,2.086,2:00PM,Mostly Cloudy,0 to 74C,bmt_full_1164.json,
manalil,2024-02-06,8.78,1.947,2:20PM,Mostly Cloudy,0 to 77C,bmt_full_1164.json,
manalil,2024-02-07,8.883,1.929,2:20PM,Mostly Cloudy,0 to 75C,bmt_full_1164.json,
manalil,2024-02-08,9.06,2.097,1:55PM,Mostly Cloudy,0 to 74C,bmt_full_1164.json,
manalil,2024-02-09,8.831,1.985,1:40PM,Mostly Cloudy,0 to 74C,bmt_full_1164.json,
manalil,2024-02-10,8.987,1.938,2:10PM,Mostly Cloudy,0 to 73C,bmt_full_1164.json,
manalil,2024-02-11,9.05,1.974,1:40PM,Mostly Cloudy,0 to 74C,bmt_full_1164.json,
manalil,2024-02-12,8.984,1.89,2:30PM,Mostly Cloudy,0 to 73C,bmt_full_1164.json,
manalil,2024-02-13,8.914,1.911,2:30PM,Mostly Cloudy,0 to 76C,bmt_full_1164.json,
manalil,2024-02-14,8.838,1.959,2:20PM,Mostly Cloudy,0 to 73C,bmt_full_1164.json,
manalil,2024-02-15,8.726,2.05,1:20PM,Mostly Cloudy,0 to 74C,bmt_full_1164.json,
manalil,2024-02-16,8.614,1.902,2:30PM,Mostly Cloudy,0 to 74C,bmt_full_1164.json,
manalil,2024-02-17,8.663,1.935,2:05PM,Mostly Cloudy,0 to 75C,bmt_full_1164.json,
manalil,2024-02-18,8.857,1.934,1:55PM,Mostly Cloudy,0 to 74C,bmt_full_1164.json,
manalil,2024-02-19,9.193,2.087,1:55PM,Mostly Cloudy,0 to 76C,bmt_full_1164.json,
manalil,2024-02-20,9.672,2.049,2:20PM,Mostly Cloudy,0 to 75C,bmt_full_1164.json,
manalil,2024-02-21,9.41,1.988,2:00PM,Mostly Cloudy,0 to 74C,bmt_full_1164.json,
manalil,2024-02-22,10.244,2.152,1:40PM,Mostly Cloudy,0 to 76C,bmt_full_1164.json,
manalil,2024-02-23,9.798,2.185,1:40PM,Mostly Cloudy,0 to 76C,bmt_full_1164.json,
manalil,2024-02-24,10.008,2.044,2:00PM,Mostly Cloudy,0 to 75C,bmt_full_1164.json,
manalil,2024-02-25,9.734,1.981,2:10PM,Mostly Cloudy,0 to 73C,bmt_full_1164.json,
manalil,2024-02-26,9.74,2.106,2:00PM,Mostly Cloudy,0 to 77C,bmt_full_1164.json,
manalil,2024-02-27,9.325,2.054,2:05PM,Mostly Cloudy,0 to 76C,bmt_full_1164.json,
manalil,2024-02-28,9.402,2.155,1:20PM,Mostly Cloudy,0 to 75C,bmt_full_1164.json,
manalil,2024-02-29,9.493,2.146,2:00PM,Mostly Cloudy,0 to 74C,bmt_full_1164.json,
manalil,2024-03-01,8.172,1.612,2:30PM,Mostly Cloudy,0 to 67C,bmt_full_1164.json,
manalil,2024-03-02,9.87,2.225,1:10PM,Mostly Cloudy,0 to 78C,bmt_full_1164.json,
manalil,2024-03-03,9.347,2.159,1:35PM,Mostly Cloudy,0 to 75C,bmt_full_1164.json,
manalil,2024-03-04,9.737,2.095,1:35PM,Mostly Cloudy,0 to 76C,bmt_full_1164.json,
manalil,2024-03-05,9.76,2.069,1:25PM,Mostly Cloudy,0 to 74C,bmt_full_1164.json,
manalil,2024-03-06,9.794,2.239,2:05PM,Mostly Cloudy,0 to 76C,bmt_full_1164.json,
manalil,2024-03-07,10.053,2.077,1:10PM,Mostly Cloudy,0 to 74C,bmt_full_1164.json,
manalil,2024-03-08,10.658,2.065,1:10PM,Mostly Cloudy,0 to 75C,bmt_full_1164.json,
manalil,2024-03-09,10.29,2.066,1:30PM,Mostly Cloudy,0 to 75C,bmt_full_1164.json,
manalil,2024-03-10,9.666,2.002,1:40PM,Mostly Cloudy,0 to 74C,bmt_full_1164.json,
manalil,2024-03-11,10.246,2.027,1:30PM,Mostly Cloudy,0 to 74C,bmt_full_1164.json,
manalil,2024-03-12,9.941,2.096,1:35PM,Mostly Cloudy,0 to 74C,bmt_full_1164.json,
manalil,2024-03-13,10.516,2.081,1:25PM,Mostly Cloudy,0 to 75C,bmt_full_1164.json,
manalil,2024-03-14,10.68,2.008,1:45PM,Mostly Cloudy,0 to 75C,bmt_full_1164.json,
manalil,2024-03-15,11.194,2.093,1:10PM,Mostly Cloudy,0 to 76C,bmt_full_1164.json,
manalil,2024-03-16,10.94,2.144,1:20PM,Mostly Cloudy,0 to 77C,bmt_full_1164.json,
manalil,2024-03-17,10.36,2.098,1:40PM,Mostly Cloudy,0 to 74C,bmt_full_1164.json,
manalil,2024-03-18,10.676,2.074,1:20PM,Mostly Cloudy,0 to 76C,bmt_full_1164.json,
manalil,2024-03-19,10.4,2.215,1:20PM,Mostly Cloudy,0 to 75C,bmt_full_1164.json,
manalil,2024-03-20,10.499,2.079,1:40PM,Mostly Cloudy,0 to 74C,bmt_full_1164.json,
manalil,2024-03-21,10.902,2.104,1:20PM,Mostly Cloudy,0 to 74C,bmt_full_1164.json,
manalil,2024-03-22,10.541,2.174,1:45PM,Mostly Cloudy,0 to 74C,bmt_full_1164.json,
manalil,2024-03-23,11.543,2.19,1:25PM,Mostly Cloudy,0 to 76C,bmt_full_1164.json,
manalil,2024-03-24,11.238,2.203,1:30PM,Mostly Cloudy,0 to 75C,bmt_full_1164.json,
manalil,2024-03-25,11.59,2.234,1:20PM,Mostly Cloudy,0 to 76C,bmt_full_1164.json,
manalil,2024-03-26,11.358,2.124,1:25PM,Mostly Cloudy,0 to 75C,bmt_full_1164.json,
manalil,2024-03-27,12.056,2.252,1:25PM,Mostly Cloudy,0 to 77C,bmt_full_1164.json,
manalil,2024-03-28,12.146,2.24,1:05PM,Mostly Cloudy,0 to 77C,bmt_full_1164.json,
manalil,2024-03-29,11.454,2.26,1:25PM,Mostly Cloudy,0 to 76C,bmt_full_1164.json,
manalil,2024-03-30,11.658,2.176,1:25PM,Mostly Cloudy,0 to 76C,bmt_full_1164.json,
manalil,2024-03-31,12.558,2.28,1:00PM,Partly Cloudy,0 to 77C,bmt_full_1164.json,
manalil,2024-04-01,12.916,2.292,12:35PM,Partly Cloudy,0 to 78C,bmt_full_1164.json,
manalil,2024-04-02,12.263,2.242,12:45PM,Mostly Cloudy,0 to 78C,bmt_full_1164.json,
manalil,2024-04-03,10.722,1.951,11:55AM,Mostly Cloudy,0 to 72C,bmt_full_1164.json,
manalil,2024-04-04,11.531,2.265,12:45PM,Mostly Cloudy,0 to 78C,bmt_full_1164.json,
manalil,2024-04-05,9.95,1.761,11:45AM,Mostly Cloudy,0 to 70C,bmt_full_1164.json,
manalil,2024-04-06,13.141,2.278,12:25PM,Partly Cloudy,0 to 78C,bmt_full_1164.json,
manalil,2024-04-07,13.088,2.308,12:45PM,Partly Cloudy,0 to 79C,bmt_full_1164.json,
manalil,2024-04-08,13.56,2.234,12:35PM,Partly Cloudy,0 to 78C,bmt_full_1164.json,
manalil,2024-04-09,12.996,2.276,12:30PM,Partly Cloudy,0 to 79C,bmt_full_1164.json,
manalil,2024-04-10,13.524,2.277,12:50PM,Partly Cloudy,0 to 78C,bmt_full_1164.json,
manalil,2024-04-11,13.498,2.286,12:20PM,Partly Cloudy,0 to 78C,bmt_full_1164.json,
manalil,2024-04-12,6.756,2.102,12:10PM,Cloudy,0 to 69C,bmt_full_1164.json,
manalil,2024-04-13,12.749,2.376,11:55AM,Partly Cloudy,0 to 80C,bmt_full_1164.json,
manalil,2024-04-14,12.618,2.3,12:25PM,Partly Cloudy,0 to 77C,bmt_full_1164.json,
manalil,2024-04-15,10.46,2.626,12:45PM,Mostly Cloudy,0 to 74C,bmt_full_1164.json,
manalil,2024-04-16,11.255,2.442,1:15PM,Mostly Cloudy,0 to 75C,bmt_full_1164.json,
manalil,2024-04-17,13.604,2.223,12:30PM,Partly Cloudy,0 to 78C,bmt_full_1164.json,
manalil,2024-04-18,12.856,2.232,12:00PM,Partly Cloudy,0 to 78C,bmt_full_1164.json,
manalil,2024-04-19,14.258,2.236,12:10PM,Partly Cloudy,0 to 79C,bmt_full_1164.json,
manalil,2024-04-20,13.334,2.303,12:25PM,Partly Cloudy,0 to 80C,bmt_full_1164.json,
manalil,2024-04-21,14.936,2.257,12:20PM,Partly Cloudy,0 to 80C,bmt_full_1164.json,
manalil,2024-04-22,15.212,2.315,12:20PM,Partly Cloudy,0 to 80C,bmt_full_1164.json,
manalil,2024-04-23,13.954,2.279,12:20PM,Partly Cloudy,0 to 79C,bmt_full_1164.json,
manalil,2024-04-24,12.988,2.244,11:35AM,Partly Cloudy,0 to 78C,bmt_full_1164.json,
manalil,2024-04-25,14.624,2.174,12:00PM,Partly Cloudy,0 to 79C,bmt_full_1164.json,
manalil,2024-04-26,12.682,2.243,12:20PM,Partly Cloudy,0 to 79C,bmt_full_1164.json,
manalil,2024-04-27,13.728,2.14,12:10PM,Partly Cloudy,0 to 79C,bmt_full_1164.json,
manalil,2024-04-28,13.402,2.235,12:20PM,Partly Cloudy,0 to 80C,bmt_full_1164.json,
manalil,2024-04-29,11.52,2.171,11:50AM,Mostly Cloudy,0 to 79C,bmt_full_1164.json,
manalil,2024-04-30,7.393,2.337,11:40AM,Cloudy,0 to 76C,bmt_full_1164.json,
manalil,2024-05-01,14.7,2.217,12:20PM,Partly Cloudy,0 to 78C,bmt_full_1164.json,
manalil,2024-05-02,13.886,2.146,1:10PM,Partly Cloudy,0 to 78C,bmt_full_1164.json,
manalil,2024-05-03,14.541,2.344,11:35AM,Partly Cloudy,0 to 79C,bmt_full_1164.json,
manalil,2024-05-04,13.498,2.282,12:05PM,Partly Cloudy,0 to 79C,bmt_full_1164.json,
manalil,2024-05-05,13.022,2.162,12:35PM,Partly Cloudy,0 to 78C,bmt_full_1164.json,
manalil,2024-05-06,14.715,2.173,12:35PM,Partly Cloudy,0 to 78C,bmt_full_1164.json,
manalil,2024-05-07,15.469,2.364,11:55AM,Fine,0 to 82C,bmt_full_1164.json,
manalil,2024-05-08,14.042,2.185,11:45AM,Partly Cloudy,0 to 78C,bmt_full_1164.json,
manalil,2024-05-09,13.076,2.297,12:30PM,Partly Cloudy,0 to 79C,bmt_full_1164.json,
manalil,2024-05-10,13.16,2.231,12:40PM,Partly Cloudy,0 to 78C,bmt_full_1164.json,
manalil,2024-05-11,13.738,2.043,11:10AM,Partly Cloudy,0 to 75C,bmt_full_1164.json,
manalil,2024-05-12,13.654,2.223,1:55PM,Partly Cloudy,0 to 77C,bmt_full_1164.json,
manalil,2024-05-13,9.59,2.476,12:35PM,Mostly Cloudy,0 to 82C,bmt_full_1164.json,
manalil,2024-05-14,10.894,2.281,11:05AM,Mostly Cloudy,0 to 72C,bmt_full_1164.json,
manalil,2024-05-15,9.364,2.533,12:25PM,Mostly Cloudy,0 to 79C,bmt_full_1164.json,
manalil,2024-05-16,8.282,2.153,11:30AM,Mostly Cloudy,0 to 75C,bmt_full_1164.json,
manalil,2024-05-17,7.536,1.658,9:00AM,Cloudy,0 to 62C,bmt_full_1164.json,
manalil,2024-05-18,8.432,1.814,12:40PM,Mostly Cloudy,0 to 67C,bmt_full_1164.json,
manalil,2024-05-19,10.072,2.144,12:30PM,Mostly Cloudy,0 to 70C,bmt_full_1164.json,
manalil,2024-05-20,4.32,1.972,1:30PM,Cloudy,0 to 62C,bmt_full_1164.json,
manalil,2024-05-21,7.599,2.259,1:25PM,Cloudy,0 to 68C,bmt_full_1164.json,
manalil,2024-05-22,4.126,1.516,11:25AM,Cloudy,0 to 64C,bmt_full_1164.json,
manalil,2024-05-23,4.376,1.037,2:25PM,Cloudy,0 to 53C,bmt_full_1164.json,
manalil,2024-05-24,4.944,1.761,1:55PM,Cloudy,0 to 58C,bmt_full_1164.json,
manalil,2024-05-25,7.716,2.092,1:25PM,Cloudy,0 to 70C,bmt_full_1164.json,
manalil,2024-05-26,4.5,1.632,3:25PM,Cloudy,0 to 58C,bmt_full_1164.json,
manalil,2024-05-27,10.996,2.235,12:10PM,Mostly Cloudy,0 to 73C,bmt_full_1164.json,
manalil,2024-05-28,4.483,1.379,1:25PM,Cloudy,0 to 55C,bmt_full_1164.json,
manalil,2024-05-29,3.499,0.974,11:40AM,Cloudy,0 to 50C,bmt_full_1164.json,
manalil,2024-05-30,8.965,2.327,11:35AM,Mostly Cloudy,0 to 70C,bmt_full_1164.json,
manalil,2024-05-31,14.039,2.252,12:15PM,Partly Cloudy,0 to 74C,bmt_full_1164.json,
manalil,2024-06-01,10.468,2.17,12:35PM,Mostly Cloudy,0 to 74C,bmt_full_1164.json,
manalil,2024-06-02,11.628,2.173,12:30PM,Mostly Cloudy,0 to 73C,bmt_full_1164.json,
manalil,2024-06-03,11.452,2.264,10:35AM,Mostly Cloudy,0 to 71C,bmt_full_1164.json,
manalil,2024-06-04,13.839,2.183,12:55PM,Partly Cloudy,0 to 76C,bmt_full_1164.json,
manalil,2024-06-05,13.82,2.521,10:45AM,Partly Cloudy,0 to 78C,bmt_full_1164.json,
manalil,2024-06-06,10.426,2.554,12:25PM,Mostly Cloudy,0 to 74C,bmt_full_1164.json,
manalil,2024-06-07,10.841,2.687,1:20PM,Mostly Cloudy,0 to 74C,bmt_full_1164.json,
manalil,2024-06-08,4.863,1.372,1:45PM,Cloudy,0 to 54C,bmt_full_1164.json,
manalil,2024-06-09,10.302,2.831,12:55PM,Mostly Cloudy,0 to 68C,bmt_full_1164.json,
manalil,2024-06-10,14.858,2.606,12:05PM,Partly Cloudy,0 to 76C,bmt_full_1164.json,
manalil,2024-06-11,14.622,2.36,2:00PM,Partly Cloudy,0 to 75C,bmt_full_1164.json,
manalil,2024-06-12,10.476,2.182,11:40AM,Mostly Cloudy,0 to 73C,bmt_full_1164.json,
manalil,2024-06-13,10.732,2.265,1:50PM,Mostly Cloudy,0 to 69C,bmt_full_1164.json,
manalil,2024-06-14,14.633,2.225,11:55AM,Partly Cloudy,0 to 75C,bmt_full_1164.json,
manalil,2024-06-15,12.942,2.203,1:55PM,Partly Cloudy,0 to 74C,bmt_full_1164.json,
manalil,2024-06-16,13.73,2.385,12:10PM,Partly Cloudy,0 to 75C,bmt_full_1164.json,
manalil,2024-06-17,14.532,2.214,12:30PM,Partly Cloudy,0 to 76C,bmt_full_1164.json,
manalil,2024-06-18,9.016,2.249,2:00PM,Mostly Cloudy,0 to 74C,bmt_full_1164.json,
manalil,2024-06-19,3.896,1.757,2:35PM,Cloudy,0 to 61C,bmt_full_1164.json,
manalil,2024-06-20,6.02,1.856,3:25PM,Cloudy,0 to 60C,bmt_full_1164.json,
manalil,2024-06-21,6.62,2.414,11:55AM,Cloudy,0 to 63C,bmt_full_1164.json,
manalil,2024-06-22,10.162,2.692,1:25PM,Mostly Cloudy,0 to 71C,bmt_full_1164.json,
manalil,2024-06-23,8.561,2.33,2:30PM,Mostly Cloudy,0 to 64C,bmt_full_1164.json,
manalil,2024-06-24,10.454,2.484,11:35AM,Mostly Cloudy,0 to 74C,bmt_full_1164.json,
manalil,2024-06-25,7.58,2.148,10:25AM,Cloudy,0 to 62C,bmt_full_1164.json,
manalil,2024-06-26,6.659,2.392,11:25AM,Cloudy,0 to 70C,bmt_full_1164.json,
manalil,2024-06-27,9.498,2.289,2:30PM,Mostly Cloudy,0 to 67C,bmt_full_1164.json,
manalil,2024-06-28,15.61,2.212,11:30AM,Fine,0 to 74C,bmt_full_1164.json,
manalil,2024-06-29,13.899,2.287,12:30PM,Partly Cloudy,0 to 75C,bmt_full_1164.json,
manalil,2024-06-30,15.492,2.346,12:55PM,Fine,0 to 74C,bmt_full_1164.json,
manalil,2024-07-01,6.91,1.469,11:55AM,Cloudy,0 to 56C,bmt_full_1164.json,
manalil,2024-07-02,14.898,2.219,12:55PM,Partly Cloudy,0 to 74C,bmt_full_1164.json,
manalil,2024-07-03,13.744,2.578,12:40PM,Partly Cloudy,0 to 74C,bmt_full_1164.json,
manalil,2024-07-04,13.828,2.23,12:20PM,Partly Cloudy,0 to 74C,bmt_full_1164.json,
manalil,2024-07-05,13.058,2.53,12:10PM,Partly Cloudy,0 to 75C,bmt_full_1164.json,
manalil,2024-07-06,8.389,1.415,9:20AM,Mostly Cloudy,0 to 60C,bmt_full_1164.json,
manalil,2024-07-07,14.144,2.515,1:50PM,Partly Cloudy,0 to 76C,bmt_full_1164.json,
manalil,2024-07-08,9.988,1.929,1:50PM,Mostly Cloudy,0 to 66C,bmt_full_1164.json,
manalil,2024-07-09,10.84,2.182,1:00PM,Mostly Cloudy,0 to 70C,bmt_full_1164.json,
manalil,2024-07-10,14.626,2.351,12:40PM,Partly Cloudy,0 to 74C,bmt_full_1164.json,
manalil,2024-07-11,13.802,2.262,11:45AM,Partly Cloudy,0 to 75C,bmt_full_1164.json,
manalil,2024-07-12,11.701,2.696,12:15PM,Mostly Cloudy,0 to 75C,bmt_full_1164.json,
manalil,2024-07-13,3.974,0.97,2:00PM,Cloudy,0 to 51C,bmt_full_1164.json,
manalil,2024-07-14,11.752,1.978,2:00PM,Mostly Cloudy,0 to 68C,bmt_full_1164.json,
manalil,2024-07-15,4.984,2.537,11:00AM,Cloudy,0 to 60C,bmt_full_1164.json,
manalil,2024-07-16,10.19,2.134,12:40PM,Mostly Cloudy,0 to 67C,bmt_full_1164.json,
manalil,2024-07-17,5.266,2.294,9:40AM,Cloudy,0 to 60C,bmt_full_1164.json,
manalil,2024-07-18,7.926,2.152,2:40PM,Mostly Cloudy,0 to 61C,bmt_full_1164.json,
manalil,2024-07-19,10.358,2.024,11:40AM,Mostly Cloudy,0 to 70C,bmt_full_1164.json,
manalil,2024-07-20,10.578,2.626,12:10PM,Mostly Cloudy,0 to 74C,bmt_full_1164.json,
manalil,2024-07-21,12.049,2.217,10:50AM,Mostly Cloudy,0 to 72C,bmt_full_1164.json,
manalil,2024-07-22,7.68,1.939,12:50PM,Cloudy,0 to 67C,bmt_full_1164.json,
manalil,2024-07-23,14.69,2.503,12:20PM,Partly Cloudy,0 to 75C,bmt_full_1164.json,
manalil,2024-07-24,14.164,2.278,12:35PM,Partly Cloudy,0 to 75C,bmt_full_1164.json,
manalil,2024-07-25,12.349,2.098,12:25PM,Mostly Cloudy,0 to 72C,bmt_full_1164.json,
manalil,2024-07-26,11.588,2.503,12:35PM,Mostly Cloudy,0 to 76C,bmt_full_1164.json,
manalil,2024-07-27,7.901,1.779,3:05PM,Mostly Cloudy,0 to 68C,bmt_full_1164.json,
manalil,2024-07-28,10.658,2.635,12:25PM,Mostly Cloudy,0 to 69C,bmt_full_1164.json,
manalil,2024-07-29,5.428,1.479,10:55AM,Cloudy,0 to 56C,bmt_full_1164.json,
manalil,2024-07-30,8.509,2.102,12:30PM,Mostly Cloudy,0 to 62C,bmt_full_1164.json,
manalil,2024-07-31,12.158,2.75,1:00PM,Mostly Cloudy,0 to 74C,bmt_full_1164.json,
manalil,2024-08-01,14.839,2.254,12:25PM,Partly Cloudy,0 to 74C,bmt_full_1164.json,
manalil,2024-08-02,13.039,2.749,11:55AM,Partly Cloudy,0 to 78C,bmt_full_1164.json,
manalil,2024-08-03,12.621,2.665,11:35AM,Partly Cloudy,0 to 76C,bmt_full_1164.json,
manalil,2024-08-04,16.06,2.504,11:25AM,Fine,0 to 79C,bmt_full_1164.json,
manalil,2024-08-05,13.806,2.306,11:25AM,Partly Cloudy,0 to 74C,bmt_full_1164.json,
manalil,2024-08-06,10.856,2.124,2:45PM,Mostly Cloudy,0 to 68C,bmt_full_1164.json,
manalil,2024-08-07,13.844,2.357,12:15PM,Partly Cloudy,0 to 75C,bmt_full_1164.json,
manalil,2024-08-08,13.177,2.41,1:45PM,Partly Cloudy,0 to 74C,bmt_full_1164.json,
manalil,2024-08-09,15.558,2.28,12:35PM,Fine,0 to 75C,bmt_full_1164.json,
manalil,2024-08-10,12.376,2.709,2:05PM,Partly Cloudy,0 to 73C,bmt_full_1164.json,
manalil,2024-08-11,12.637,2.838,12:40PM,Partly Cloudy,0 to 76C,bmt_full_1164.json,
manalil,2024-08-12,12.472,2.283,12:50PM,Partly Cloudy,0 to 76C,bmt_full_1164.json,
manalil,2024-08-13,10.498,2.391,2:10PM,Mostly Cloudy,0 to 76C,bmt_full_1164.json,
manalil,2024-08-14,11.893,2.781,12:25PM,Mostly Cloudy,0 to 79C,bmt_full_1164.json,
manalil,2024-08-15,10.314,2.696,11:55AM,Mostly Cloudy,0 to 75C,bmt_full_1164.json,
manalil,2024-08-16,10.44,2.602,1:15PM,Mostly Cloudy,0 to 75C,bmt_full_1164.json,
manalil,2024-08-17,12.215,2.562,12:10PM,Mostly Cloudy,0 to 75C,bmt_full_1164.json,
manalil,2024-08-18,15.001,2.433,12:40PM,Partly Cloudy,0 to 77C,bmt_full_1164.json,
manalil,2024-08-19,12.922,2.616,12:30PM,Partly Cloudy,0 to 76C,bmt_full_1164.json,
manalil,2024-08-20,14.472,2.36,12:40PM,Partly Cloudy,0 to 77C,bmt_full_1164.json,
manalil,2024-08-21,11.167,2.73,1:00PM,Mostly Cloudy,0 to 75C,bmt_full_1164.json,
manalil,2024-08-22,9.336,2.711,1:35PM,Mostly Cloudy,0 to 75C,bmt_full_1164.json,
manalil,2024-08-23,12.986,2.393,1:45PM,Partly Cloudy,0 to 74C,bmt_full_1164.json,
manalil,2024-08-24,13.974,2.653,1:25PM,Partly Cloudy,0 to 77C,bmt_full_1164.json,
manalil,2024-08-25,14.713,2.367,12:35PM,Partly Cloudy,0 to 78C,bmt_full_1164.json,
manalil,2024-08-26,15.195,2.526,12:55PM,Partly Cloudy,0 to 79C,bmt_full_1164.json,
manalil,2024-08-27,13.356,2.404,1:15PM,Partly Cloudy,0 to 76C,bmt_full_1164.json,
manalil,2024-08-28,11.596,1.785,12:55PM,Mostly Cloudy,0 to 71C,bmt_full_1164.json,
manalil,2024-08-29,14.399,2.548,1:10PM,Partly Cloudy,0 to 78C,bmt_full_1164.json,
manalil,2024-08-30,3.979,1.1,11:40AM,Cloudy,0 to 54C,bmt_full_1164.json,
manalil,2024-08-31,9.447,2.477,1:00PM,Mostly Cloudy,0 to 77C,bmt_full_1164.json,
manalil,2024-09-01,8.2,2.131,12:25PM,Mostly Cloudy,0 to 64C,bmt_full_1164.json,
manalil,2024-09-02,13.613,2.463,12:55PM,Partly Cloudy,0 to 76C,bmt_full_1164.json,
manalil,2024-09-03,11.238,2.833,11:35AM,Mostly Cloudy,0 to 76C,bmt_full_1164.json,
manalil,2024-09-04,14.618,2.418,1:05PM,Partly Cloudy,0 to 79C,bmt_full_1164.json,
manalil,2024-09-05,13.67,2.527,11:15AM,Partly Cloudy,0 to 79C,bmt_full_1164.json,
manalil,2024-09-06,13.186,2.36,12:30PM,Partly Cloudy,0 to 76C,bmt_full_1164.json,
manalil,2024-09-07,12.562,2.361,12:30PM,Partly Cloudy,0 to 76C,bmt_full_1164.json,
manalil,2024-09-08,13.223,2.233,12:15PM,Partly Cloudy,0 to 75C,bmt_full_1164.json,
manalil,2024-09-09,12.04,2.502,1:00PM,Mostly Cloudy,0 to 74C,bmt_full_1164.json,
manalil,2024-09-10,14.008,2.495,12:20PM,Partly Cloudy,0 to 78C,bmt_full_1164.json,
manalil,2024-09-11,11.514,2.599,1:20PM,Mostly Cloudy,0 to 74C,bmt_full_1164.json,
manalil,2024-09-12,12.284,2.477,12:50PM,Mostly Cloudy,0 to 77C,bmt_full_1164.json,
manalil,2024-09-13,13.374,2.392,1:10PM,Partly Cloudy,0 to 77C,bmt_full_1164.json,
manalil,2024-09-14,13.13,2.383,12:50PM,Partly Cloudy,0 to 78C,bmt_full_1164.json,
manalil,2024-09-15,13.32,2.495,1:40PM,Partly Cloudy,0 to 79C,bmt_full_1164.json,
manalil,2024-09-16,13.664,2.404,12:40PM,Partly Cloudy,0 to 79C,bmt_full_1164.json,
manalil,2024-09-17,14.351,2.412,12:30PM,Partly Cloudy,0 to 80C,bmt_full_1164.json,
manalil,2024-09-18,13.63,2.366,12:35PM,Partly Cloudy,0 to 79C,bmt_full_1164.json,
manalil,2024-09-19,13.718,2.312,12:45PM,Partly Cloudy,0 to 79C,bmt_full_1164.json,
manalil,2024-09-20,12.882,2.428,12:40PM,Partly Cloudy,0 to 80C,bmt_full_1164.json,
manalil,2024-09-21,13.432,2.537,12:10PM,Partly Cloudy,0 to 79C,bmt_full_1164.json,
manalil,2024-09-22,10.448,2.261,2:10PM,Mostly Cloudy,0 to 74C,bmt_full_1164.json,
manalil,2024-09-23,10.756,2.522,1:40PM,Mostly Cloudy,0 to 74C,bmt_full_1164.json,
manalil,2024-09-24,11.974,2.492,1:40PM,Mostly Cloudy,0 to 76C,bmt_full_1164.json,
manalil,2024-09-25,8.286,2.436,2:00PM,Mostly Cloudy,0 to 74C,bmt_full_1164.json,
manalil,2024-09-26,12.1,2.308,1:20PM,Mostly Cloudy,0 to 78C,bmt_full_1164.json,
manalil,2024-09-27,12.602,2.374,12:50PM,Partly Cloudy,0 to 78C,bmt_full_1164.json,
manalil,2024-09-28,9.57,2.655,1:50PM,Mostly Cloudy,0 to 77C,bmt_full_1164.json,
manalil,2024-09-29,11.707,2.271,12:45PM,Mostly Cloudy,0 to 78C,bmt_full_1164.json,
manalil,2024-09-30,11.392,2.665,12:45PM,Mostly Cloudy,0 to 76C,bmt_full_1164.json,
manalil,2024-10-01,8.026,2.421,1:05PM,Mostly Cloudy,0 to 79C,bmt_full_1164.json,
manalil,2024-10-02,5.993,1.056,1:45PM,Cloudy,0 to 57C,bmt_full_1164.json,
manalil,2024-10-03,10.087,2.019,1:30PM,Mostly Cloudy,42 to 71C,bmt_full_1164.json,
manalil,2024-10-04,10.074,2.59,12:50PM,Mostly Cloudy,0 to 76C,bmt_full_1164.json,
manalil,2024-10-05,9.116,1.83,1:10PM,Mostly Cloudy,0 to 68C,bmt_full_1164.json,
manalil,2024-10-06,8.508,1.975,2:00PM,Mostly Cloudy,0 to 65C,bmt_full_1164.json,
manalil,2024-10-07,8.83,1.961,12:50PM,Mostly Cloudy,0 to 67C,bmt_full_1164.json,
manalil,2024-10-08,9.858,2.162,2:40PM,Mostly Cloudy,0 to 71C,bmt_full_1164.json,
manalil,2024-10-09,9.398,2.677,12:50PM,Mostly Cloudy,0 to 78C,bmt_full_1164.json,
manalil,2024-10-10,11.826,2.57,12:20PM,Mostly Cloudy,0 to 76C,bmt_full_1164.json,
manalil,2024-10-11,5.826,1.817,12:30PM,Cloudy,0 to 59C,bmt_full_1164.json,
manalil,2024-10-12,11.06,2.744,12:20PM,Mostly Cloudy,0 to 76C,bmt_full_1164.json,
manalil,2024-10-13,11.062,2.673,12:40PM,Mostly Cloudy,0 to 77C,bmt_full_1164.json,
manalil,2024-10-14,7.192,1.592,1:10PM,Cloudy,0 to 63C,bmt_full_1164.json,
manalil,2024-10-15,7.938,2.173,12:40PM,Mostly Cloudy,0 to 69C,bmt_full_1164.json,
manalil,2024-10-16,9.75,2.19,12:35PM,Mostly Cloudy,0 to 74C,bmt_full_1164.json,
manalil,2024-10-17,0.007,0.01,12:00AM,Showers,0 to 44C,bmt_full_1164.json,
manalil,2024-10-18,17.054,2.321,12:30PM,Fine,0 to 79C,bmt_full_1164.json,
manalil,2024-10-19,21.093,0.885,12:00AM,Fine,43 to 69C,bmt_full_1164.json,
manalil,2024-10-20,9.237,2.51,1:20PM,Mostly Cloudy,0 to 79C,bmt_full_1164.json,
manalil,2024-10-21,9.328,2.474,12:20PM,Mostly Cloudy,0 to 75C,bmt_full_1164.json,
manalil,2024-10-22,7.858,2.27,12:20PM,Mostly Cloudy,0 to 77C,bmt_full_1164.json,
manalil,2024-10-23,3.615,2.506,12:55PM,Cloudy,40 to 76C,bmt_full_1164.json,
manalil,2024-10-24,6.936,1.79,12:25PM,Cloudy,0 to 66C,bmt_full_1164.json,
manalil,2024-10-25,1.699,0.521,4:00PM,Showers,0 to 44C,bmt_full_1164.json,
manalil,2024-10-26,10.546,2.776,1:25PM,Mostly Cloudy,0 to 72C,bmt_full_1164.json,
manalil,2024-10-27,10.231,2.748,1:00PM,Mostly Cloudy,0 to 75C,bmt_full_1164.json,
manalil,2024-10-28,9.199,2.299,12:15PM,Mostly Cloudy,0 to 77C,bmt_full_1164.json,
manalil,2024-10-29,12.525,2.279,12:05PM,Partly Cloudy,0 to 76C,bmt_full_1164.json,
manalil,2024-10-30,10.936,2.2,12:20PM,Mostly Cloudy,0 to 77C,bmt_full_1164.json,
manalil,2024-10-31,8.396,2.126,1:40PM,Mostly Cloudy,0 to 76C,bmt_full_1164.json,
manalil,2024-11-01,0.031,0.011,9:25PM,Showers,0 to 42C,bmt_full_1164.json,
manalil,2024-11-02,4.824,2.479,12:10PM,Cloudy,0 to 74C,bmt_full_1164.json,
manalil,2024-11-03,7.124,2.531,11:50AM,Cloudy,0 to 79C,bmt_full_1164.json,
manalil,2024-11-04,5.243,2.365,12:50PM,Cloudy,0 to 71C,bmt_full_1164.json,
manalil,2024-11-05,10.148,2.288,1:05PM,Mostly Cloudy,0 to 78C,bmt_full_1164.json,
manalil,2024-11-06,10.72,2.161,11:55AM,Mostly Cloudy,0 to 76C,bmt_full_1164.json,
manalil,2024-11-07,10.974,2.032,12:20PM,Mostly Cloudy,0 to 75C,bmt_full_1164.json,
manalil,2024-11-08,4.586,1.207,12:00PM,Cloudy,0 to 61C,bmt_full_1164.json,
manalil,2024-11-09,9.633,2.345,1:40PM,Mostly Cloudy,0 to 75C,bmt_full_1164.json,
manalil,2024-11-10,6.295,2.123,12:30PM,Cloudy,0 to 76C,bmt_full_1164.json,
manalil,2024-11-11,10.116,2.046,12:40PM,Mostly Cloudy,0 to 74C,bmt_full_1164.json,
manalil,2024-11-12,25.976,2.06,12:40PM,Fine,0 to 76C,bmt_full_1164.json,
manalil,2024-11-13,30.034,1.916,12:00AM,Fine,45 to 75C,bmt_full_1164.json,
manalil,2024-11-14,7.451,0.799,10:40AM,Cloudy,0 to 57C,bmt_full_1164.json,
manalil,2024-11-15,1.866,0.117,9:15AM,Showers,0 to 42C,bmt_full_1164.json,
manalil,2024-11-16,4.943,2.584,12:50PM,Cloudy,0 to 69C,bmt_full_1164.json,
manalil,2024-11-17,8.884,2.305,12:35PM,Mostly Cloudy,0 to 78C,bmt_full_1164.json,
manalil,2024-11-18,8.241,2.244,1:15PM,Mostly Cloudy,0 to 78C,bmt_full_1164.json,
manalil,2024-11-19,5.693,1.476,1:55PM,Cloudy,0 to 59C,bmt_full_1164.json,
manalil,2024-11-20,3.331,0.592,1:55PM,Cloudy,0 to 47C,bmt_full_1164.json,
manalil,2024-11-21,4.492,1.085,1:45PM,Cloudy,0 to 52C,bmt_full_1164.json,
manalil,2024-11-22,8.218,2.301,1:05PM,Mostly Cloudy,0 to 73C,bmt_full_1164.json,
manalil,2024-11-23,7.958,2.323,1:05PM,Mostly Cloudy,0 to 71C,bmt_full_1164.json,
manalil,2024-11-24,7.462,1.919,1:05PM,Cloudy,42 to 68C,bmt_full_1164.json,
manalil,2024-11-25,5.522,1.673,12:00PM,Cloudy,0 to 65C,bmt_full_1164.json,
manalil,2024-11-26,4.222,0.75,1:40PM,Cloudy,0 to 50C,bmt_full_1164.json,
manalil,2024-11-27,3.296,0.597,10:40AM,Cloudy,0 to 47C,bmt_full_1164.json,
manalil,2024-11-28,7.086,2.501,12:30PM,Cloudy,0 to 73C,bmt_full_1164.json,
manalil,2024-11-29,6.621,1.476,2:00PM,Cloudy,0 to 60C,bmt_full_1164.json,
manalil,2024-11-30,7.406,1.71,12:10PM,Cloudy,0 to 70C,bmt_full_1164.json,
manalil,2024-12-01,5.966,2.645,12:35PM,Cloudy,0 to 66C,bmt_full_1164.json,
manalil,2024-12-02,7.116,1.968,12:25PM,Cloudy,0 to 63C,bmt_full_1164.json,
manalil,2024-12-03,9.922,2.157,12:50PM,Mostly Cloudy,0 to 80C,bmt_full_1164.json,
manalil,2024-12-04,4.893,2.015,12:35PM,Cloudy,0 to 74C,bmt_full_1164.json,
manalil,2024-12-05,7.818,2.224,12:55PM,Mostly Cloudy,0 to 74C,bmt_full_1164.json,
manalil,2024-12-06,9.098,2.061,1:15PM,Mostly Cloudy,0 to 77C,bmt_full_1164.json,
manalil,2024-12-07,8.547,2.368,12:20PM,Mostly Cloudy,0 to 81C,bmt_full_1164.json,
manalil,2024-12-08,9.212,2.071,12:55PM,Mostly Cloudy,0 to 78C,bmt_full_1164.json,
manalil,2024-12-09,8.866,1.973,1:20PM,Mostly Cloudy,0 to 74C,bmt_full_1164.json,
manalil,2024-12-10,8.398,2.079,12:40PM,Mostly Cloudy,0 to 75C,bmt_full_1164.json,
manalil,2024-12-11,8.827,1.836,1:35PM,Mostly Cloudy,0 to 73C,bmt_full_1164.json,
manalil,2024-12-12,3.371,0.64,2:55PM,Cloudy,0 to 47C,bmt_full_1164.json,
manalil,2024-12-13,6.718,2.289,1:55PM,Cloudy,0 to 73C,bmt_full_1164.json,
manalil,2024-12-14,4.501,0.902,10:15AM,Cloudy,0 to 49C,bmt_full_1164.json,
manalil,2024-12-15,8.677,2.308,1:30PM,Mostly Cloudy,0 to 75C,bmt_full_1164.json,
manalil,2024-12-16,6.52,2.154,2:25PM,Cloudy,0 to 68C,bmt_full_1164.json,
manalil,2024-12-17,8.729,2.105,1:35PM,Mostly Cloudy,0 to 75C,bmt_full_1164.json,
manalil,2024-12-18,9.188,2.044,12:45PM,Mostly Cloudy,0 to 78C,bmt_full_1164.json,
manalil,2024-12-19,9.287,2.052,12:55PM,Mostly Cloudy,0 to 79C,bmt_full_1164.json,
manalil,2024-12-20,8.853,2.105,1:05PM,Mostly Cloudy,0 to 81C,bmt_full_1164.json,
manalil,2024-12-21,7.444,1.695,12:15PM,Cloudy,0 to 67C,bmt_full_1164.json,
manalil,2024-12-22,9.03,2.277,12:55PM,Mostly Cloudy,0 to 81C,bmt_full_1164.json,
manalil,2024-12-23,9.15,2.189,12:30PM,Mostly Cloudy,0 to 82C,bmt_full_1164.json,
manalil,2024-12-24,9.496,2.191,12:50PM,Mostly Cloudy,0 to 83C,bmt_full_1164.json,
manalil,2024-12-25,9.356,2.161,12:40PM,Mostly Cloudy,0 to 80C,bmt_full_1164.json,
manalil,2024-12-26,8.998,2.057,1:00PM,Mostly Cloudy,0 to 79C,bmt_full_1164.json,
manalil,2024-12-27,9.418,2.023,1:00PM,Mostly Cloudy,0 to 77C,bmt_full_1164.json,
manalil,2024-12-28,8.772,2.098,12:40PM,Mostly Cloudy,0 to 78C,bmt_full_1164.json,
manalil,2024-12-29,9.02,2.039,1:10PM,Mostly Cloudy,0 to 77C,bmt_full_1164.json,
manalil,2024-12-30,5.968,1.897,12:50PM,Cloudy,0 to 65C,bmt_full_1164.json,
manalil,2024-12-31,6.806,2.198,1:40PM,Cloudy,0 to 74C,bmt_full_1164.json,
manalil,2025-01-01,8.6,2.207,1:50PM,Mostly Cloudy,0 to 72C,bmt_full_1164.json,
manalil,2025-01-02,9.076,1.998,1:10PM,Mostly Cloudy,0 to 77C,bmt_full_1164.json,
manalil,2025-01-03,8.388,1.926,1:20PM,Mostly Cloudy,0 to 73C,bmt_full_1164.json,
manalil,2025-01-04,8.892,1.942,1:05PM,Mostly Cloudy,0 to 74C,bmt_full_1164.json,
manalil,2025-01-05,6.86,2.0,1:05PM,Cloudy,0 to 74C,bmt_full_1164.json,
manalil,2025-01-06,8.591,1.981,12:55PM,Mostly Cloudy,0 to 77C,bmt_full_1164.json,
manalil,2025-01-07,9.114,1.904,1:05PM,Mostly Cloudy,0 to 74C,bmt_full_1164.json,
manalil,2025-01-08,8.854,2.024,12:55PM,Mostly Cloudy,0 to 77C,bmt_full_1164.json,
manalil,2025-01-09,9.102,2.009,1:15PM,Mostly Cloudy,0 to 76C,bmt_full_1164.json,
manalil,2025-01-10,8.656,1.985,1:05PM,Mostly Cloudy,0 to 76C,bmt_full_1164.json,
manalil,2025-01-11,9.222,2.048,1:05PM,Mostly Cloudy,0 to 78C,bmt_full_1164.json,
manalil,2025-01-12,7.164,2.682,1:30PM,Cloudy,0 to 73C,bmt_full_1164.json,
manalil,2025-01-13,9.674,2.274,1:00PM,Mostly Cloudy,0 to 79C,bmt_full_1164.json,
manalil,2025-01-14,6.179,2.828,1:00PM,Cloudy,0 to 67C,bmt_full_1164.json,
manalil,2025-01-15,10.105,2.243,1:30PM,Mostly Cloudy,0 to 82C,bmt_full_1164.json,
manalil,2025-01-16,10.177,2.651,12:40PM,Mostly Cloudy,0 to 79C,bmt_full_1164.json,
manalil,2025-01-17,9.642,2.069,12:50PM,Mostly Cloudy,0 to 79C,bmt_full_1164.json,
manalil,2025-01-18,7.061,2.111,12:40PM,Cloudy,0 to 75C,bmt_full_1164.json,
manalil,2025-01-19,4.672,0.983,11:15AM,Cloudy,0 to 54C,bmt_full_1164.json,
manalil,2025-01-20,8.57,2.423,12:20PM,Mostly Cloudy,0 to 75C,bmt_full_1164.json,
manalil,2025-01-21,9.597,2.022,1:20PM,Mostly Cloudy,0 to 77C,bmt_full_1164.json,
manalil,2025-01-22,7.822,2.348,1:50PM,Mostly Cloudy,0 to 74C,bmt_full_1164.json,
manalil,2025-01-23,9.78,2.094,1:10PM,Mostly Cloudy,0 to 78C,bmt_full_1164.json,
manalil,2025-01-24,9.141,2.157,1:05PM,Mostly Cloudy,0 to 77C,bmt_full_1164.json,
manalil,2025-01-25,7.238,1.87,2:50PM,Cloudy,0 to 69C,bmt_full_1164.json,
manalil,2025-01-26,9.34,2.118,1:30PM,Mostly Cloudy,0 to 78C,bmt_full_1164.json,
manalil,2025-01-27,10.173,2.288,12:35PM,Mostly Cloudy,0 to 80C,bmt_full_1164.json,
manalil,2025-01-28,9.099,2.248,1:50PM,Mostly Cloudy,0 to 78C,bmt_full_1164.json,
manalil,2025-01-29,6.974,1.461,2:25PM,Cloudy,0 to 62C,bmt_full_1164.json,
manalil,2025-01-30,8.502,1.689,1:55PM,Mostly Cloudy,0 to 67C,bmt_full_1164.json,
manalil,2025-01-31,8.922,2.36,1:35PM,Mostly Cloudy,0 to 76C,bmt_full_1164.json,
manalil,2025-02-01,9.9,2.124,1:05PM,Mostly Cloudy,0 to 78C,bmt_full_1164.json,
manalil,2025-02-02,9.84,2.11,1:15PM,Mostly Cloudy,0 to 77C,bmt_full_1164.json,
manalil,2025-02-03,9.778,2.097,1:05PM,Mostly Cloudy,0 to 76C,bmt_full_1164.json,
manalil,2025-02-04,9.456,2.122,12:25PM,Mostly Cloudy,0 to 76C,bmt_full_1164.json,
manalil,2025-02-05,9.874,2.045,1:05PM,Mostly Cloudy,0 to 73C,bmt_full_1164.json,
manalil,2025-02-06,9.446,2.003,12:55PM,Mostly Cloudy,0 to 74C,bmt_full_1164.json,
manalil,2025-02-07,9.742,2.078,1:15PM,Mostly Cloudy,0 to 76C,bmt_full_1164.json,
manalil,2025-02-08,9.606,2.176,1:05PM,Mostly Cloudy,0 to 77C,bmt_full_1164.json,
manalil,2025-02-09,9.112,1.826,1:05PM,Mostly Cloudy,0 to 71C,bmt_full_1164.json,
manalil,2025-02-10,9.79,2.051,1:05PM,Mostly Cloudy,0 to 75C,bmt_full_1164.json,
manalil,2025-02-11,10.016,2.15,1:25PM,Mostly Cloudy,0 to 77C,bmt_full_1164.json,
manalil,2025-02-12,9.798,2.052,1:15PM,Mostly Cloudy,0 to 75C,bmt_full_1164.json,
manalil,2025-02-13,9.834,2.12,12:55PM,Mostly Cloudy,0 to 75C,bmt_full_1164.json,
manalil,2025-02-14,9.486,2.037,12:45PM,Mostly Cloudy,0 to 74C,bmt_full_1164.json,
manalil,2025-02-15,9.666,2.075,1:05PM,Mostly Cloudy,0 to 73C,bmt_full_1164.json,
manalil,2025-02-16,9.857,2.124,1:05PM,Mostly Cloudy,0 to 73C,bmt_full_1164.json,
manalil,2025-02-17,9.817,2.017,1:15PM,Mostly Cloudy,0 to 74C,bmt_full_1164.json,
manalil,2025-02-18,9.851,2.114,12:50PM,Mostly Cloudy,0 to 73C,bmt_full_1164.json,
manalil,2025-02-19,9.61,2.043,1:10PM,Mostly Cloudy,0 to 74C,bmt_full_1164.json,
manalil,2025-02-20,9.84,2.059,12:50PM,Mostly Cloudy,0 to 73C,bmt_full_1164.json,
manalil,2025-02-21,10.152,2.085,1:00PM,Mostly Cloudy,0 to 74C,bmt_full_1164.json,
manalil,2025-02-22,9.747,2.076,1:00PM,Mostly Cloudy,0 to 73C,bmt_full_1164.json,
manalil,2025-02-23,10.202,2.043,1:15PM,Mostly Cloudy,0 to 72C,bmt_full_1164.json,
manalil,2025-02-24,10.166,2.106,12:55PM,Mostly Cloudy,0 to 75C,bmt_full_1164.json,
manalil,2025-02-25,10.836,2.127,1:00PM,Mostly Cloudy,0 to 77C,bmt_full_1164.json,
manalil,2025-02-26,7.262,2.096,2:00PM,Cloudy,0 to 69C,bmt_full_1164.json,
manalil,2025-02-27,10.662,2.135,1:10PM,Mostly Cloudy,0 to 75C,bmt_full_1164.json,
manalil,2025-02-28,9.26,2.503,1:30PM,Mostly Cloudy,0 to 74C,bmt_full_1164.json,
manalil,2025-03-01,8.774,2.627,3:00PM,Mostly Cloudy,0 to 76C,bmt_full_1164.json,
manalil,2025-03-02,3.745,1.467,11:50AM,Cloudy,0 to 56C,bmt_full_1164.json,
manalil,2025-03-03,7.401,2.387,12:45PM,Cloudy,0 to 71C,bmt_full_1164.json,
manalil,2025-03-04,10.186,2.374,1:05PM,Mostly Cloudy,0 to 77C,bmt_full_1164.json,
manalil,2025-03-05,11.786,2.265,1:05PM,Mostly Cloudy,0 to 78C,bmt_full_1164.json,
manalil,2025-03-06,11.767,2.216,12:25PM,Mostly Cloudy,0 to 78C,bmt_full_1164.json,
manalil,2025-03-07,11.574,2.156,12:55PM,Mostly Cloudy,0 to 77C,bmt_full_1164.json,
manalil,2025-03-08,12.188,2.191,1:15PM,Mostly Cloudy,0 to 77C,bmt_full_1164.json,
manalil,2025-03-09,11.528,2.166,1:00PM,Mostly Cloudy,0 to 75C,bmt_full_1164.json,
manalil,2025-03-10,11.714,2.349,1:00PM,Mostly Cloudy,0 to 80C,bmt_full_1164.json,
manalil,2025-03-11,4.982,1.31,11:40AM,Cloudy,0 to 60C,bmt_full_1164.json,
manalil,2025-03-12,5.593,1.077,1:25PM,Cloudy,0 to 57C,bmt_full_1164.json,
manalil,2025-03-13,12.008,2.156,12:55PM,Mostly Cloudy,0 to 74C,bmt_full_1164.json,
manalil,2025-03-14,12.018,2.431,12:55PM,Mostly Cloudy,0 to 80C,bmt_full_1164.json,
manalil,2025-03-15,12.18,2.342,12:55PM,Mostly Cloudy,0 to 80C,bmt_full_1164.json,
manalil,2025-03-16,11.046,2.439,12:15PM,Mostly Cloudy,0 to 79C,bmt_full_1164.json,
manalil,2025-03-17,10.879,2.705,1:05PM,Mostly Cloudy,0 to 79C,bmt_full_1164.json,
manalil,2025-03-18,12.809,2.298,12:45PM,Partly Cloudy,0 to 78C,bmt_full_1164.json,
manalil,2025-03-19,12.573,2.394,12:25PM,Partly Cloudy,0 to 78C,bmt_full_1164.json,
manalil,2025-03-20,13.259,2.31,1:05PM,Partly Cloudy,0 to 79C,bmt_full_1164.json,
manalil,2025-03-21,13.94,2.314,12:35PM,Partly Cloudy,0 to 80C,bmt_full_1164.json,
manalil,2025-03-22,6.248,1.664,11:15AM,Cloudy,0 to 65C,bmt_full_1164.json,
manalil,2025-03-23,12.364,2.4,1:05PM,Partly Cloudy,0 to 81C,bmt_full_1164.json,
manalil,2025-03-24,13.09,2.264,12:30PM,Partly Cloudy,0 to 79C,bmt_full_1164.json,
manalil,2025-03-25,11.782,2.234,12:20PM,Mostly Cloudy,0 to 78C,bmt_full_1164.json,
manalil,2025-03-26,13.03,2.239,12:10PM,Partly Cloudy,0 to 79C,bmt_full_1164.json,
manalil,2025-03-27,13.7,2.222,12:00PM,Partly Cloudy,0 to 79C,bmt_full_1164.json,
manalil,2025-03-28,13.119,2.13,12:05PM,Partly Cloudy,0 to 78C,bmt_full_1164.json,
manalil,2025-03-29,12.339,2.32,12:30PM,Mostly Cloudy,0 to 79C,bmt_full_1164.json,
manalil,2025-03-30,14.054,2.27,12:10PM,Partly Cloudy,0 to 80C,bmt_full_1164.json,
manalil,2025-03-31,13.208,2.183,12:15PM,Partly Cloudy,0 to 78C,bmt_full_1164.json,
manalil,2025-04-01,12.174,2.172,12:40PM,Mostly Cloudy,0 to 77C,bmt_full_1164.json,
manalil,2025-04-02,12.566,2.262,12:30PM,Partly Cloudy,0 to 76C,bmt_full_1164.json,
manalil,2025-04-03,11.453,2.331,1:35PM,Mostly Cloudy,0 to 79C,bmt_full_1164.json,
manalil,2025-04-04,9.502,2.365,1:25PM,Mostly Cloudy,0 to 80C,bmt_full_1164.json,
manalil,2025-04-05,12.153,2.371,12:40PM,Mostly Cloudy,0 to 78C,bmt_full_1164.json,
manalil,2025-04-06,14.516,2.21,1:30PM,Partly Cloudy,0 to 78C,bmt_full_1164.json,
manalil,2025-04-07,13.194,2.603,12:30PM,Partly Cloudy,0 to 81C,bmt_full_1164.json,
manalil,2025-04-08,13.16,2.214,12:00PM,Partly Cloudy,0 to 78C,bmt_full_1164.json,
manalil,2025-04-09,11.304,2.636,1:40PM,Mostly Cloudy,0 to 73C,bmt_full_1164.json,
manalil,2025-04-10,1.73,0.83,4:20PM,Showers,0 to 51C,bmt_full_1164.json,
manalil,2025-04-11,0.002,0.012,12:00AM,Showers,0 to 43C,bmt_full_1164.json,outage_suspect
manalil,2025-04-12,0.0,0.0,12:00AM,Not Sure,0 to 36C,bmt_full_1164.json,outage_suspect;zero
manalil,2025-04-13,0.0,0.0,12:00AM,Not Sure,0 to 0C,bmt_full_1164.json,outage_suspect;zero
manalil,2025-04-14,0.0,0.0,12:00AM,Not Sure,0 to 0C,bmt_full_1164.json,outage_suspect;zero
manalil,2025-04-15,12.69,2.227,12:10PM,Partly Cloudy,0 to 76C,bmt_full_1164.json,outage_suspect
manalil,2025-04-16,13.445,2.24,11:55AM,Partly Cloudy,0 to 78C,bmt_full_1164.json,outage_suspect
manalil,2025-04-17,14.097,2.161,12:15PM,Partly Cloudy,0 to 77C,bmt_full_1164.json,outage_suspect
manalil,2025-04-18,11.572,2.126,12:15PM,Mostly Cloudy,0 to 75C,bmt_full_1164.json,outage_suspect
manalil,2025-04-19,0.0,0.0,12:00AM,Not Sure,0 to 45C,bmt_full_1164.json,outage_suspect;zero
manalil,2025-04-20,3.651,1.849,2:25PM,Cloudy,0 to 64C,bmt_full_1164.json,outage_suspect
manalil,2025-04-21,13.798,2.163,11:45AM,Partly Cloudy,0 to 77C,bmt_full_1164.json,outage_suspect
manalil,2025-04-22,0.001,0.012,12:00AM,Showers,0 to 45C,bmt_full_1164.json,outage_suspect
manalil,2025-04-23,14.406,1.814,3:05PM,Partly Cloudy,0 to 48C,bmt_full_1164.json,outage_suspect
manalil,2025-04-24,0.619,1.611,12:00AM,Showers,0 to 48C,bmt_full_1164.json,outage_suspect
manalil,2025-04-25,10.792,2.176,1:20PM,Mostly Cloudy,0 to 72C,bmt_full_1164.json,outage_suspect
manalil,2025-04-26,0.001,0.01,12:00AM,Showers,0 to 43C,bmt_full_1164.json,outage_suspect
manalil,2025-04-27,0.0,0.0,12:00AM,Not Sure,0 to 30C,bmt_full_1164.json,outage_suspect;zero
manalil,2025-04-28,3.344,2.102,2:30PM,Cloudy,0 to 69C,bmt_full_1164.json,outage_suspect
manalil,2025-04-29,14.018,2.28,1:00PM,Partly Cloudy,0 to 75C,bmt_full_1164.json,outage_suspect
manalil,2025-04-30,0.0,0.0,12:00AM,Not Sure,0 to 44C,bmt_full_1164.json,outage_suspect;zero
manalil,2025-05-01,0.0,0.0,12:00AM,Not Sure,0 to 35C,bmt_full_1164.json,outage_suspect;zero
manalil,2025-05-02,0.0,0.0,12:00AM,Not Sure,0 to 33C,bmt_full_1164.json,outage_suspect;zero
manalil,2025-05-03,0.0,0.0,12:00AM,Not Sure,0 to 0C,bmt_full_1164.json,outage_suspect;zero
manalil,2025-05-04,0.0,0.0,12:00AM,Not Sure,0 to 0C,bmt_full_1164.json,outage_suspect;zero
manalil,2025-05-05,5.644,1.645,12:50PM,Cloudy,0 to 61C,bmt_full_1164.json,
manalil,2025-05-06,8.963,2.287,1:15PM,Mostly Cloudy,0 to 71C,bmt_full_1164.json,
manalil,2025-05-07,10.654,2.432,11:20AM,Mostly Cloudy,0 to 74C,bmt_full_1164.json,
manalil,2025-05-08,11.83,2.648,1:35PM,Mostly Cloudy,0 to 74C,bmt_full_1164.json,
manalil,2025-05-09,13.983,2.406,12:00PM,Partly Cloudy,27 to 34C,bmt_full_1164.json,
manalil,2025-05-10,15.482,2.254,12:25PM,Fine,28 to 33C,bmt_full_1164.json,
manalil,2025-05-11,14.715,2.252,11:50AM,Partly Cloudy,27 to 33C,bmt_full_1164.json,
manalil,2025-05-12,14.561,2.291,12:10PM,Partly Cloudy,27 to 33C,bmt_full_1164.json,
manalil,2025-05-13,13.071,2.261,1:00PM,Partly Cloudy,24 to 31C,bmt_full_1164.json,
manalil,2025-05-14,15.127,2.315,1:30PM,Partly Cloudy,24 to 30C,bmt_full_1164.json,
manalil,2025-05-15,12.979,2.323,10:30AM,Partly Cloudy,25 to 31C,bmt_full_1164.json,
manalil,2025-05-16,13.409,2.468,10:40AM,Partly Cloudy,26 to 30C,bmt_full_1164.json,
manalil,2025-05-17,6.58,1.421,1:20PM,Cloudy,25 to 28C,bmt_full_1164.json,
manalil,2025-05-18,10.907,2.471,11:20AM,Mostly Cloudy,24 to 27C,bmt_full_1164.json,
manalil,2025-05-19,11.117,2.114,10:40AM,Mostly Cloudy,22 to 32C,bmt_full_1164.json,
manalil,2025-05-20,12.275,2.251,12:30PM,Mostly Cloudy,24 to 29C,bmt_full_1164.json,
manalil,2025-05-21,8.515,2.673,1:50PM,Mostly Cloudy,26 to 32C,bmt_full_1164.json,
manalil,2025-05-22,13.437,2.206,12:30PM,Partly Cloudy,26 to 32C,bmt_full_1164.json,
manalil,2025-05-23,12.164,2.334,12:10PM,Mostly Cloudy,24 to 33C,bmt_full_1164.json,
manalil,2025-05-24,5.956,1.926,11:05AM,Cloudy,24 to 30C,bmt_full_1164.json,
manalil,2025-05-25,6.909,2.028,11:10AM,Cloudy,24 to 30C,bmt_full_1164.json,
manalil,2025-05-26,3.923,1.082,11:50AM,Cloudy,24 to 31C,bmt_full_1164.json,
manalil,2025-05-27,4.571,1.165,10:00AM,Cloudy,25 to 30C,bmt_full_1164.json,
manalil,2025-05-28,14.455,2.346,10:20AM,Partly Cloudy,28 to 32C,bmt_full_1164.json,
manalil,2025-05-29,7.92,1.7,10:55AM,Mostly Cloudy,25 to 31C,bmt_full_1164.json,
manalil,2025-05-30,3.306,1.242,11:20AM,Cloudy,24 to 28C,bmt_full_1164.json,
manalil,2025-05-31,4.453,1.31,4:10PM,Cloudy,24 to 28C,bmt_full_1164.json,
manalil,2025-06-01,13.445,2.202,11:45AM,Partly Cloudy,26 to 31C,bmt_full_1164.json,
manalil,2025-06-02,14.583,2.386,1:15PM,Partly Cloudy,26 to 32C,bmt_full_1164.json,
manalil,2025-06-03,13.747,2.666,11:35AM,Partly Cloudy,26 to 32C,bmt_full_1164.json,
manalil,2025-06-04,10.049,2.637,10:35AM,Mostly Cloudy,26 to 29C,bmt_full_1164.json,
manalil,2025-06-05,14.273,2.117,12:05PM,Partly Cloudy,26 to 31C,bmt_full_1164.json,
manalil,2025-06-06,15.091,2.145,11:55AM,Partly Cloudy,27 to 31C,bmt_full_1164.json,
manalil,2025-06-07,14.929,2.164,12:25PM,Partly Cloudy,27 to 32C,bmt_full_1164.json,
manalil,2025-06-08,15.011,2.175,12:10PM,Partly Cloudy,26 to 32C,bmt_full_1164.json,
manalil,2025-06-09,12.748,2.696,11:20AM,Partly Cloudy,25 to 31C,bmt_full_1164.json,
manalil,2025-06-10,12.055,2.697,11:50AM,Mostly Cloudy,26 to 31C,bmt_full_1164.json,
manalil,2025-06-11,10.199,2.432,2:00PM,Mostly Cloudy,25 to 31C,bmt_full_1164.json,
manalil,2025-06-12,12.194,2.6,12:50PM,Mostly Cloudy,25 to 31C,bmt_full_1164.json,
manalil,2025-06-13,5.119,1.637,10:45AM,Cloudy,25 to 29C,bmt_full_1164.json,
manalil,2025-06-14,8.202,2.548,1:00PM,Mostly Cloudy,24 to 30C,bmt_full_1164.json,
manalil,2025-06-15,6.466,2.276,12:25PM,Cloudy,24 to 30C,bmt_full_1164.json,
manalil,2025-06-16,8.033,1.718,11:55AM,Mostly Cloudy,24 to 30C,bmt_full_1164.json,
manalil,2025-06-17,13.745,2.88,11:10AM,Partly Cloudy,25 to 32C,bmt_full_1164.json,
manalil,2025-06-18,14.033,2.221,11:40AM,Partly Cloudy,26 to 31C,bmt_full_1164.json,
manalil,2025-06-19,12.913,2.554,12:50PM,Partly Cloudy,26 to 30C,bmt_full_1164.json,
manalil,2025-06-20,13.687,2.2,12:00PM,Partly Cloudy,26 to 31C,bmt_full_1164.json,
manalil,2025-06-21,14.784,2.366,12:40PM,Partly Cloudy,26 to 31C,bmt_full_1164.json,
manalil,2025-06-22,12.244,2.467,2:20PM,Mostly Cloudy,26 to 31C,bmt_full_1164.json,
manalil,2025-06-23,9.846,1.504,11:15AM,Mostly Cloudy,25 to 30C,bmt_full_1164.json,
manalil,2025-06-24,13.079,2.381,12:10PM,Partly Cloudy,27 to 31C,bmt_full_1164.json,
manalil,2025-06-25,11.816,2.34,10:50AM,Mostly Cloudy,27 to 32C,bmt_full_1164.json,
manalil,2025-06-26,3.07,1.089,1:10PM,Showers,24 to 28C,bmt_full_1164.json,
manalil,2025-06-27,14.159,2.571,12:50PM,Partly Cloudy,24 to 31C,bmt_full_1164.json,
manalil,2025-06-28,14.107,2.713,12:50PM,Partly Cloudy,24 to 31C,bmt_full_1164.json,
manalil,2025-06-29,13.567,2.61,12:20PM,Partly Cloudy,24 to 32C,bmt_full_1164.json,
manalil,2025-06-30,15.031,2.217,12:00PM,Partly Cloudy,26 to 31C,bmt_full_1164.json,
manalil,2025-07-01,13.505,2.112,12:40PM,Partly Cloudy,26 to 31C,bmt_full_1164.json,
manalil,2025-07-02,11.687,2.113,12:25PM,Mostly Cloudy,25 to 31C,bmt_full_1164.json,
manalil,2025-07-03,12.303,2.48,12:35PM,Mostly Cloudy,25 to 32C,bmt_full_1164.json,
manalil,2025-07-04,13.486,2.321,11:10AM,Partly Cloudy,24 to 31C,bmt_full_1164.json,
manalil,2025-07-05,14.771,2.194,11:40AM,Partly Cloudy,26 to 32C,bmt_full_1164.json,
manalil,2025-07-06,14.487,2.345,1:20PM,Partly Cloudy,24 to 31C,bmt_full_1164.json,
manalil,2025-07-07,14.647,2.244,12:00PM,Partly Cloudy,25 to 32C,bmt_full_1164.json,
manalil,2025-07-08,15.123,2.274,11:40AM,Partly Cloudy,26 to 32C,bmt_full_1164.json,
manalil,2025-07-09,14.193,2.403,12:20PM,Partly Cloudy,26 to 32C,bmt_full_1164.json,
manalil,2025-07-10,14.533,2.4,11:30AM,Partly Cloudy,27 to 33C,bmt_full_1164.json,
manalil,2025-07-11,14.399,2.149,12:15PM,Partly Cloudy,27 to 32C,bmt_full_1164.json,
manalil,2025-07-12,15.443,2.335,1:15PM,Partly Cloudy,25 to 32C,bmt_full_1164.json,
manalil,2025-07-13,13.883,2.407,1:05PM,Partly Cloudy,24 to 31C,bmt_full_1164.json,
manalil,2025-07-14,12.277,2.564,12:25PM,Mostly Cloudy,23 to 31C,bmt_full_1164.json,
manalil,2025-07-15,12.898,2.786,12:00PM,Partly Cloudy,23 to 30C,bmt_full_1164.json,
manalil,2025-07-16,7.881,1.698,11:30AM,Mostly Cloudy,24 to 28C,bmt_full_1164.json,
manalil,2025-07-17,7.451,1.565,3:25PM,Cloudy,24 to 28C,bmt_full_1164.json,
manalil,2025-07-18,10.159,2.716,12:25PM,Mostly Cloudy,24 to 30C,bmt_full_1164.json,
manalil,2025-07-19,6.512,2.275,1:20PM,Cloudy,23 to 27C,bmt_full_1164.json,
manalil,2025-07-20,5.763,1.741,11:50AM,Cloudy,24 to 27C,bmt_full_1164.json,
manalil,2025-07-21,10.585,2.642,11:00AM,Mostly Cloudy,24 to 28C,bmt_full_1164.json,
manalil,2025-07-22,10.617,2.605,2:20PM,Mostly Cloudy,24 to 28C,bmt_full_1164.json,
manalil,2025-07-23,11.179,2.786,12:15PM,Mostly Cloudy,23 to 28C,bmt_full_1164.json,
manalil,2025-07-24,7.88,1.922,1:00PM,Mostly Cloudy,23 to 28C,bmt_full_1164.json,
manalil,2025-07-25,11.319,2.168,12:10PM,Mostly Cloudy,24 to 30C,bmt_full_1164.json,
manalil,2025-07-26,8.823,2.209,11:50AM,Mostly Cloudy,22 to 29C,bmt_full_1164.json,
manalil,2025-07-27,13.982,2.287,1:20PM,Partly Cloudy,23 to 30C,bmt_full_1164.json,
manalil,2025-07-28,13.914,2.48,12:30PM,Partly Cloudy,26 to 30C,bmt_full_1164.json,
manalil,2025-07-29,15.445,2.33,12:35PM,Partly Cloudy,24 to 32C,bmt_full_1164.json,
manalil,2025-07-30,13.741,2.828,11:50AM,Partly Cloudy,26 to 31C,bmt_full_1164.json,
manalil,2025-07-31,11.803,2.616,11:40AM,Mostly Cloudy,25 to 30C,bmt_full_1164.json,
manalil,2025-08-01,11.063,2.203,11:15AM,Mostly Cloudy,26 to 30C,bmt_full_1164.json,
manalil,2025-08-02,12.032,2.633,12:55PM,Mostly Cloudy,25 to 32C,bmt_full_1164.json,
manalil,2025-08-03,4.255,1.036,10:35AM,Cloudy,24 to 26C,bmt_full_1164.json,
manalil,2025-08-04,16.123,2.303,12:45PM,Fine,24 to 29C,bmt_full_1164.json,
manalil,2025-08-05,11.475,2.789,12:25PM,Mostly Cloudy,24 to 30C,bmt_full_1164.json,
manalil,2025-08-06,15.031,2.322,12:00PM,Partly Cloudy,25 to 29C,bmt_full_1164.json,
manalil,2025-08-07,14.704,2.258,1:10PM,Partly Cloudy,25 to 29C,bmt_full_1164.json,
manalil,2025-08-08,12.346,2.688,12:50PM,Mostly Cloudy,25 to 29C,bmt_full_1164.json,
manalil,2025-08-09,14.072,2.255,11:45AM,Partly Cloudy,26 to 30C,bmt_full_1164.json,
manalil,2025-08-10,12.357,2.253,11:05AM,Mostly Cloudy,26 to 30C,bmt_full_1164.json,
manalil,2025-08-11,8.014,1.644,12:40PM,Mostly Cloudy,26 to 28C,bmt_full_1164.json,
manalil,2025-08-12,11.639,2.697,11:40AM,Mostly Cloudy,24 to 29C,bmt_full_1164.json,
manalil,2025-08-13,13.166,2.498,11:45AM,Partly Cloudy,24 to 29C,bmt_full_1164.json,
manalil,2025-08-14,7.511,2.339,12:35PM,Cloudy,24 to 30C,bmt_full_1164.json,
manalil,2025-08-15,13.738,2.736,1:05PM,Partly Cloudy,24 to 29C,bmt_full_1164.json,
manalil,2025-08-16,10.633,2.311,12:05PM,Mostly Cloudy,24 to 30C,bmt_full_1164.json,
manalil,2025-08-17,10.973,1.866,1:40PM,Mostly Cloudy,24 to 29C,bmt_full_1164.json,
manalil,2025-08-18,13.669,2.513,11:55AM,Partly Cloudy,26 to 30C,bmt_full_1164.json,
manalil,2025-08-19,15.361,2.413,12:10PM,Partly Cloudy,26 to 30C,bmt_full_1164.json,
manalil,2025-08-20,14.646,2.594,12:50PM,Partly Cloudy,26 to 30C,bmt_full_1164.json,
manalil,2025-08-21,14.676,2.502,12:25PM,Partly Cloudy,24 to 30C,bmt_full_1164.json,
manalil,2025-08-22,13.049,2.435,12:25PM,Partly Cloudy,26 to 31C,bmt_full_1164.json,
manalil,2025-08-23,15.098,2.285,12:05PM,Partly Cloudy,25 to 30C,bmt_full_1164.json,
manalil,2025-08-24,15.382,2.273,12:05PM,Partly Cloudy,25 to 30C,bmt_full_1164.json,
manalil,2025-08-25,15.94,2.336,12:15PM,Fine,25 to 32C,bmt_full_1164.json,
manalil,2025-08-26,14.35,2.403,12:10PM,Partly Cloudy,26 to 30C,bmt_full_1164.json,
manalil,2025-08-27,13.878,2.623,1:35PM,Partly Cloudy,25 to 31C,bmt_full_1164.json,
manalil,2025-08-28,12.424,2.77,11:55AM,Partly Cloudy,24 to 30C,bmt_full_1164.json,
manalil,2025-08-29,8.316,2.662,1:40PM,Mostly Cloudy,25 to 29C,bmt_full_1164.json,
manalil,2025-08-30,11.8,2.778,11:15AM,Mostly Cloudy,25 to 29C,bmt_full_1164.json,
manalil,2025-08-31,14.205,2.67,10:40AM,Partly Cloudy,25 to 30C,bmt_full_1164.json,
manalil,2025-09-01,12.9,2.57,11:30AM,Partly Cloudy,26 to 30C,bmt_full_1164.json,
manalil,2025-09-02,14.369,2.379,11:55AM,Partly Cloudy,26 to 30C,bmt_full_1164.json,
manalil,2025-09-03,15.161,2.467,12:25PM,Partly Cloudy,26 to 30C,bmt_full_1164.json,
manalil,2025-09-04,15.265,2.378,11:55AM,Partly Cloudy,26 to 31C,bmt_full_1164.json,
manalil,2025-09-05,14.482,2.444,11:15AM,Partly Cloudy,25 to 31C,bmt_full_1164.json,
manalil,2025-09-06,15.389,2.349,12:35PM,Partly Cloudy,24 to 30C,bmt_full_1164.json,
manalil,2025-09-07,14.703,2.396,11:40AM,Partly Cloudy,24 to 31C,bmt_full_1164.json,
manalil,2025-09-08,11.112,2.524,10:55AM,Mostly Cloudy,24 to 31C,bmt_full_1164.json,
manalil,2025-09-09,8.631,2.143,1:25PM,Mostly Cloudy,25 to 31C,bmt_full_1164.json,
manalil,2025-09-10,14.674,2.468,1:20PM,Partly Cloudy,24 to 31C,bmt_full_1164.json,
manalil,2025-09-11,12.724,2.318,12:00PM,Partly Cloudy,26 to 31C,bmt_full_1164.json,
manalil,2025-09-12,14.954,2.587,11:30AM,Partly Cloudy,26 to 32C,bmt_full_1164.json,
manalil,2025-09-13,5.807,2.175,11:25AM,Cloudy,26 to 31C,bmt_full_1164.json,
manalil,2025-09-14,13.903,2.33,12:30PM,Partly Cloudy,26 to 31C,bmt_full_1164.json,
manalil,2025-09-15,13.391,2.654,12:50PM,Partly Cloudy,26 to 31C,bmt_full_1164.json,
manalil,2025-09-16,14.716,2.276,11:55AM,Partly Cloudy,26 to 31C,bmt_full_1164.json,
manalil,2025-09-17,10.402,2.643,12:25PM,Mostly Cloudy,26 to 30C,bmt_full_1164.json,
manalil,2025-09-18,14.69,2.515,12:50PM,Partly Cloudy,26 to 31C,bmt_full_1164.json,
manalil,2025-09-19,8.99,2.076,11:30AM,Mostly Cloudy,26 to 31C,bmt_full_1164.json,
manalil,2025-09-20,14.504,2.28,12:25PM,Partly Cloudy,26 to 32C,bmt_full_1164.json,
manalil,2025-09-21,13.063,2.424,12:00PM,Partly Cloudy,26 to 32C,bmt_full_1164.json,
manalil,2025-09-22,14.073,2.308,12:25PM,Partly Cloudy,25 to 31C,bmt_full_1164.json,
manalil,2025-09-23,12.827,2.522,12:00PM,Partly Cloudy,24 to 31C,bmt_full_1164.json,
manalil,2025-09-24,12.029,2.832,12:25PM,Mostly Cloudy,25 to 31C,bmt_full_1164.json,
manalil,2025-09-25,3.663,1.386,1:35PM,Cloudy,24 to 28C,bmt_full_1164.json,
manalil,2025-09-26,4.272,1.781,2:00PM,Cloudy,24 to 27C,bmt_full_1164.json,
manalil,2025-09-27,13.247,2.482,11:50AM,Partly Cloudy,24 to 31C,bmt_full_1164.json,
manalil,2025-09-28,11.936,2.529,12:45PM,Mostly Cloudy,25 to 31C,bmt_full_1164.json,
manalil,2025-09-29,12.534,2.383,11:30AM,Partly Cloudy,26 to 32C,bmt_full_1164.json,
manalil,2025-09-30,9.755,2.223,1:45PM,Mostly Cloudy,26 to 31C,bmt_full_1164.json,
manalil,2025-10-01,13.333,2.353,12:30PM,Partly Cloudy,24 to 31C,bmt_full_1164.json,
manalil,2025-10-02,12.653,2.444,12:40PM,Partly Cloudy,25 to 31C,bmt_full_1164.json,
manalil,2025-10-03,12.816,2.254,12:25PM,Partly Cloudy,24 to 32C,bmt_full_1164.json,
manalil,2025-10-04,9.402,2.211,12:50PM,Mostly Cloudy,25 to 32C,bmt_full_1164.json,
manalil,2025-10-05,12.255,2.483,1:15PM,Mostly Cloudy,24 to 30C,bmt_full_1164.json,
manalil,2025-10-06,10.923,2.235,12:15PM,Mostly Cloudy,23 to 32C,bmt_full_1164.json,
manalil,2025-10-07,11.746,2.312,11:55AM,Mostly Cloudy,25 to 32C,bmt_full_1164.json,
manalil,2025-10-08,11.081,2.355,1:25PM,Mostly Cloudy,24 to 32C,bmt_full_1164.json,
manalil,2025-10-09,11.026,2.408,1:00PM,Mostly Cloudy,24 to 32C,bmt_full_1164.json,
manalil,2025-10-10,11.895,2.246,12:35PM,Mostly Cloudy,25 to 32C,bmt_full_1164.json,
manalil,2025-10-11,11.609,2.25,12:50PM,Mostly Cloudy,24 to 33C,bmt_full_1164.json,
manalil,2025-10-12,7.463,2.507,1:15PM,Cloudy,25 to 32C,bmt_full_1164.json,
manalil,2025-10-13,11.155,2.425,1:00PM,Mostly Cloudy,23 to 32C,bmt_full_1164.json,
manalil,2025-10-14,4.99,1.704,12:20PM,Cloudy,24 to 31C,bmt_full_1164.json,
manalil,2025-10-15,6.107,2.331,2:15PM,Cloudy,24 to 31C,bmt_full_1164.json,
manalil,2025-10-16,5.72,2.085,2:05PM,Cloudy,25 to 30C,bmt_full_1164.json,
manalil,2025-10-17,6.92,2.122,11:40AM,Cloudy,26 to 30C,bmt_full_1164.json,
manalil,2025-10-18,10.791,2.072,1:20PM,Mostly Cloudy,25 to 32C,bmt_full_1164.json,
manalil,2025-10-19,6.651,1.461,11:45AM,Cloudy,25 to 30C,bmt_full_1164.json,
manalil,2025-10-20,7.894,1.755,12:25PM,Mostly Cloudy,25 to 32C,bmt_full_1164.json,
manalil,2025-10-21,3.854,0.565,10:55AM,Cloudy,24 to 29C,bmt_full_1164.json,
manalil,2025-10-22,7.673,2.501,1:25PM,Cloudy,25 to 32C,bmt_full_1164.json,
manalil,2025-10-23,6.992,2.148,12:55PM,Cloudy,24 to 31C,bmt_full_1164.json,
manalil,2025-10-24,3.234,1.204,11:20AM,Cloudy,24 to 29C,bmt_full_1164.json,
manalil,2025-10-25,9.555,2.701,1:00PM,Mostly Cloudy,25 to 32C,bmt_full_1164.json,
manalil,2025-10-26,9.703,2.397,1:25PM,Mostly Cloudy,25 to 32C,bmt_full_1164.json,
manalil,2025-10-27,7.243,1.318,11:15AM,Cloudy,24 to 31C,bmt_full_1164.json,
manalil,2025-10-28,6.55,2.037,11:50AM,Cloudy,24 to 30C,bmt_full_1164.json,
manalil,2025-10-29,10.116,2.173,12:45PM,Mostly Cloudy,24 to 31C,bmt_full_1164.json,
manalil,2025-10-30,9.976,2.194,12:35PM,Mostly Cloudy,25 to 31C,bmt_full_1164.json,
manalil,2025-10-31,9.916,2.099,1:00PM,Mostly Cloudy,24 to 31C,bmt_full_1164.json,
manalil,2025-11-01,10.266,2.184,12:50PM,Mostly Cloudy,26 to 32C,bmt_full_1164.json,
manalil,2025-11-02,9.655,2.194,12:50PM,Mostly Cloudy,25 to 31C,bmt_full_1164.json,
manalil,2025-11-03,9.865,2.234,1:45PM,Mostly Cloudy,25 to 31C,bmt_full_1164.json,
manalil,2025-11-04,10.269,2.264,1:20PM,Mostly Cloudy,25 to 31C,bmt_full_1164.json,
manalil,2025-11-05,8.357,1.839,12:45PM,Mostly Cloudy,26 to 30C,bmt_full_1164.json,
manalil,2025-11-06,8.937,2.246,1:40PM,Mostly Cloudy,26 to 31C,bmt_full_1164.json,
manalil,2025-11-07,0.047,0.01,8:05PM,Showers,25 to 31C,bmt_full_1164.json,
manalil,2025-11-08,9.329,2.174,1:20PM,Mostly Cloudy,26 to 31C,bmt_full_1164.json,
manalil,2025-11-09,8.296,2.31,12:10PM,Mostly Cloudy,24 to 31C,bmt_full_1164.json,
manalil,2025-11-10,7.255,2.005,1:35PM,Cloudy,25 to 31C,bmt_full_1164.json,
manalil,2025-11-11,6.108,2.1,1:10PM,Cloudy,26 to 32C,bmt_full_1164.json,
manalil,2025-11-12,8.987,1.884,1:00PM,Mostly Cloudy,24 to 32C,bmt_full_1164.json,
manalil,2025-11-13,7.263,1.749,2:35PM,Cloudy,24 to 30C,bmt_full_1164.json,
manalil,2025-11-14,6.72,2.463,1:00PM,Cloudy,25 to 31C,bmt_full_1164.json,
manalil,2025-11-15,10.397,1.971,12:40PM,Mostly Cloudy,25 to 31C,bmt_full_1164.json,
manalil,2025-11-16,9.669,1.971,12:55PM,Mostly Cloudy,25 to 31C,bmt_full_1164.json,
manalil,2025-11-17,5.645,2.221,12:20PM,Cloudy,26 to 31C,bmt_full_1164.json,
manalil,2025-11-18,2.551,0.783,10:15AM,Showers,24 to 28C,bmt_full_1164.json,
manalil,2025-11-19,9.442,2.148,12:45PM,Mostly Cloudy,24 to 30C,bmt_full_1164.json,
manalil,2025-11-20,9.178,2.043,12:55PM,Mostly Cloudy,25 to 32C,bmt_full_1164.json,
manalil,2025-11-21,9.273,2.042,1:05PM,Mostly Cloudy,26 to 32C,bmt_full_1164.json,
manalil,2025-11-22,1.967,0.437,2:35PM,Showers,25 to 27C,bmt_full_1164.json,
manalil,2025-11-23,4.298,1.078,12:10PM,Cloudy,25 to 30C,bmt_full_1164.json,
manalil,2025-11-24,3.258,0.786,10:15AM,Cloudy,25 to 28C,bmt_full_1164.json,
manalil,2025-11-25,8.766,1.958,2:00PM,Mostly Cloudy,25 to 32C,bmt_full_1164.json,
manalil,2025-11-26,5.843,2.149,1:55PM,Cloudy,26 to 31C,bmt_full_1164.json,
manalil,2025-11-27,6.574,1.307,2:15PM,Cloudy,25 to 31C,bmt_full_1164.json,
manalil,2025-11-28,2.681,0.606,9:40AM,Showers,23 to 28C,bmt_full_1164.json,
manalil,2025-11-29,3.614,0.68,11:40AM,Cloudy,23 to 28C,bmt_full_1164.json,
manalil,2025-11-30,9.182,1.915,1:00PM,Mostly Cloudy,23 to 31C,bmt_full_1164.json,
manalil,2025-12-01,8.832,2.055,12:40PM,Mostly Cloudy,25 to 31C,bmt_full_1164.json,
manalil,2025-12-02,9.607,1.909,12:55PM,Mostly Cloudy,25 to 31C,bmt_full_1164.json,
manalil,2025-12-03,9.303,1.99,1:20PM,Mostly Cloudy,26 to 32C,bmt_full_1164.json,
manalil,2025-12-04,8.754,2.025,12:45PM,Mostly Cloudy,25 to 32C,bmt_full_1164.json,
manalil,2025-12-05,8.408,2.182,12:50PM,Mostly Cloudy,25 to 32C,bmt_full_1164.json,
manalil,2025-12-06,9.21,1.907,12:45PM,Mostly Cloudy,26 to 32C,bmt_full_1164.json,
manalil,2025-12-07,7.137,2.217,1:35PM,Cloudy,25 to 32C,bmt_full_1164.json,
manalil,2025-12-08,9.26,2.084,1:00PM,Mostly Cloudy,25 to 32C,bmt_full_1164.json,
manalil,2025-12-09,8.866,1.954,1:05PM,Mostly Cloudy,24 to 32C,bmt_full_1164.json,
manalil,2025-12-10,1.021,1.02,3:35PM,Showers,26 to 33C,bmt_full_1164.json,
manalil,2025-12-11,8.949,1.935,12:45PM,Mostly Cloudy,26 to 32C,bmt_full_1164.json,
manalil,2025-12-12,8.777,1.937,1:05PM,Mostly Cloudy,25 to 32C,bmt_full_1164.json,
manalil,2025-12-13,8.88,1.946,1:05PM,Mostly Cloudy,26 to 32C,bmt_full_1164.json,
manalil,2025-12-14,9.238,1.916,1:05PM,Mostly Cloudy,25 to 32C,bmt_full_1164.json,
manalil,2025-12-15,8.845,1.916,12:40PM,Mostly Cloudy,24 to 31C,bmt_full_1164.json,
manalil,2025-12-16,5.338,1.82,12:35PM,Cloudy,22 to 31C,bmt_full_1164.json,
manalil,2025-12-17,5.496,1.849,1:20PM,Cloudy,25 to 32C,bmt_full_1164.json,
manalil,2025-12-18,8.683,2.139,1:25PM,Mostly Cloudy,24 to 32C,bmt_full_1164.json,
manalil,2025-12-19,8.603,1.994,12:55PM,Mostly Cloudy,24 to 33C,bmt_full_1164.json,
manalil,2025-12-20,7.936,1.969,1:15PM,Mostly Cloudy,23 to 31C,bmt_full_1164.json,
manalil,2025-12-21,8.925,2.044,1:00PM,Mostly Cloudy,22 to 31C,bmt_full_1164.json,
manalil,2025-12-22,8.855,1.897,1:15PM,Mostly Cloudy,22 to 32C,bmt_full_1164.json,
manalil,2025-12-23,9.15,1.935,1:10PM,Mostly Cloudy,23 to 31C,bmt_full_1164.json,
manalil,2025-12-24,8.872,1.943,12:55PM,Mostly Cloudy,24 to 32C,bmt_full_1164.json,
manalil,2025-12-25,8.689,1.914,1:20PM,Mostly Cloudy,24 to 32C,bmt_full_1164.json,
manalil,2025-12-26,8.832,1.848,12:55PM,Mostly Cloudy,23 to 32C,bmt_full_1164.json,
manalil,2025-12-27,8.831,1.937,1:05PM,Mostly Cloudy,25 to 32C,bmt_full_1164.json,
manalil,2025-12-28,9.231,1.965,1:00PM,Mostly Cloudy,25 to 32C,bmt_full_1164.json,
manalil,2025-12-29,8.692,1.937,1:00PM,Mostly Cloudy,24 to 32C,bmt_full_1164.json,
manalil,2025-12-30,8.106,1.777,1:15PM,Mostly Cloudy,25 to 32C,bmt_full_1164.json,
manalil,2025-12-31,8.695,1.681,12:45PM,Mostly Cloudy,25 to 31C,bmt_full_1164.json,
manalil,2026-01-01,8.92,1.895,1:05PM,Mostly Cloudy,25 to 32C,bmt_full_1164.json,
manalil,2026-01-02,4.824,1.568,1:05PM,Cloudy,26 to 31C,bmt_full_1164.json,
manalil,2026-01-03,8.692,1.823,1:15PM,Mostly Cloudy,25 to 32C,bmt_full_1164.json,
manalil,2026-01-04,8.18,1.858,1:25PM,Mostly Cloudy,25 to 33C,bmt_full_1164.json,
manalil,2026-01-05,8.819,1.999,12:50PM,Mostly Cloudy,24 to 32C,bmt_full_1164.json,
manalil,2026-01-06,7.581,1.892,1:40PM,Cloudy,25 to 32C,bmt_full_1164.json,
manalil,2026-01-07,7.419,1.948,12:50PM,Cloudy,25 to 32C,bmt_full_1164.json,
manalil,2026-01-08,7.768,1.461,1:40PM,Mostly Cloudy,25 to 32C,bmt_full_1164.json,
manalil,2026-01-09,8.424,1.947,1:45PM,Mostly Cloudy,23 to 31C,bmt_full_1164.json,
manalil,2026-01-10,8.356,1.875,1:35PM,Mostly Cloudy,24 to 31C,bmt_full_1164.json,
manalil,2026-01-11,9.761,2.165,1:20PM,Mostly Cloudy,25 to 32C,bmt_full_1164.json,
manalil,2026-01-12,8.547,1.982,12:20PM,Mostly Cloudy,25 to 32C,bmt_full_1164.json,
manalil,2026-01-13,6.239,2.242,1:25PM,Cloudy,26 to 32C,bmt_full_1164.json,
manalil,2026-01-14,8.329,1.936,1:15PM,Mostly Cloudy,25 to 32C,bmt_full_1164.json,
manalil,2026-01-15,8.703,1.944,1:05PM,Mostly Cloudy,23 to 32C,bmt_full_1164.json,
manalil,2026-01-16,8.449,1.846,1:15PM,Mostly Cloudy,25 to 31C,bmt_full_1164.json,
manalil,2026-01-17,9.249,1.966,2:00PM,Mostly Cloudy,24 to 32C,bmt_full_1164.json,
manalil,2026-01-18,8.97,1.753,1:40PM,Mostly Cloudy,25 to 31C,bmt_full_1164.json,
manalil,2026-01-19,5.564,1.699,2:10PM,Cloudy,25 to 31C,bmt_full_1164.json,
manalil,2026-01-20,8.875,1.755,1:35PM,Mostly Cloudy,25 to 32C,bmt_full_1164.json,
manalil,2026-01-21,9.056,1.804,1:40PM,Mostly Cloudy,24 to 32C,bmt_full_1164.json,
manalil,2026-01-22,9.145,1.878,1:25PM,Mostly Cloudy,25 to 32C,bmt_full_1164.json,
manalil,2026-01-23,9.178,1.978,1:20PM,Mostly Cloudy,23 to 32C,bmt_full_1164.json,
manalil,2026-01-24,8.957,1.868,1:10PM,Mostly Cloudy,24 to 32C,bmt_full_1164.json,
manalil,2026-01-25,6.116,2.297,3:15PM,Cloudy,26 to 31C,bmt_full_1164.json,
manalil,2026-01-26,9.977,2.216,1:40PM,Mostly Cloudy,26 to 32C,bmt_full_1164.json,
manalil,2026-01-27,9.887,2.153,1:15PM,Mostly Cloudy,24 to 32C,bmt_full_1164.json,
manalil,2026-01-28,9.653,2.106,1:20PM,Mostly Cloudy,25 to 32C,bmt_full_1164.json,
manalil,2026-01-29,9.721,1.998,1:45PM,Mostly Cloudy,25 to 32C,bmt_full_1164.json,
manalil,2026-01-30,10.182,2.133,1:15PM,Mostly Cloudy,25 to 32C,bmt_full_1164.json,
manalil,2026-01-31,10.067,2.276,2:15PM,Mostly Cloudy,25 to 32C,bmt_full_1164.json,
manalil,2026-02-01,10.155,2.146,2:30PM,Mostly Cloudy,25 to 32C,bmt_full_1164.json,
manalil,2026-02-02,9.811,2.111,1:20PM,Mostly Cloudy,27 to 33C,bmt_full_1164.json,
manalil,2026-02-03,8.926,2.251,1:55PM,Mostly Cloudy,26 to 32C,bmt_full_1164.json,
manalil,2026-02-04,10.176,2.119,1:05PM,Mostly Cloudy,26 to 32C,bmt_full_1164.json,
manalil,2026-02-05,9.393,2.335,2:20PM,Mostly Cloudy,24 to 32C,bmt_full_1164.json,
manalil,2026-02-06,7.634,2.192,1:25PM,Cloudy,26 to 33C,bmt_full_1164.json,
manalil,2026-02-07,9.766,2.151,1:05PM,Mostly Cloudy,26 to 33C,bmt_full_1164.json,
manalil,2026-02-08,9.699,2.107,1:15PM,Mostly Cloudy,24 to 33C,bmt_full_1164.json,
manalil,2026-02-09,9.837,1.976,1:55PM,Mostly Cloudy,25 to 32C,bmt_full_1164.json,
manalil,2026-02-10,9.817,1.934,1:40PM,Mostly Cloudy,25 to 32C,bmt_full_1164.json,
manalil,2026-02-11,10.066,2.141,1:20PM,Mostly Cloudy,24 to 32C,bmt_full_1164.json,
manalil,2026-02-12,9.552,2.162,1:35PM,Mostly Cloudy,23 to 32C,bmt_full_1164.json,
manalil,2026-02-13,9.56,1.992,1:55PM,Mostly Cloudy,24 to 32C,bmt_full_1164.json,
manalil,2026-02-14,9.562,2.24,1:10PM,Mostly Cloudy,26 to 32C,bmt_full_1164.json,
manalil,2026-02-15,9.264,2.229,1:30PM,Mostly Cloudy,26 to 33C,bmt_full_1164.json,
manalil,2026-02-16,9.593,2.009,12:45PM,Mostly Cloudy,26 to 33C,bmt_full_1164.json,
manalil,2026-02-17,9.921,1.997,1:35PM,Mostly Cloudy,25 to 34C,bmt_full_1164.json,
manalil,2026-02-18,9.412,2.214,1:45PM,Mostly Cloudy,28 to 33C,bmt_full_1164.json,
manalil,2026-02-19,9.585,2.095,1:25PM,Mostly Cloudy,26 to 33C,bmt_full_1164.json,
manalil,2026-02-20,9.908,2.104,1:30PM,Mostly Cloudy,27 to 33C,bmt_full_1164.json,
manalil,2026-02-21,8.068,2.042,1:05PM,Mostly Cloudy,25 to 33C,bmt_full_1164.json,
manalil,2026-02-22,9.674,2.141,2:15PM,Mostly Cloudy,26 to 31C,bmt_full_1164.json,
manalil,2026-02-23,10.598,2.135,1:40PM,Mostly Cloudy,25 to 32C,bmt_full_1164.json,
manalil,2026-02-24,11.421,2.051,1:50PM,Mostly Cloudy,26 to 31C,bmt_full_1164.json,
manalil,2026-02-25,11.132,2.163,1:30PM,Mostly Cloudy,26 to 32C,bmt_full_1164.json,
manalil,2026-02-26,10.861,2.112,1:25PM,Mostly Cloudy,26 to 32C,bmt_full_1164.json,
manalil,2026-02-27,8.877,2.303,1:30PM,Mostly Cloudy,27 to 32C,bmt_full_1164.json,
manalil,2026-02-28,0.0,0.0,12:00AM,Not Sure,24 to 32C,bmt_full_1164.json,zero
manalil,2026-03-01,10.909,2.158,1:05PM,Mostly Cloudy,24 to 32C,bmt_full_1164.json,
manalil,2026-03-02,11.055,2.14,1:00PM,Mostly Cloudy,25 to 32C,bmt_full_1164.json,
manalil,2026-03-03,10.807,2.123,1:35PM,Mostly Cloudy,25 to 32C,bmt_full_1164.json,
manalil,2026-03-04,10.846,2.257,1:25PM,Mostly Cloudy,24 to 32C,bmt_full_1164.json,
manalil,2026-03-05,11.323,2.144,1:10PM,Mostly Cloudy,26 to 32C,bmt_full_1164.json,
manalil,2026-03-06,10.684,2.185,1:00PM,Mostly Cloudy,26 to 32C,bmt_full_1164.json,
manalil,2026-03-07,11.2,2.118,1:10PM,Mostly Cloudy,27 to 32C,bmt_full_1164.json,
manalil,2026-03-08,11.13,2.074,12:55PM,Mostly Cloudy,26 to 32C,bmt_full_1164.json,
manalil,2026-03-09,11.006,2.086,1:20PM,Mostly Cloudy,27 to 32C,bmt_full_1164.json,
manalil,2026-03-10,11.843,2.216,1:15PM,Mostly Cloudy,25 to 33C,bmt_full_1164.json,
manalil,2026-03-11,11.031,2.467,1:15PM,Mostly Cloudy,26 to 32C,bmt_full_1164.json,
manalil,2026-03-12,11.821,2.207,1:25PM,Mostly Cloudy,26 to 32C,bmt_full_1164.json,
manalil,2026-03-13,10.572,2.606,1:20PM,Mostly Cloudy,27 to 32C,bmt_full_1164.json,
manalil,2026-03-14,12.121,2.231,1:30PM,Mostly Cloudy,26 to 33C,bmt_full_1164.json,
manalil,2026-03-15,12.352,2.277,1:00PM,Mostly Cloudy,26 to 32C,bmt_full_1164.json,
manalil,2026-03-16,11.916,2.167,1:10PM,Mostly Cloudy,27 to 33C,bmt_full_1164.json,
manalil,2026-03-17,11.659,2.185,1:15PM,Mostly Cloudy,27 to 32C,bmt_full_1164.json,
manalil,2026-03-18,10.691,2.411,1:35PM,Mostly Cloudy,27 to 33C,bmt_full_1164.json,
manalil,2026-03-19,11.701,2.234,12:50PM,Mostly Cloudy,27 to 32C,bmt_full_1164.json,
manalil,2026-03-20,12.666,2.202,12:55PM,Partly Cloudy,27 to 33C,bmt_full_1164.json,
manalil,2026-03-21,12.353,2.168,1:15PM,Mostly Cloudy,27 to 33C,bmt_full_1164.json,
manalil,2026-03-22,12.176,2.17,1:05PM,Mostly Cloudy,28 to 33C,bmt_full_1164.json,
manalil,2026-03-23,12.225,2.202,12:55PM,Mostly Cloudy,27 to 33C,bmt_full_1164.json,
manalil,2026-03-24,12.409,2.207,1:00PM,Partly Cloudy,27 to 34C,bmt_full_1164.json,
manalil,2026-03-25,11.565,2.196,1:05PM,Mostly Cloudy,26 to 33C,bmt_full_1164.json,
manalil,2026-03-26,12.203,2.23,12:45PM,Mostly Cloudy,26 to 33C,bmt_full_1164.json,
manalil,2026-03-27,12.493,2.178,1:00PM,Partly Cloudy,26 to 33C,bmt_full_1164.json,
manalil,2026-03-28,11.276,2.108,12:35PM,Mostly Cloudy,28 to 33C,bmt_full_1164.json,
manalil,2026-03-29,12.812,2.153,12:40PM,Partly Cloudy,26 to 34C,bmt_full_1164.json,
manalil,2026-03-30,12.712,2.167,12:45PM,Partly Cloudy,26 to 33C,bmt_full_1164.json,
manalil,2026-03-31,12.486,2.157,12:55PM,Partly Cloudy,26 to 34C,bmt_full_1164.json,
manalil,2026-04-01,12.613,2.152,12:30PM,Partly Cloudy,26 to 33C,bmt_full_1164.json,
manalil,2026-04-02,12.757,2.195,12:30PM,Partly Cloudy,26 to 33C,bmt_full_1164.json,
manalil,2026-04-03,5.402,1.922,2:05PM,Cloudy,28 to 34C,bmt_full_1164.json,
manalil,2026-04-04,12.126,2.303,12:05PM,Mostly Cloudy,27 to 34C,bmt_full_1164.json,
manalil,2026-04-05,11.034,2.176,12:30PM,Mostly Cloudy,28 to 34C,bmt_full_1164.json,
manalil,2026-04-06,8.2,2.519,12:55PM,Mostly Cloudy,27 to 34C,bmt_full_1164.json,
manalil,2026-04-07,9.29,2.26,12:00PM,Mostly Cloudy,26 to 33C,bmt_full_1164.json,
manalil,2026-04-08,14.38,2.254,12:20PM,Partly Cloudy,25 to 33C,bmt_full_1164.json,
manalil,2026-04-09,12.454,2.132,12:40PM,Partly Cloudy,25 to 33C,bmt_full_1164.json,
manalil,2026-04-10,12.423,2.132,12:00PM,Partly Cloudy,25 to 34C,bmt_full_1164.json,
manalil,2026-04-11,14.067,2.515,11:10AM,Partly Cloudy,25 to 33C,bmt_full_1164.json,
manalil,2026-04-12,13.253,2.254,1:35PM,Partly Cloudy,25 to 34C,bmt_full_1164.json,
manalil,2026-04-13,2.361,1.341,9:50AM,Showers,26 to 33C,bmt_full_1164.json,
manalil,2026-04-14,11.816,2.404,11:30AM,Mostly Cloudy,26 to 33C,bmt_full_1164.json,
manalil,2026-04-15,14.358,2.238,12:10PM,Partly Cloudy,25 to 33C,bmt_full_1164.json,
manalil,2026-04-16,5.973,1.787,10:15AM,Cloudy,26 to 34C,bmt_full_1164.json,
manalil,2026-04-17,12.323,2.231,1:30PM,Mostly Cloudy,25 to 33C,bmt_full_1164.json,
manalil,2026-04-18,13.353,2.221,12:25PM,Partly Cloudy,25 to 32C,bmt_full_1164.json,
manalil,2026-04-19,14.124,2.193,12:10PM,Partly Cloudy,26 to 32C,bmt_full_1164.json,
manalil,2026-04-20,14.067,2.217,12:35PM,Partly Cloudy,26 to 32C,bmt_full_1164.json,
manalil,2026-04-21,13.574,2.253,12:20PM,Partly Cloudy,26 to 32C,bmt_full_1164.json,
manalil,2026-04-22,14.964,2.254,12:25PM,Partly Cloudy,26 to 34C,bmt_full_1164.json,
manalil,2026-04-23,11.721,2.283,12:40PM,Mostly Cloudy,26 to 33C,bmt_full_1164.json,
manalil,2026-04-24,11.059,2.685,1:35PM,Mostly Cloudy,28 to 35C,bmt_full_1164.json,
manalil,2026-04-25,14.671,2.27,12:25PM,Partly Cloudy,28 to 33C,bmt_full_1164.json,
manalil,2026-04-26,14.843,2.223,11:55AM,Partly Cloudy,28 to 34C,bmt_full_1164.json,
manalil,2026-04-27,4.736,2.0,10:25AM,Cloudy,28 to 34C,bmt_full_1164.json,
manalil,2026-04-28,9.045,2.233,11:40AM,Mostly Cloudy,27 to 34C,bmt_full_1164.json,
manalil,2026-04-29,8.304,2.392,12:40PM,Mostly Cloudy,28 to 33C,bmt_full_1164.json,
manalil,2026-04-30,13.412,2.224,12:30PM,Partly Cloudy,27 to 34C,bmt_full_1164.json,
manalil,2026-05-01,14.772,2.205,12:00PM,Partly Cloudy,28 to 34C,bmt_full_1164.json,
manalil,2026-05-02,11.578,2.134,12:30PM,Mostly Cloudy,29 to 34C,bmt_full_1164.json,
manalil,2026-05-03,11.316,2.243,12:55PM,Mostly Cloudy,28 to 34C,bmt_full_1164.json,
manalil,2026-05-04,10.824,1.988,1:40PM,Mostly Cloudy,28 to 33C,bmt_full_1164.json,
manalil,2026-05-05,12.132,1.982,1:10PM,Mostly Cloudy,28 to 33C,bmt_full_1164.json,
manalil,2026-05-06,10.36,2.13,12:25PM,Mostly Cloudy,27 to 34C,bmt_full_1164.json,
manalil,2026-05-07,10.923,2.005,12:30PM,Mostly Cloudy,26 to 32C,bmt_full_1164.json,
manalil,2026-05-08,12.949,2.437,11:00AM,Partly Cloudy,25 to 32C,bmt_full_1164.json,
manalil,2026-05-09,6.41,2.666,11:40AM,Cloudy,25 to 30C,bmt_full_1164.json,
manalil,2026-05-10,9.422,1.822,11:50AM,Mostly Cloudy,26 to 32C,bmt_full_1164.json,
manalil,2026-05-11,12.641,2.534,11:55AM,Partly Cloudy,27 to 33C,bmt_full_1164.json,
manalil,2026-05-12,12.637,2.13,11:25AM,Partly Cloudy,28 to 33C,bmt_full_1164.json,
manalil,2026-05-13,10.304,1.858,12:20PM,Mostly Cloudy,27 to 33C,bmt_full_1164.json,
manalil,2026-05-14,10.057,2.554,1:40PM,Mostly Cloudy,28 to 32C,bmt_full_1164.json,
manalil,2026-05-15,6.689,1.504,3:30PM,Cloudy,26 to 30C,bmt_full_1164.json,
manalil,2026-05-16,6.885,1.907,2:25PM,Cloudy,25 to 30C,bmt_full_1164.json,
manalil,2026-05-17,6.021,2.702,12:00PM,Cloudy,26 to 29C,bmt_full_1164.json,
manalil,2026-05-18,11.291,2.763,12:55PM,Mostly Cloudy,26 to 31C,bmt_full_1164.json,
manalil,2026-05-19,14.292,2.566,12:40PM,Partly Cloudy,25 to 32C,bmt_full_1164.json,
manalil,2026-05-20,14.008,2.565,12:20PM,Partly Cloudy,27 to 32C,bmt_full_1164.json,
manalil,2026-05-21,11.905,2.699,11:00AM,Mostly Cloudy,26 to 32C,bmt_full_1164.json,
manalil,2026-05-22,9.882,2.629,11:00AM,Mostly Cloudy,26 to 31C,bmt_full_1164.json,
manalil,2026-05-23,14.061,2.307,1:20PM,Partly Cloudy,27 to 32C,bmt_full_1164.json,
manalil,2026-05-24,9.48,2.67,12:40PM,Mostly Cloudy,25 to 30C,bmt_full_1164.json,
manalil,2026-05-25,11.61,2.301,1:15PM,Mostly Cloudy,26 to 31C,bmt_full_1164.json,
manalil,2026-05-26,12.096,2.732,12:20PM,Mostly Cloudy,27 to 32C,bmt_full_1164.json,
manalil,2026-05-27,9.566,2.761,1:10PM,Mostly Cloudy,27 to 31C,bmt_full_1164.json,
manalil,2026-05-28,5.197,2.76,11:40AM,Cloudy,27 to 30C,bmt_full_1164.json,
manalil,2026-05-29,9.594,2.698,10:50AM,Mostly Cloudy,25 to 31C,bmt_full_1164.json,
manalil,2026-05-30,4.571,2.274,9:25AM,Cloudy,26 to 31C,bmt_full_1164.json,
manalil,2026-05-31,10.986,2.658,11:05AM,Mostly Cloudy,26 to 30C,bmt_full_1164.json,
manalil,2026-06-01,16.007,2.258,10:35AM,Fine,27 to 32C,bmt_full_1164.json,
manalil,2026-06-02,14.317,2.904,1:35PM,Partly Cloudy,26 to 32C,bmt_full_1164.json,
manalil,2026-06-03,13.053,2.611,10:25AM,Partly Cloudy,25 to 28C,bmt_full_1164.json,
manalil,2026-06-04,7.39,2.712,11:15AM,Cloudy,26 to 28C,bmt_full_1164.json,
manalil,2026-06-05,11.051,2.59,12:10PM,Mostly Cloudy,26 to 28C,bmt_full_1164.json,
manalil,2026-06-06,13.432,2.599,12:05PM,Partly Cloudy,25 to 28C,bmt_full_1164.json,
manalil,2026-06-07,9.204,2.731,12:50PM,Mostly Cloudy,26 to 28C,bmt_full_1164.json,
manalil,2026-06-08,8.215,2.135,12:45PM,Mostly Cloudy,26 to 28C,bmt_full_1164.json,
manalil,2026-06-09,13.197,2.559,12:45PM,Partly Cloudy,26 to 28C,bmt_full_1164.json,
manalil,2026-06-10,5.01,2.577,10:50AM,Cloudy,25 to 29C,bmt_full_1164.json,
manalil,2026-06-11,7.902,2.378,12:30PM,Mostly Cloudy,26 to 29C,bmt_full_1164.json,
manalil,2026-06-12,8.073,2.639,1:25PM,Mostly Cloudy,25 to 28C,bmt_full_1164.json,
manalil,2026-06-13,8.956,2.57,11:35AM,Mostly Cloudy,25 to 29C,bmt_full_1164.json,
manalil,2026-06-14,9.986,2.253,11:30AM,Mostly Cloudy,24 to 29C,bmt_full_1164.json,
manalil,2026-06-15,13.75,2.331,1:20PM,Partly Cloudy,25 to 29C,bmt_full_1164.json,
manalil,2026-06-16,14.049,2.293,11:15AM,Partly Cloudy,26 to 29C,bmt_full_1164.json,
manalil,2026-06-17,5.707,2.737,12:20PM,Cloudy,26 to 29C,bmt_full_1164.json,
manalil,2026-06-18,11.638,2.716,12:45PM,Mostly Cloudy,25 to 29C,bmt_full_1164.json,
manalil,2026-06-19,14.238,2.247,12:55PM,Partly Cloudy,24 to 29C,bmt_full_1164.json,
manalil,2026-06-20,12.721,2.269,11:40AM,Partly Cloudy,24 to 29C,bmt_full_1164.json,
manalil,2026-06-21,13.453,2.266,11:15AM,Partly Cloudy,25 to 30C,bmt_full_1164.json,
manalil,2026-06-22,11.884,2.793,10:55AM,Mostly Cloudy,25 to 28C,bmt_full_1164.json,
manalil,2026-06-23,9.922,2.14,2:10PM,Mostly Cloudy,25 to 29C,bmt_full_1164.json,
manalil,2026-06-24,14.714,2.404,12:50PM,Partly Cloudy,25 to 29C,bmt_full_1164.json,
manalil,2026-06-25,14.355,2.453,11:40AM,Partly Cloudy,25 to 30C,bmt_full_1164.json,
manalil,2026-06-26,7.912,2.299,10:05AM,Mostly Cloudy,25 to 30C,bmt_full_1164.json,
manalil,2026-06-27,15.053,2.289,11:55AM,Partly Cloudy,25 to 29C,bmt_full_1164.json,
manalil,2026-06-28,6.705,2.497,11:25AM,Cloudy,25 to 29C,bmt_full_1164.json,
manalil,2026-06-29,8.879,2.96,1:25PM,Mostly Cloudy,25 to 29C,bmt_full_1164.json,
manalil,2026-06-30,12.076,3.016,12:40PM,Mostly Cloudy,25 to 30C,bmt_full_1164.json,
manalil,2026-07-01,13.603,2.739,11:55AM,Partly Cloudy,25 to 29C,bmt_full_1164.json,
manalil,2026-07-02,14.838,2.736,1:20PM,Partly Cloudy,24 to 29C,bmt_full_1164.json,
manalil,2026-07-03,12.776,2.553,12:40PM,Partly Cloudy,25 to 29C,bmt_full_1164.json,
manalil,2026-07-04,5.355,2.7,12:00PM,Cloudy,25 to 29C,bmt_full_1164.json,
manalil,2026-07-05,14.674,2.479,1:45PM,Partly Cloudy,25 to 29C,bmt_full_1164.json,
manalil,2026-07-06,15.56,2.293,12:55PM,Fine,25 to 29C,bmt_full_1164.json,
manalil,2026-07-07,14.706,2.134,12:50PM,Partly Cloudy,25 to 29C,bmt_full_1164.json,
manalil,2026-07-08,14.869,2.329,2:10PM,Partly Cloudy,26 to 30C,bmt_full_1164.json,
manalil,2026-07-09,12.605,2.472,1:05PM,Partly Cloudy,25 to 30C,bmt_full_1164.json,
manalil,2026-07-10,7.156,2.575,1:55PM,Cloudy,25 to 29C,bmt_full_1164.json,
manalil,2026-07-11,14.739,2.475,12:05PM,Partly Cloudy,25 to 29C,bmt_full_1164.json,
manalil,2026-07-12,14.557,2.201,12:10PM,Partly Cloudy,25 to 29C,bmt_full_1164.json,
manalil,2026-07-13,13.473,2.314,1:45PM,Partly Cloudy,25 to 30C,bmt_full_1164.json,
manalil,2026-07-14,13.861,2.397,11:20AM,Partly Cloudy,25 to 30C,bmt_full_1164.json,
manalil,2026-07-15,12.977,2.106,10:55AM,Partly Cloudy,24 to 30C,bmt_full_1164.json,
manalil,2026-07-16,12.098,2.078,1:35PM,Mostly Cloudy,24 to 29C,bmt_full_1164.json,
manalil,2026-07-17,14.427,2.218,12:40PM,Partly Cloudy,24 to 29C,bmt_full_1164.json,
manalil,2026-07-18,14.938,2.427,11:55AM,Partly Cloudy,24 to 29C,bmt_full_1164.json,
manalil,2026-07-19,14.445,2.195,12:10PM,Partly Cloudy,24 to 29C,bmt_full_1164.json,
manalil,2026-07-20,14.326,2.381,12:20PM,Partly Cloudy,24 to 29C,bmt_full_1164.json,
manalil,2026-07-21,9.364,2.432,1:20PM,Mostly Cloudy,24 to 29C,bmt_full_1164.json,
manalil,2026-07-22,14.633,2.269,11:55AM,Partly Cloudy,24 to 29C,gaps_82.json,gap_filled
manalil,2026-07-23,14.024,2.313,11:45AM,Partly Cloudy,24 to 29C,gaps_82.json,gap_filled
manalil,2026-07-24,15.372,2.287,12:25PM,Partly Cloudy,25 to 30C,gaps_82.json,gap_filled
manalil,2026-07-25,14.77,2.328,12:00PM,Partly Cloudy,25 to 29C,gaps_82.json,gap_filled
manalil,2026-07-26,15.084,2.355,12:25PM,Partly Cloudy,25 to 30C,gaps_82.json,gap_filled
manalil,2026-07-27,15.028,2.371,3:05PM,Partly Cloudy,25 to 29C,gaps_82.json,gap_filled
manalil,2026-07-28,14.452,2.351,1:10PM,Partly Cloudy,25 to 29C,gaps_82.json,gap_filled
manalil,2026-07-29,12.876,2.692,2:30PM,Partly Cloudy,25 to 29C,gaps_82.json,gap_filled
manalil,2026-07-30,15.009,2.22,12:00PM,Partly Cloudy,25 to 29C,gaps_82.json,gap_filled
manalil,2026-07-31,13.243,2.381,12:15PM,Partly Cloudy,25 to 30C,gaps_82.json,gap_filled
manalil,2026-08-01,2.076,0.88,11:20AM,Showers,24 to 26C,gaps_82.json,gap_filled
manalil,2026-08-02,8.406,2.444,2:00PM,Mostly Cloudy,24 to 29C,gaps_82.json,gap_filled
manalil,2026-08-03,9.802,2.303,12:35PM,Mostly Cloudy,24 to 26C,gaps_82.json,gap_filled
manalil,2026-08-04,6.458,2.281,1:45PM,Cloudy,24 to 28C,gaps_82.json,gap_filled
manalil,2026-08-05,13.383,2.818,1:20PM,Partly Cloudy,23 to 28C,gaps_82.json,gap_filled
manalil,2026-08-06,6.809,2.126,11:15AM,Cloudy,24 to 28C,gaps_82.json,gap_filled
manalil,2026-08-07,9.546,2.809,12:20PM,Mostly Cloudy,24 to 27C,gaps_82.json,gap_filled
manalil,2026-08-08,6.416,1.823,11:55AM,Cloudy,24 to 27C,gaps_82.json,gap_filled
manalil,2026-08-09,12.94,2.605,12:20PM,Partly Cloudy,24 to 28C,gaps_82.json,gap_filled
manalil,2026-08-10,14.756,2.404,12:35PM,Partly Cloudy,24 to 28C,gaps_82.json,gap_filled
manalil,2026-08-11,12.698,2.691,12:45PM,Partly Cloudy,24 to 28C,gaps_82.json,gap_filled
manalil,2026-08-12,12.704,2.418,1:35PM,Partly Cloudy,24 to 28C,gaps_82.json,gap_filled
manalil,2026-08-13,14.67,2.302,12:15PM,Partly Cloudy,24 to 29C,gaps_82.json,gap_filled
manalil,2026-08-14,14.511,2.692,12:25PM,Partly Cloudy,25 to 30C,gaps_82.json,gap_filled
manalil,2026-08-15,13.325,2.238,1:30PM,Partly Cloudy,25 to 30C,gaps_82.json,gap_filled
manalil,2026-08-16,13.202,2.541,12:00PM,Partly Cloudy,24 to 30C,gaps_82.json,gap_filled
manalil,2026-08-17,12.286,2.373,12:00PM,Mostly Cloudy,25 to 30C,gaps_82.json,gap_filled
manalil,2026-08-18,15.047,2.337,12:20PM,Partly Cloudy,25 to 30C,gaps_82.json,gap_filled
manalil,2026-08-19,14.921,2.286,12:30PM,Partly Cloudy,25 to 29C,gaps_82.json,gap_filled
manalil,2026-08-20,13.031,2.338,12:20PM,Partly Cloudy,24 to 30C,gaps_82.json,gap_filled
manalil,2026-08-21,12.37,2.459,1:15PM,Partly Cloudy,26 to 30C,gaps_82.json,gap_filled
manalil,2026-08-22,12.668,2.265,1:00PM,Partly Cloudy,26 to 31C,gaps_82.json,gap_filled
manalil,2026-08-23,12.195,2.576,2:40PM,Mostly Cloudy,25 to 30C,gaps_82.json,gap_filled
manalil,2026-08-24,11.356,2.662,12:20PM,Mostly Cloudy,24 to 30C,gaps_82.json,gap_filled
manalil,2026-08-25,11.467,2.482,1:00PM,Mostly Cloudy,24 to 29C,gaps_82.json,gap_filled
manalil,2026-08-26,10.201,2.704,12:00PM,Mostly Cloudy,24 to 28C,gaps_82.json,gap_filled
manalil,2026-08-27,11.587,2.744,11:25AM,Mostly Cloudy,25 to 29C,gaps_82.json,gap_filled
manalil,2026-08-28,13.195,2.34,1:20PM,Partly Cloudy,25 to 29C,gaps_82.json,gap_filled
manalil,2026-08-29,13.712,2.316,12:35PM,Partly Cloudy,26 to 30C,gaps_82.json,gap_filled
manalil,2026-08-30,12.096,2.309,1:35PM,Mostly Cloudy,26 to 30C,gaps_82.json,gap_filled
manalil,2026-08-31,11.036,2.373,12:25PM,Mostly Cloudy,26 to 30C,bmt_full_1164.json,
manalil,2026-09-01,14.689,2.354,12:20PM,Partly Cloudy,26 to 31C,bmt_full_1164.json,
manalil,2026-09-02,13.738,2.313,12:25PM,Partly Cloudy,26 to 30C,bmt_full_1164.json,
manalil,2026-09-03,13.281,2.553,12:35PM,Partly Cloudy,26 to 31C,bmt_full_1164.json,
manalil,2026-09-04,13.601,2.233,12:35PM,Partly Cloudy,26 to 31C,bmt_full_1164.json,
manalil,2026-09-05,13.018,2.234,12:25PM,Partly Cloudy,26 to 32C,bmt_full_1164.json,
manalil,2026-09-06,12.431,2.222,12:20PM,Partly Cloudy,26 to 32C,bmt_full_1164.json,
manalil,2026-09-07,12.774,2.159,12:45PM,Partly Cloudy,26 to 32C,bmt_full_1164.json,
manalil,2026-09-08,13.028,2.266,12:35PM,Partly Cloudy,26 to 32C,bmt_full_1164.json,
manalil,2026-09-09,13.24,2.253,12:25PM,Partly Cloudy,26 to 31C,bmt_full_1164.json,
manalil,2026-09-10,12.546,2.254,12:50PM,Partly Cloudy,26 to 32C,bmt_full_1164.json,
manalil,2026-09-11,13.009,2.224,12:20PM,Partly Cloudy,26 to 32C,bmt_full_1164.json,
manalil,2026-09-12,13.276,2.305,12:25PM,Partly Cloudy,26 to 34C,bmt_full_1164.json,
manalil,2026-09-13,9.162,2.245,12:20PM,Mostly Cloudy,26 to 32C,bmt_full_1164.json,
manalil,2026-09-14,10.938,2.567,1:40PM,Mostly Cloudy,27 to 32C,bmt_full_1164.json,
manalil,2026-09-15,11.733,2.13,1:20PM,Mostly Cloudy,26 to 32C,bmt_full_1164.json,
manalil,2026-09-16,11.612,2.346,12:45PM,Mostly Cloudy,26 to 32C,bmt_full_1164.json,
manalil,2026-09-17,12.439,2.516,12:15PM,Partly Cloudy,26 to 31C,bmt_full_1164.json,
manalil,2026-09-18,12.349,2.22,12:25PM,Mostly Cloudy,26 to 32C,bmt_full_1164.json,
manalil,2026-09-19,9.199,2.461,12:25PM,Mostly Cloudy,27 to 32C,bmt_full_1164.json,
manalil,2026-09-20,6.441,2.721,12:10PM,Cloudy,25 to 30C,bmt_full_1164.json,
manalil,2026-09-21,7.201,2.054,2:55PM,Cloudy,25 to 30C,bmt_full_1164.json,
manalil,2026-09-22,12.142,2.23,12:55PM,Mostly Cloudy,26 to 31C,bmt_full_1164.json,
manalil,2026-09-23,11.416,2.217,12:35PM,Mostly Cloudy,26 to 31C,bmt_full_1164.json,
manalil,2026-09-24,9.647,2.488,12:00PM,Mostly Cloudy,26 to 31C,bmt_full_1164.json,
manalil,2026-09-25,8.2,1.294,2:35PM,Mostly Cloudy,27 to 30C,bmt_full_1164.json,
manalil,2026-09-26,9.958,2.753,12:25PM,Mostly Cloudy,26 to 31C,bmt_full_1164.json,
manalil,2026-09-27,12.137,2.242,12:45PM,Mostly Cloudy,26 to 31C,bmt_full_1164.json,
manalil,2026-09-28,10.711,2.131,12:50PM,Mostly Cloudy,26 to 32C,bmt_full_1164.json,
manalil,2026-09-29,11.93,2.184,12:20PM,Mostly Cloudy,26 to 32C,bmt_full_1164.json,
manalil,2026-09-30,12.026,2.22,12:10PM,Mostly Cloudy,27 to 32C,bmt_full_1164.json,
manalil,2026-10-01,6.835,2.09,1:00PM,Cloudy,26 to 32C,bmt_full_1164.json,
manalil,2026-10-02,9.195,2.255,12:35PM,Mostly Cloudy,25 to 31C,bmt_full_1164.json,
manalil,2026-10-03,7.1,1.873,2:55PM,Cloudy,26 to 31C,bmt_full_1164.json,
manalil,2026-10-04,11.69,2.091,12:30PM,Mostly Cloudy,25 to 32C,bmt_full_1164.json,
manalil,2026-10-05,10.591,2.137,12:35PM,Mostly Cloudy,26 to 32C,bmt_full_1164.json,
manalil,2026-10-06,9.952,2.076,12:10PM,Mostly Cloudy,24 to 32C,bmt_full_1164.json,
manalil,2026-10-07,8.696,1.803,12:30PM,Mostly Cloudy,26 to 31C,bmt_full_1164.json,
manalil,2026-10-08,8.063,2.802,12:20PM,Mostly Cloudy,23 to 32C,bmt_full_1164.json,
manalil,2026-10-09,0.0,0.0,12:00AM,Not Sure,26 to 27C,bmt_full_1164.json,partial;zero
